RUC,TOTAL
10000567626,5
10000618336,6
10000792069,5
10000875291,6
10000908954,8
10001046191,6
10001092737,6
10001187886,5
10001278130,5
10001295221,6
10001597189,8
10001871574,7
10002008268,6
10002104755,7
10002105212,6
10002109790,15
10002132660,5
10002166823,12
10002199233,5
10002202731,5
10002335935,8
10002407642,12
10002473157,5
10002520198,9
10002522689,6
10003205415,12
10003219068,10
10003279869,5
10003283831,7
10003719117,6
10003741767,5
10004037621,5
10004073881,5
10004130541,12
10004155977,7
10004179477,5
10004292851,6
10004306673,6
10004347086,6
10004349071,11
10004726559,5
10004766097,11
10004771503,5
10004843016,5
10004854697,11
10004857904,6
10004889679,6
10004901351,12
10004907294,6
10004913855,7
10004916544,16
10004944955,8
10004952915,5
10004960420,7
10004982491,7
10004995738,5
10005099256,8
10005139398,6
10005167669,6
10006627761,5
10006684799,7
10006837170,13
10007915255,5
10007929655,6
10007946584,10
10008028252,7
10008077555,7
10008111273,7
10008156692,11
10008160126,6
10008218043,5
10008323211,6
10008688155,9
10009062420,5
10009315336,11
10009531501,5
10009552125,6
10009613574,6
10009666261,6
10009673976,18
10009683912,8
10009815941,7
10009829887,8
10010409549,8
10010442571,6
10010455567,5
10010458507,6
10010612115,9
10010626507,7
10010650891,9
10010672428,8
10010850113,9
10010903748,9
10010913492,6
10011006120,5
10011048060,7
10011067412,5
10011077132,7
10011079305,7
10011093502,8
10011218071,6
10011233932,6
10011249910,9
10011307561,6
10011310571,5
10011311623,5
10011318512,10
10011327210,7
10011438291,5
10011438437,6
10011494728,5
10011525852,6
10011549603,6
10011549921,6
10011567041,6
10011590212,7
10011607042,9
10011612348,5
10011638126,11
10011662922,5
10011740702,6
10012037525,6
10012128521,14
10012883213,5
10012923851,5
10012969096,6
10013065247,7
10013186486,6
10013251326,5
10013324641,11
10014913870,9
10015180698,6
10015431178,9
10015467393,5
10015595936,6
10016834101,5
10016933690,5
10016960514,7
10018704451,6
10020464211,12
10021462778,5
10022693013,5
10022707791,5
10022923132,5
10022961531,5
10023622756,7
10023629017,5
10023883274,7
10023887156,10
10024026936,10
10024054921,8
10024139714,8
10024154888,10
10024183829,7
10024185775,5
10024231572,11
10024254033,8
10024254572,11
10024256168,8
10024449004,7
10024453478,11
10024475005,7
10024489090,5
10024494166,9
10025269689,9
10025276201,7
10025308757,5
10025310158,6
10025313360,5
10025314307,6
10025341835,5
10025342173,7
10025429571,6
10025430188,5
10025438804,5
10025442640,6
10025447099,13
10026028511,5
10026061836,10
10026080172,9
10026082388,16
10026082698,10
10026099388,10
10026166654,13
10026180576,17
10026192400,8
10026259008,6
10026268376,6
10026297503,10
10026311166,9
10026406841,8
10026409433,11
10026414941,6
10026437062,5
10026442031,5
10026458736,8
10026473255,5
10026615602,15
10026714023,5
10026800949,6
10026808168,14
10027060558,9
10027390353,10
10027394898,10
10027405393,11
10027406624,18
10027408902,13
10027414872,8
10027425050,10
10027433460,9
10027433991,7
10027441748,9
10027450968,12
10027565633,9
10027566494,14
10027568667,7
10027570076,9
10027572940,6
10027573351,12
10027573440,12
10027573466,12
10027573580,11
10027575671,12
10027575906,13
10027576040,12
10027585791,11
10027587769,11
10027589249,11
10027589281,8
10027590921,9
10027591618,13
10027593343,10
10027593351,17
10027658836,5
10027668611,5
10027710340,9
10027725959,6
10027811120,5
10027811294,10
10027860155,6
10027901030,5
10028021581,9
10028037878,10
10028053709,5
10028071481,8
10028092810,13
10028092879,9
10028092968,11
10028093867,9
10028100871,9
10028108554,16
10028220494,7
10028246035,6
10028288374,6
10028359531,6
10028370771,7
10028370895,6
10028371352,15
10028371930,13
10028397491,5
10028402070,13
10028432114,7
10028454070,5
10028483860,13
10028525830,21
10028542424,12
10028572366,8
10028573354,14
10028612767,5
10028702081,6
10028738884,8
10028740480,9
10028800997,6
10028818802,6
10028934829,9
10028935949,8
10028997081,13
10030867667,6
10030978370,5
10032365944,8
10032379589,5
10032433923,5
10033040895,6
10033140571,8
10033351068,8
10034654145,10
10034659287,5
10034670523,10
10034734149,10
10034924096,9
10035003466,16
10035022240,13
10035060656,5
10035088542,7
10035621119,5
10035710189,7
10035735025,8
10035788528,12
10035793521,23
10035838037,9
10035955297,10
10035957087,13
10036089216,5
10036362834,11
10036419089,5
10036441611,9
10036600620,6
10036630146,8
10036690424,6
10036971407,7
10036985360,5
10038424306,7
10038437106,10
10038453004,13
10038464821,13
10038520267,5
10038677425,7
10038744238,6
10038762295,15
10038843627,8
10038847096,8
10038873291,9
10038926671,13
10040038065,9
10040124808,9
10040139643,12
10040140781,7
10040203139,10
10040212286,7
10040383633,5
10040517028,5
10040535221,6
10040559138,5
10040637911,6
10040721172,15
10040829411,7
10042209258,7
10042212232,6
10043001782,12
10043004927,5
10043010951,5
10043013365,5
10043020621,5
10043021147,5
10043023522,7
10043031037,6
10043032955,10
10043046344,5
10043053308,9
10043073961,5
10043074402,8
10043090246,6
10043116628,6
10043162174,7
10043197512,5
10043218595,8
10043223173,13
10043283940,8
10043383855,10
10043393273,5
10043407002,10
10044115528,17
10044157816,10
10044282726,9
10046431991,18
10046474185,6
10048007860,6
10048035774,5
10048042096,6
10048052741,7
10048082713,12
10048101301,7
10048120631,5
10048121794,5
10048137569,11
10048183943,6
10048191679,13
10048208326,5
10048220385,6
10048225085,7
10048237962,6
10048247437,12
10048250241,5
10048253640,5
10048261391,5
10048284316,10
10049617084,5
10049619877,6
10050709251,6
10052428217,7
10052455478,10
10052494554,11
10052551833,5
10052682041,6
10052792784,6
10053253411,10
10053478188,6
10053640392,6
10053655161,6
10053691540,11
10053845342,7
10053848899,5
10053934680,6
10053938405,5
10056142580,5
10056424194,5
10059336491,8
10060028686,11
10060064771,9
10060077814,8
10060446267,7
10060488474,10
10060513738,9
10060768159,6
10060845099,7
10060946880,10
10061066387,6
10061312591,5
10061426979,5
10061546974,7
10061642736,5
10061932572,6
10062214657,5
10062689299,5
10062903649,5
10062944850,8
10063228716,5
10064143561,8
10064350230,5
10064814392,5
10065569073,6
10065597034,6
10065731075,7
10065755080,7
10066391073,8
10066693843,7
10066694751,5
10066707763,11
10066724561,9
10066868953,9
10067010766,5
10067030058,5
10067359971,6
10067501387,8
10067519618,6
10067701394,10
10067801356,7
10067808466,8
10067816612,5
10067848140,19
10067904066,8
10068031155,6
10068813439,6
10068870475,6
10069160552,5
10069194520,6
10069468395,6
10069652862,8
10069835771,7
10070034650,21
10070191631,5
10070316485,7
10070351001,5
10070377425,9
10070452672,8
10070886672,5
10070892354,9
10071460091,8
10071815426,8
10071863901,6
10071917865,7
10071929693,10
10071958138,17
10072019381,5
10072047295,7
10072212172,7
10072229539,6
10072315427,8
10072376906,5
10072442429,9
10072492094,7
10072623873,5
10072735272,21
10072782416,8
10072955850,5
10073193350,9
10073312634,5
10073333771,5
10073971638,6
10074045117,5
10074428750,9
10074493918,5
10074623251,5
10074727315,6
10074793709,7
10074815923,9
10074910187,17
10074915910,6
10074930277,14
10075031608,8
10075050041,5
10075078795,6
10075089134,10
10075142132,5
10075194752,5
10075260046,5
10075370151,8
10075412024,5
10075521605,9
10075522881,8
10075525023,6
10075534227,7
10075573974,6
10075809455,5
10076062434,21
10076073215,5
10076108272,15
10076217233,11
10076248473,8
10076259556,6
10076304594,5
10076452275,7
10076463226,8
10076603711,7
10076672101,12
10076707184,23
10076925092,5
10076932595,7
10076950607,19
10077006309,21
10077117615,22
10077217822,5
10077392900,8
10077413737,5
10077464382,5
10077479002,5
10077631386,10
10077640199,20
10077744318,21
10077763851,5
10077854423,6
10077910251,8
10077910455,16
10077921538,9
10078019064,6
10078028331,6
10078046461,7
10078102719,5
10078208070,6
10078277357,7
10078349323,19
10078366112,5
10078397280,5
10078573878,8
10078639224,5
10078677894,22
10078752276,8
10078858210,5
10079403402,6
10079403445,6
10079412479,10
10079614888,7
10079651023,9
10079660367,9
10079976828,5
10079977344,8
10079987765,11
10080630081,6
10080882411,10
10080907180,5
10081182197,6
10081349482,21
10081444400,7
10081460391,8
10081467353,5
10081486234,6
10081578805,6
10081775384,5
10081870557,6
10081898451,6
10081919149,20
10081928539,9
10081998642,21
10082011019,6
10082013054,9
10082047447,5
10082076111,6
10082099943,5
10082112362,21
10082126649,5
10082246679,9
10082307961,23
10082314135,9
10082379563,7
10082386039,7
10082420822,20
10082439060,22
10082508291,18
10082557097,7
10082598257,5
10082625408,6
10082665230,5
10082679311,8
10082714699,9
10082873568,5
10082940982,8
10083083943,5
10083178103,7
10084276630,5
10084580401,6
10084785259,14
10085340765,6
10085573425,6
10085901708,5
10086515089,7
10086837825,10
10086838228,6
10086882651,6
10086885081,5
10087214708,21
10087226480,6
10087255196,5
10087387777,5
10087453109,9
10087560398,5
10087689048,5
10087728728,6
10087742054,9
10087851945,6
10087860723,6
10087982039,5
10087989050,5
10088138622,6
10088245330,5
10088246743,6
10088726664,6
10089429400,6
10089443780,11
10089728661,6
10090090637,20
10090148732,8
10090291331,5
10090325073,5
10090378169,7
10090508178,8
10090549575,6
10090579504,9
10090594431,9
10090880778,7
10090894876,7
10091226494,8
10091233491,7
10091388583,6
10091467114,6
10091479791,6
10091635050,8
10091652272,17
10091729160,5
10091753061,9
10091765450,10
10092281804,5
10092713780,7
10092946831,5
10093042285,5
10093238155,6
10093268011,6
10093346870,5
10093365238,7
10093376001,5
10093435911,5
10093522791,5
10093560391,8
10093667188,5
10093774235,7
10093836842,11
10093860603,6
10093895768,21
10093900826,7
10093924415,6
10093948870,11
10093972835,8
10094300504,5
10094312421,5
10094353942,6
10094409581,13
10094450409,8
10094464400,5
10094564927,7
10094635450,5
10094637339,5
10094810995,5
10094912291,5
10095164418,8
10095261316,8
10095334615,22
10095386640,6
10095386828,21
10095522888,8
10095558807,5
10095595761,18
10095681145,6
10095802198,8
10095843285,6
10095869471,6
10095917092,12
10095934078,11
10095995115,6
10096002870,6
10096426670,13
10096432548,5
10096503933,7
10096605990,6
10096701557,22
10096713873,21
10096745449,5
10096770478,7
10097069633,5
10097172205,6
10097276612,6
10097415931,20
10097470559,8
10097563107,6
10097618874,9
10097715462,9
10097729676,19
10097884965,5
10098016711,5
10098024501,5
10098208165,23
10098413303,11
10098656907,5
10098685061,9
10098687691,7
10098736978,6
10098779367,5
10098864534,5
10098943396,8
10099023975,7
10099034233,5
10099394051,9
10099439560,6
10099567843,5
10099595812,8
10099771033,5
10099789421,5
10099965849,6
10100038248,14
10100193812,5
10100224033,7
10100241591,7
10100390278,8
10100477799,7
10100529161,5
10100581383,5
10100687475,7
10100763309,11
10100795022,8
10101102241,21
10101203145,6
10101204869,7
10101276380,5
10101348763,8
10101445742,6
10101476320,10
10101619210,5
10101772808,5
10101988941,7
10102181137,5
10102256676,7
10102465968,7
10102726443,15
10102772291,7
10102790877,13
10102801721,11
10102826588,10
10103093118,11
10103114671,6
10103145142,6
10103162438,12
10103211013,7
10103214896,5
10103362755,7
10103445651,8
10103454731,6
10103483269,5
10103510975,5
10103557459,7
10103591908,5
10103660829,5
10103681184,7
10103711814,11
10103785745,6
10103792946,7
10103802887,10
10103821296,6
10103839098,9
10104081008,5
10104221969,7
10104302179,6
10104466252,6
10104554437,5
10104558394,5
10104717387,9
10104719941,21
10104766949,10
10104787814,6
10104899248,5
10104901951,10
10104959119,17
10105208290,5
10105281086,6
10105309541,6
10105447120,7
10105447421,15
10105483631,5
10105511154,7
10105601374,12
10105790321,5
10105822681,5
10105863832,5
10106746961,5
10106820240,5
10106938178,8
10107062543,5
10107214386,13
10107308003,12
10107539781,5
10107553491,5
10107745756,10
10107882702,5
10107903211,6
10108082190,11
10108110363,9
10108756255,7
10108865160,7
10152106811,6
10152929167,5
10152997740,6
10153443420,6
10153535057,21
10153536151,5
10153575326,7
10153586573,9
10153742893,7
10153837908,9
10154044600,13
10154052882,5
10154055431,5
10154091021,8
10154091551,7
10154142121,6
10154189217,7
10154250218,5
10154323045,6
10154397642,6
10154467489,5
10155802427,21
10155820883,10
10155845363,10
10155859071,6
10155906788,7
10155984886,6
10156269714,6
10156281935,8
10156333021,5
10156348193,9
10156370423,5
10156371110,9
10156412304,5
10156461771,5
10156466200,5
10156479930,7
10156613202,5
10156841248,6
10156881649,5
10156935412,6
10157002690,5
10157107874,6
10157251134,6
10157256691,5
10157273090,5
10157348201,5
10157443289,5
10157463867,6
10157500495,13
10157501807,5
10157503320,7
10157504792,7
10157510440,5
10157534101,7
10157542350,7
10157600422,6
10157607079,13
10157650837,6
10158401962,5
10158446508,5
10158461434,11
10158490949,5
10158541110,8
10158560611,5
10158596313,7
10158597905,9
10158601325,12
10158620770,6
10158621016,9
10158634088,7
10159402491,5
10159529610,8
10159537302,6
10159545569,7
10159607165,6
10159650001,5
10159711183,6
10159805854,7
10159824549,6
10159854243,6
10160042457,7
10160083684,6
10160129196,7
10160178995,6
10160198341,5
10161270585,5
10164058706,19
10164071095,9
10164120550,5
10164169150,15
10164196289,11
10164256818,6
10164660775,23
10164696281,6
10164724692,5
10164768321,5
10164836342,5
10165234583,5
10165255661,6
10165303909,5
10165354091,7
10165450740,7
10165632244,6
10165634450,7
10165883981,5
10165888711,7
10165999431,5
10166002708,12
10166088467,6
10166181386,13
10166241141,11
10166268341,7
10166285475,5
10166372793,5
10166503502,6
10166577131,14
10166612590,7
10166622820,5
10166668773,5
10166679457,5
10166709038,7
10166864963,8
10166878212,12
10166894315,12
10166938886,6
10166992031,5
10166992902,7
10167003112,6
10167026201,8
10167027747,5
10167041332,9
10167063565,7
10167086204,5
10167116481,5
10167262541,5
10167279584,9
10167281911,5
10167577763,5
10167582309,9
10167593203,9
10167636832,5
10167658232,6
10167678250,6
10167744546,6
10167848201,7
10167862867,5
10167900831,9
10167913038,5
10167994224,6
10168005500,6
10168069648,6
10174501454,10
10175293031,7
10175307678,6
10175322049,6
10175745390,5
10175749077,7
10176039685,8
10176099068,14
10176194940,18
10176280986,5
10176281648,5
10176294626,6
10176406882,9
10176407471,10
10178030146,6
10178039372,5
10178047677,5
10178076138,5
10178104433,5
10178151491,5
10178159831,9
10178191000,8
10178191913,5
10178192821,6
10178228124,7
10178244006,5
10178308217,7
10178338337,10
10178363587,6
10178367060,15
10178375291,10
10178422052,12
10178449813,9
10178471363,5
10178483728,16
10178589224,6
10178621063,9
10178637768,17
10178813825,5
10178834385,6
10178869111,5
10178902895,21
10178949913,7
10178957436,6
10178999325,5
10179013261,5
10179013270,7
10179026436,6
10179070729,11
10179080414,9
10179108220,6
10179108793,8
10179120084,8
10179136746,14
10179222014,5
10179224122,5
10179238115,6
10179239782,12
10179240381,5
10179254714,5
10179322353,5
10179384812,14
10179399631,7
10179675248,15
10179675353,15
10179704787,10
10179749021,6
10179773746,6
10179873350,9
10180006023,5
10180049920,5
10180118778,5
10180119260,8
10180194385,13
10180212391,8
10180215617,7
10180221064,5
10180221412,6
10180223032,6
10180290899,5
10180298741,8
10180469333,8
10180524326,6
10180591929,5
10180605610,6
10180721369,10
10180736579,5
10180806887,5
10180809789,18
10180811562,9
10180812569,9
10180828571,5
10180833124,5
10180844363,9
10180859026,6
10180869846,5
10180924774,5
10180932343,15
10180948452,5
10180961327,5
10180966884,12
10180973686,7
10180982413,8
10180989469,14
10180999901,7
10181013431,6
10181031439,5
10181040578,9
10181070981,8
10181074391,7
10181103774,5
10181105262,11
10181123511,5
10181128394,5
10181214916,10
10181219578,15
10181226132,5
10181236715,5
10181238262,5
10181253059,7
10181280064,7
10181305130,5
10181306918,5
10181308104,5
10181316336,6
10181317103,6
10181330088,10
10181337341,6
10181338631,7
10181352103,11
10181352570,6
10181382941,9
10181420761,7
10181421091,6
10181427812,9
10181428649,13
10181439306,9
10181444881,5
10181492177,6
10181566405,6
10181595171,13
10181617735,9
10181623727,6
10181635237,5
10181669182,6
10181686117,8
10181694951,8
10181708595,14
10181781071,10
10181781471,6
10181809529,5
10181810667,6
10181885934,7
10181920349,8
10181989284,15
10181990282,9
10181996396,8
10182005687,5
10182027605,5
10182040598,6
10182052456,13
10182104201,7
10182121814,6
10182128703,5
10182171056,12
10182172435,6
10182200862,11
10182206640,6
10182213433,9
10182290284,5
10188725266,6
10188755882,5
10188900441,7
10190329777,9
10190333472,5
10190402393,5
10190519797,6
10190608170,9
10190726130,16
10190847051,6
10190915358,5
10190960973,7
10191827983,7
10191858901,6
10191882399,6
10192057758,18
10192218000,7
10192239325,5
10192310046,5
10192313045,5
10192325027,9
10192357557,6
10192379615,6
10192385054,10
10192397249,12
10192400843,10
10192604945,8
10193287153,10
10193287501,11
10194066789,10
10194120953,10
10194155765,5
10194199509,8
10194199673,7
10194202984,5
10194203441,6
10194210995,9
10194213722,5
10194213951,10
10194214052,8
10194214371,5
10194215211,6
10194215661,5
10194215679,6
10194215750,6
10194215792,11
10194215849,5
10194215938,5
10194356043,5
10195210565,6
10195217977,6
10195250621,5
10195380380,13
10195570405,10
10195589165,15
10195594568,9
10195621999,6
10195780949,8
10196814260,5
10196869323,6
10196922178,5
10198126328,8
10198165226,7
10198193645,6
10198230435,5
10198395817,5
10198489994,5
10198615191,12
10198632037,8
10198686081,5
10198967748,7
10199171149,8
10199240761,5
10199252025,11
10199307547,15
10199309124,5
10199309817,6
10199309825,6
10199380112,8
10199424870,6
10199438609,5
10199469580,9
10199781699,8
10199992509,5
10200012831,5
10200066109,7
10200168131,7
10200257630,7
10200267040,9
10200291862,6
10200332607,9
10200357600,7
10200367974,5
10200377023,5
10200390011,6
10200456594,5
10200570052,5
10200591611,14
10200682071,5
10200682551,5
10200684091,8
10201056191,14
10201066498,6
10201078925,5
10201134621,5
10201143778,6
10201159534,7
10201159909,6
10201171755,5
10201174886,6
10201197746,6
10204241843,5
10204244699,5
10205248281,5
10205251583,5
10205278732,6
10205500109,7
10205623855,5
10205668921,14
10205671078,6
10205783631,5
10205905800,5
10205908892,7
10206455751,7
10206789137,7
10207225709,10
10208937494,14
10209045244,10
10209765107,5
10209765484,7
10209978151,7
10210648939,7
10210873703,6
10210873835,11
10211325360,7
10211401791,6
10211405746,5
10212513801,10
10212539177,8
10214001743,8
10214104852,5
10214171622,6
10214193847,7
10214208470,9
10214219064,9
10214234403,6
10214324275,10
10214437690,6
10214447733,10
10214462481,10
10214477616,12
10214490949,6
10214520236,6
10214526595,5
10214529063,6
10214576916,5
10214593446,7
10214605932,9
10214619178,8
10214836420,6
10214863443,6
10215008733,10
10215220066,8
10215226331,15
10215249293,5
10215258926,6
10215363011,5
10215368721,5
10215380853,5
10215387041,7
10215437561,15
10215438819,9
10215473177,11
10215521694,7
10215529083,6
10215556641,9
10215611634,7
10215627069,8
10215632518,5
10217838318,9
10217881426,9
10217950134,7
10218074001,6
10218089700,7
10218127270,9
10218131234,9
10218140659,9
10218151502,6
10218195372,8
10218276631,5
10218296331,8
10218426498,9
10218464489,9
10218474875,10
10218549930,8
10218607841,5
10218645840,10
10218660504,5
10218682885,7
10218688026,8
10218721309,9
10218741415,8
10218768313,6
10218810778,8
10220987073,9
10221013366,7
10222492420,8
10222626141,5
10222668307,7
10222829939,8
10222865447,5
10222888978,5
10222893203,5
10222903616,6
10222911538,6
10223046261,6
10223062461,10
10224064417,6
10224077381,6
10224141144,7
10224165728,13
10224233987,6
10224252949,9
10224316611,5
10224572927,10
10224593002,8
10224710092,5
10224892361,5
10224895041,8
10224907589,5
10224977935,6
10224980693,7
10224981312,5
10224982548,6
10225034007,5
10225045327,5
10225096631,5
10225118006,5
10225126157,9
10225129466,5
10225149106,5
10225171403,6
10225180721,10
10225214561,7
10229882151,21
10229935971,5
10230068106,5
10230176928,5
10232008658,11
10232024904,8
10232275478,5
10232600531,7
10232603505,9
10232619185,7
10232619754,11
10232666809,9
10232704085,9
10232721389,5
10232742751,8
10233760906,6
10235605941,16
10235608893,6
10235615806,5
10236568160,11
10236910038,16
10237167444,11
10237174971,16
10238027794,5
10238068725,14
10238079085,7
10238105329,6
10238105639,8
10238114298,8
10238183796,10
10238219197,5
10238233815,6
10238275194,5
10238313746,5
10238316320,5
10238392239,5
10238393294,7
10238393324,6
10238406078,5
10238456881,5
10238501003,5
10238535668,9
10238565567,10
10238576305,6
10238622536,6
10238677861,5
10238707434,5
10238723758,7
10238743261,5
10238782100,5
10238786741,5
10238820745,12
10238859072,5
10238865587,5
10238926853,5
10238969129,5
10238991710,6
10239000351,8
10239006693,5
10239026414,6
10239035928,6
10239042452,7
10239086549,5
10239125412,8
10239163021,5
10239169061,7
10239223953,8
10239250918,5
10239271150,9
10239310805,7
10239323109,7
10239344084,5
10239360934,9
10239394359,6
10239399385,5
10239452146,6
10239472406,5
10239480689,11
10239501279,12
10239503743,8
10239539721,6
10239569914,6
10239583496,7
10239623676,6
10239624885,6
10239625130,6
10239649233,8
10239747332,6
10239751666,7
10239771527,6
10239773597,8
10239813009,5
10239816385,7
10239827654,8
10239834995,10
10239871696,8
10239931206,5
10239944979,9
10239966964,6
10239967057,6
10240019936,7
10240054499,9
10240059296,5
10240068023,5
10240082085,5
10242831310,7
10242937657,5
10242961809,5
10243770594,6
10243834291,5
10243927442,14
10244864878,7
10244866862,5
10245680223,5
10246686641,6
10247019613,7
10247077524,10
10247180988,5
10247182956,5
10247186595,7
10247190550,6
10247833221,5
10248032079,7
10248055940,5
10249431457,13
10249489803,6
10249655134,6
10249700288,6
10249848668,7
10249984154,5
10250008967,8
10250104087,9
10250171418,9
10250196429,10
10251327217,5
10251327578,7
10251808967,6
10251852184,12
10251876911,6
10251888561,6
10252008328,10
10252097088,5
10252168481,5
10252174350,5
10252179238,7
10252182093,21
10252214491,7
10252222524,5
10253194834,7
10254017553,5
10254143443,7
10254164106,7
10254164602,6
10254205333,6
10254290951,6
10254559259,7
10254889208,10
10255074712,5
10255182183,7
10255227501,8
10255233748,5
10255279250,8
10255451648,6
10255578427,5
10255634416,5
10255669350,9
10255844372,6
10255876576,8
10256000267,11
10256000798,5
10256174613,5
10256397566,6
10256681931,6
10256757155,5
10256791035,7
10256973796,5
10256990828,6
10257025093,6
10257062177,8
10257116901,20
10257143363,5
10257339314,5
10257347392,7
10257446277,9
10257455713,6
10257501740,8
10257534745,5
10257583517,6
10257647281,5
10257671041,7
10257675365,7
10257707283,6
10257836741,6
10257883031,5
10257883766,5
10257887354,6
10257973366,8
10258077399,6
10258096181,6
10258103284,9
10258187933,6
10258274071,5
10258297585,5
10258305758,5
10258312533,5
10258439126,7
10258472042,5
10258576255,5
10258586986,7
10266103595,11
10266162419,11
10266197930,11
10266281388,11
10266418898,8
10266463630,12
10266550117,8
10266614522,10
10266742245,5
10266752488,5
10266805867,5
10266812031,10
10266815111,5
10266855121,12
10266857671,5
10266863409,5
10266903931,6
10266960331,5
10266989259,6
10267039068,11
10267063392,14
10267079272,17
10267122526,6
10267161653,5
10267164466,9
10267164865,10
10267296362,9
10267306287,9
10267308158,9
10269275184,7
10269345620,7
10269624553,14
10271551202,6
10272478185,5
10272848390,7
10274222820,13
10274227449,5
10274237801,5
10274400752,5
10275607733,13
10275679521,7
10276672482,5
10276740691,5
10276745552,5
10277117423,5
10277203281,10
10277361553,14
10277405089,6
10277445111,5
10277513094,7
10278329441,5
10278514876,16
10282000763,6
10282056068,8
10282078088,7
10282087842,8
10282119230,9
10282180851,6
10282250921,12
10282266844,6
10282273735,11
10282297391,7
10282493425,7
10282496327,9
10282641815,11
10282658955,9
10282668021,5
10282673377,6
10282680586,11
10282688960,6
10282707069,19
10282718443,8
10282827960,6
10282844431,7
10282846450,10
10282883614,10
10282884858,7
10282888837,7
10282916563,9
10282934944,8
10282938303,9
10282955259,10
10282964576,8
10282965441,6
10282973095,7
10283036052,9
10283039116,10
10283045825,6
10283046139,20
10283067926,11
10283079258,5
10283083611,8
10283088419,5
10283107154,8
10283110554,21
10283115033,8
10283134780,5
10283141964,7
10283157496,6
10283166266,16
10283168536,6
10283168617,6
10283168749,10
10283170140,15
10283171383,8
10284555690,8
10284595021,8
10285289900,10
10285689070,12
10285779745,7
10285979833,10
10286006642,7
10286024381,6
10286037106,5
10286046814,6
10286052059,8
10286846691,5
10286904799,10
10287001199,12
10287059618,19
10288327268,6
10290817060,8
10292024199,5
10292218147,11
10292246051,7
10292260003,10
10292274063,7
10292342531,17
10292358330,16
10292382265,17
10292416593,11
10292440257,11
10292447731,18
10292501515,24
10292508706,6
10292511961,10
10292652815,7
10292703151,18
10292722244,8
10292814769,6
10292830292,7
10292851702,17
10292878465,13
10292917649,9
10292954617,5
10292997847,8
10293014472,6
10293071204,10
10293096916,14
10293100654,9
10293124715,11
10293289609,11
10293342836,6
10293375611,5
10293415281,5
10293428846,16
10293454197,11
10293512251,17
10293543254,9
10293584902,8
10293646738,16
10293657560,6
10293672178,6
10293780817,20
10293786459,9
10293807162,11
10293843061,7
10293869168,5
10294013747,13
10294088593,17
10294107164,11
10294150159,8
10294164630,18
10294218781,6
10294235367,10
10294270821,8
10294436702,5
10294455324,21
10294465273,19
10294482607,6
10294493111,10
10294505127,6
10294564069,6
10294569290,13
10294692385,10
10294742161,8
10294742498,12
10294742838,7
10294759366,10
10294887011,9
10294913993,8
10294948312,7
10294975522,9
10295148131,10
10295180604,7
10295226451,7
10295242715,7
10295246788,7
10295280676,7
10295289274,5
10295388019,8
10295425461,10
10295426131,11
10295532969,6
10295551173,5
10295571328,6
10295583725,10
10295603416,10
10295631053,11
10295822720,19
10295824161,8
10295850332,6
10295854524,6
10295915701,7
10295936318,6
10295945813,9
10295975682,8
10296041756,13
10296105711,5
10296118392,5
10296172842,6
10296212810,9
10296320779,9
10296360843,5
10296366531,12
10296371560,9
10296377151,11
10296396015,7
10296421249,9
10296481896,6
10296513330,6
10296518102,5
10296543379,5
10296558821,15
10296578067,17
10296599757,9
10296676506,14
10296695276,11
10296713711,7
10296725680,5
10296777205,17
10296821271,10
10296836031,6
10296838166,7
10296848692,19
10296919379,8
10296928904,7
10296974094,10
10296998937,8
10297002398,6
10297002401,10
10297060665,6
10297080321,10
10297146217,7
10297162450,7
10297211183,5
10297284822,6
10297293520,7
10297352062,5
10304006701,15
10304011811,6
10304098754,8
10304219641,10
10304227457,10
10304249914,16
10304291333,11
10304297773,6
10304307302,5
10304802389,7
10304848133,5
10304853765,6
10304880223,9
10304896537,11
10304934901,5
10304956599,10
10305068859,7
10305069677,7
10305072091,11
10305673914,7
10305676344,8
10305801769,6
10305803877,7
10306401322,6
10306484546,11
10307650873,6
10307717277,7
10308267836,6
10308273470,9
10308323787,5
10308358149,7
10308365609,6
10308497092,7
10308498129,12
10308583991,11
10308587261,9
10308615044,6
10309497321,8
10309536288,8
10309609676,5
10310023707,10
10310068361,7
10310128550,5
10310381921,9
10310394233,10
10310428839,8
10310436521,6
10310443820,5
10311271712,9
10311467897,5
10311589178,9
10311657271,6
10311660140,13
10311660476,7
10311691550,6
10311731861,6
10311808236,8
10313090596,6
10313569018,7
10314208370,6
10315516981,10
10316004089,5
10316019761,10
10316021625,6
10316043769,8
10316168847,10
10316181576,6
10316265532,8
10316296900,7
10316303086,6
10316309548,5
10316317311,14
10316339854,5
10316491991,8
10316548496,15
10316568977,17
10316628473,6
10316634856,10
10316664721,10
10316744562,6
10316786613,11
10319252148,7
10320219782,5
10320350404,5
10320431510,7
10320432117,6
10321004321,5
10321103052,5
10321110962,5
10321312484,7
10322640485,6
10325263011,5
10325413099,7
10326445997,19
10326466412,11
10327322929,6
10327334862,7
10327342041,6
10327352267,5
10327355878,5
10327358168,10
10327371946,5
10327640629,5
10327784205,6
10327875308,7
10327904456,10
10327913081,14
10327915385,5
10327923183,10
10328006567,5
10328089772,12
10328184961,10
10328238310,7
10328356061,5
10328462864,6
10328517723,5
10328645110,12
10328652264,7
10328656502,6
10328658173,5
10328668471,9
10328673911,8
10328677356,8
10328757139,5
10328856412,7
10328880364,5
10329040734,6
10329049413,5
10329136154,6
10329190761,5
10329211661,5
10329245948,5
10329250127,8
10329353864,12
10329407531,8
10329413441,11
10329415193,6
10329421363,6
10329447401,7
10329483946,7
10329551003,6
10329564229,6
10329570571,8
10329618221,7
10329639211,6
10329704390,8
10329740744,8
10329745533,6
10329762080,5
10329818344,5
10329836849,6
10329878282,5
10329880287,5
10329890126,6
10329892111,7
10332623651,5
10332623732,6
10333262831,6
10333413537,10
10334064064,6
10334081180,7
10334082542,10
10334170689,6
10335609463,13
10335680427,5
10335726737,6
10335883786,12
10335895199,8
10335911895,7
10335918091,8
10335966274,8
10336415174,9
10336662074,8
10336683055,11
10336690761,9
10336712217,7
10336727869,10
10337965445,5
10338261328,8
10339408021,7
10400049896,5
10400050045,5
10400096827,5
10400214269,9
10400251580,7
10400330021,5
10400395221,6
10400412397,6
10400496868,12
10400641906,13
10400673760,10
10400746180,6
10400770919,12
10400849906,14
10400929659,9
10401000718,9
10401058848,6
10401070724,5
10401102561,7
10401135311,10
10401301947,9
10401312400,5
10401400511,6
10401484031,6
10401491568,6
10401492882,7
10401525811,6
10401548284,5
10401625726,7
10401627338,8
10401634792,5
10401660726,6
10401698618,5
10401742803,8
10401769736,5
10401786355,7
10401839084,15
10401937094,5
10402050646,11
10402092551,12
10402102921,6
10402179835,6
10402337791,9
10402492177,8
10402535844,7
10402551262,10
10402584446,6
10402603980,10
10402610692,6
10402613047,6
10402659209,6
10402673783,11
10402674666,5
10402737072,5
10402757464,8
10402817751,10
10402867308,5
10402997856,7
10403018487,5
10403020473,5
10403045930,7
10403178611,7
10403226900,11
10403235445,6
10403291574,8
10403581831,6
10403589948,7
10403618930,9
10403673159,21
10403687419,6
10403696191,7
10403745991,5
10403818700,6
10403953542,5
10403980256,6
10404013331,7
10404028389,5
10404040583,8
10404207429,6
10404259186,5
10404293279,5
10404342555,7
10404432970,7
10404453659,5
10404454281,6
10404472483,7
10404485798,8
10404555401,5
10404579938,8
10404734330,6
10404959501,5
10405189416,5
10405347755,6
10405398503,8
10405417206,7
10405417303,11
10405616365,6
10405660062,7
10405669469,7
10405724231,9
10405753214,5
10405773606,6
10405871462,5
10405917128,7
10405953825,5
10406073705,6
10406081279,5
10406088770,12
10406147474,5
10406153369,5
10406212616,5
10406398906,5
10406412208,6
10406426047,5
10406485604,9
10406485680,9
10406511109,6
10406516364,5
10406594632,5
10406625627,7
10406649615,5
10406656115,6
10406739321,5
10406871539,6
10406947730,5
10406994134,11
10406997303,6
10407044466,5
10407051861,11
10407080322,6
10407087246,5
10407153923,6
10407154750,5
10407273538,6
10407307947,10
10407390291,9
10407409634,15
10407420182,7
10407463761,5
10407489671,8
10407499838,13
10407518476,5
10407577502,5
10407588857,6
10407657611,6
10407921190,5
10407926906,5
10407927015,6
10407954527,5
10407970964,7
10407983888,8
10407989169,6
10408039393,5
10408084992,6
10408116738,5
10408123769,9
10408160648,7
10408192035,5
10408263005,5
10408286021,5
10408397907,5
10408411497,5
10408473204,6
10408536711,7
10408553046,7
10408601652,5
10408642031,5
10408655027,8
10408717073,7
10408843788,8
10408990144,7
10409034565,8
10409037696,5
10409178249,5
10409222965,6
10409494507,7
10409790432,5
10409897725,5
10409919150,5
10409921456,8
10410054537,5
10410091777,7
10410134981,10
10410145419,9
10410271317,7
10410418679,6
10410562397,5
10410713506,7
10410767711,7
10410810862,17
10410824316,6
10410827617,5
10410827625,11
10410863231,6
10410872337,6
10410877657,6
10410883631,7
10410947078,6
10410964231,5
10410976531,7
10410980709,5
10411002280,7
10411004967,10
10411017864,9
10411033711,7
10411104848,7
10411123770,7
10411129573,6
10411176466,5
10411316195,10
10411341661,8
10411351845,6
10411397021,5
10411424567,5
10411485647,8
10411499672,6
10411533293,7
10411560983,5
10411562196,10
10411609699,5
10411646608,7
10411869496,6
10411899611,13
10412188379,6
10412199559,6
10412264229,7
10412275379,5
10412348236,6
10412390046,5
10412412929,9
10412443361,7
10412812501,9
10413017489,6
10413024582,5
10413075888,8
10413122312,6
10413135295,8
10413222678,9
10413238400,5
10413271971,10
10413283618,5
10413403958,5
10413437836,7
10413442465,7
10413483129,5
10413486632,10
10413492764,6
10413522272,6
10413666894,7
10413669346,5
10413692402,6
10413830945,7
10413832115,7
10413873024,7
10413937863,5
10413941976,6
10413978161,6
10414109573,6
10414225522,7
10414309343,11
10414483939,13
10414524236,7
10414542552,5
10414554887,7
10414694743,14
10414708779,5
10414912155,8
10415003256,7
10415129845,7
10415370909,7
10415404021,7
10415529100,5
10415541169,6
10415556191,9
10415580865,14
10415597270,7
10415624242,8
10415639819,6
10415680703,6
10415714373,6
10415751767,5
10415786137,5
10415872238,7
10415884317,15
10415946100,5
10416073665,5
10416085884,7
10416387635,7
10416459202,8
10416570898,6
10416595556,6
10416764544,5
10416780418,7
10416879589,9
10416896149,5
10416900774,5
10416913248,5
10417050804,6
10417215099,10
10417267986,6
10417277612,10
10417490375,6
10417496560,6
10417685125,10
10417760542,8
10417814197,5
10417860318,7
10417885663,8
10417998204,6
10418013732,11
10418037313,5
10418061591,9
10418077072,6
10418189245,6
10418214011,7
10418346600,5
10418388078,5
10418661386,5
10418677509,5
10418738311,9
10418764703,5
10418877150,11
10418902383,7
10418912524,5
10419119968,8
10419169001,6
10419223285,7
10419252111,20
10419344457,7
10419345798,7
10419546149,10
10419549288,7
10419654294,9
10419873115,10
10420007901,11
10420382001,5
10420437965,5
10420465594,8
10420527468,9
10420548538,7
10420617874,7
10420667901,6
10420737918,5
10420764923,5
10420792404,6
10420796051,6
10420818331,8
10420837947,5
10420867595,11
10420908224,8
10420984311,12
10421106750,6
10421118243,5
10421146417,9
10421187652,9
10421291301,14
10421299493,7
10421325052,15
10421368339,11
10421496116,14
10421580605,5
10421615387,6
10421627911,10
10421663942,5
10421670868,8
10421685253,5
10421848608,6
10421906853,5
10422010560,5
10422025761,6
10422032288,5
10422167965,7
10422170761,8
10422299616,13
10422301513,15
10422423619,5
10422519233,9
10422636531,9
10422666198,7
10422784964,5
10422851947,8
10422860776,6
10422980925,6
10423117414,6
10423117864,6
10423141412,8
10423345417,5
10423363792,5
10423413471,6
10423441181,5
10423465510,12
10423510019,6
10423698131,7
10423724965,8
10423809405,5
10423822878,10
10424003617,5
10424077050,7
10424114061,5
10424140312,12
10424316712,9
10424383142,6
10424600887,5
10424631383,8
10424644051,10
10424935072,9
10424982631,10
10424996276,6
10425021546,6
10425090653,16
10425154198,5
10425261369,5
10425339961,9
10425367761,5
10425400725,5
10425559830,11
10425568812,5
10425583633,6
10425589411,8
10425634513,6
10425961751,9
10425999686,8
10426095659,10
10426173757,7
10426271279,5
10426317023,7
10426357238,5
10426374078,10
10426422641,8
10426509810,5
10426546944,8
10426571116,5
10426794751,8
10426837493,9
10426971149,6
10427010584,6
10427011564,6
10427014911,6
10427047801,5
10427133031,6
10427175559,6
10427186101,5
10427514116,5
10427650133,11
10427848278,6
10427896558,9
10427914645,7
10427966823,5
10428040886,10
10428140180,8
10428157694,6
10428243329,10
10428412716,8
10428494992,5
10428509043,5
10428579173,5
10428752061,6
10428904244,18
10428962155,7
10429022857,5
10429130943,7
10429385437,5
10429494783,9
10429496336,7
10429512501,7
10429529340,9
10429549596,5
10429551124,7
10429554174,6
10429617257,5
10429664140,5
10429693727,9
10429724843,9
10429773852,5
10429841246,5
10429951017,10
10430015571,6
10430065888,7
10430091463,7
10430131317,6
10430133557,7
10430225176,5
10430607036,5
10430613338,6
10430680159,5
10430681961,12
10430685894,7
10430694842,7
10430831777,9
10431160621,5
10431177043,7
10431177451,10
10431186051,6
10431213180,5
10431471791,7
10431716564,7
10431744738,5
10431748610,5
10431817506,7
10431884394,10
10431996770,5
10432084855,5
10432202734,7
10432305789,18
10432388986,5
10432440201,6
10432479388,5
10432669187,8
10432793961,8
10432894121,6
10432930055,9
10433039900,5
10433091201,6
10433227161,5
10433365823,9
10433393258,5
10433535206,8
10433548341,8
10433645915,9
10433810193,5
10433866393,5
10433926485,6
10433942774,7
10434051351,5
10434057430,13
10434062441,6
10434156497,6
10434242679,6
10434252453,5
10434401092,6
10434407031,7
10434535323,5
10434536966,6
10434652095,11
10434652788,8
10434671359,9
10434711865,8
10434747622,7
10434799517,5
10434888218,6
10435072467,5
10435233479,11
10435237806,6
10435240700,8
10435278979,23
10435281414,5
10435437368,6
10435532506,11
10435578336,6
10435632284,7
10435668157,5
10435710722,5
10435718448,6
10435843676,9
10435867818,5
10435871980,8
10436036154,6
10436113434,10
10436192946,9
10436229688,5
10436419746,11
10436523241,5
10436605043,7
10436743560,9
10436763358,10
10436977773,12
10437039611,8
10437089693,8
10437267150,7
10437273087,6
10437297113,5
10437427262,7
10437589122,9
10437644921,9
10437646924,6
10437725671,7
10437823851,13
10437955269,7
10438081688,5
10438179556,7
10438254949,5
10438337062,5
10438358060,5
10438473322,8
10438550092,5
10438686938,9
10438711045,9
10438989833,5
10439007911,5
10439044361,9
10439121357,7
10439380280,5
10439938914,7
10440018756,5
10440071193,9
10440137852,5
10440214571,5
10440272687,6
10440275821,14
10440569680,5
10440659913,5
10440693631,5
10440950189,5
10441122981,5
10441144330,6
10441161421,10
10441188957,6
10441484874,5
10441489388,6
10441512304,7
10441528243,5
10441528286,7
10441587860,6
10441667103,8
10441956652,8
10442021983,15
10442039637,7
10442079655,5
10442109139,6
10442184301,13
10442539281,12
10442619285,6
10442624424,9
10442634241,5
10442795717,5
10442819969,8
10442841646,14
10442844815,7
10442943279,19
10443029171,6
10443142628,5
10443238579,12
10443348960,8
10443373093,5
10443433045,8
10443455332,5
10443654165,7
10443688302,12
10443779146,12
10443836522,5
10443853699,10
10444074936,5
10444089925,8
10444130208,8
10444130470,7
10444256279,6
10444266991,7
10444271774,7
10444298192,5
10444362885,7
10444510418,8
10444556868,11
10444738940,8
10444886850,7
10444898432,5
10444898921,5
10444965270,7
10445118520,5
10445167474,5
10445315317,6
10445451121,7
10445552645,7
10445560206,6
10445950276,6
10446092982,5
10446131295,7
10446146811,24
10446158878,8
10446352542,9
10446439010,5
10446504245,5
10446648581,6
10446679631,6
10446873658,6
10447342117,6
10447632450,5
10447781544,9
10447852841,5
10447995617,8
10448136073,6
10448213221,8
10448351187,6
10448380063,13
10448380829,6
10448419164,8
10448463295,7
10448471395,7
10448624175,7
10448705361,11
10448876760,6
10448946181,6
10449055531,14
10449102768,7
10449278238,6
10449358134,8
10449411108,5
10449827916,5
10449914118,8
10449976954,7
10450069774,5
10450098421,5
10450110481,5
10450133847,5
10450402694,5
10450439121,7
10450444966,9
10450527390,5
10450582234,9
10450596022,9
10450747403,5
10450942672,6
10451020183,5
10451178445,14
10451218510,10
10451228230,7
10451336890,7
10451425621,5
10451741433,6
10452170961,5
10452189955,5
10452195157,9
10452260277,7
10452354964,6
10452603204,5
10453037385,6
10453176598,10
10453289953,5
10453338563,10
10453424575,6
10453522542,5
10453736089,5
10453886480,7
10453972475,5
10454022284,6
10454197483,5
10454278033,6
10454362077,8
10454381136,5
10454558761,5
10454828416,6
10454840980,5
10454970263,6
10455476734,10
10455553739,8
10455557441,6
10455606875,5
10455821059,5
10455927175,5
10456049082,5
10456186519,6
10456206218,5
10456254531,8
10456328577,6
10456328704,8
10456388740,5
10456910381,15
10456971321,8
10457006158,11
10457557910,7
10457637646,7
10457647544,7
10457721027,5
10457775208,6
10457912728,8
10457929281,5
10458076427,5
10458077351,5
10458154819,6
10458236793,6
10458489047,5
10458588657,9
10458597508,7
10458675771,14
10458686063,6
10458976053,8
10459613621,7
10459678218,11
10459771781,6
10459789672,5
10459800129,5
10459922411,5
10459932246,10
10460160338,9
10460260294,5
10460663631,5
10460993666,5
10461051125,6
10461371669,6
10461460696,5
10461557746,7
10461568144,5
10461681161,5
10461697947,5
10461883988,9
10461958708,5
10462100138,10
10462258955,6
10462334741,5
10462582728,5
10462622711,9
10462725367,5
10462907724,6
10462978320,11
10463321529,5
10463384661,6
10463439015,5
10463442695,8
10463741382,7
10463834992,5
10463878795,5
10463978439,7
10464094771,8
10464201276,11
10464235995,11
10464325773,5
10464368928,5
10464446465,5
10464873274,6
10464893283,19
10464946620,5
10464982162,5
10465047921,8
10465057721,5
10465095623,5
10465174663,7
10465407072,5
10465516203,5
10465613080,16
10465626424,5
10465752578,5
10465980465,5
10466142277,6
10466210019,6
10466219130,5
10466421303,5
10466433247,5
10466663307,9
10466765819,8
10466880626,8
10466925883,6
10467000310,5
10467151318,5
10467174334,6
10467205272,5
10467218005,5
10467247731,6
10467262217,5
10467277184,12
10467323437,7
10467377065,5
10467669244,6
10467670609,6
10467732540,5
10467773068,7
10467919500,5
10468265864,5
10468388303,9
10468447997,6
10468555307,9
10468591044,5
10468760890,6
10468852085,5
10468977902,6
10469189703,5
10469223472,6
10469260955,15
10469296780,6
10469744626,6
10470049133,7
10470088881,5
10470395481,7
10470561136,5
10470563341,8
10470588867,10
10470815596,5
10470818234,9
10471132832,7
10471206950,5
10471211350,7
10471221240,5
10471332718,8
10471707851,9
10471747691,15
10471898495,6
10472211957,8
10472547505,8
10472568952,6
10472815941,7
10472928801,5
10472943745,5
10472998396,8
10473053654,11
10473294783,6
10473452338,5
10473609709,5
10473689931,8
10473773363,6
10474172991,13
10474223294,6
10475093751,14
10475309001,8
10475411272,9
10475467847,6
10475912794,5
10475942049,10
10475974234,6
10475975940,7
10476010361,5
10476114140,6
10476416294,6
10476439430,5
10476538896,7
10476590006,6
10476648331,9
10476667220,9
10476910281,9
10476964411,5
10477283620,15
10477492075,5
10477566362,6
10477630290,5
10477697726,7
10478000656,12
10478032604,5
10478064182,7
10478151344,13
10478337529,7
10478651789,8
10478742466,7
10479083091,5
10479276019,6
10479804406,6
10479924118,7
10480593974,5
10480597198,9
10480716847,7
10480918491,8
10481009389,5
10481374001,6
10481608070,7
10481795091,13
10482015609,6
10482363445,7
10482370832,7
10482503671,6
10482531186,7
10483045048,9
10483064271,5
10483251764,6
10483567281,6
10483821072,7
10484124260,5
10484518349,7
10484925076,6
10485517095,6
10486134629,6
10487670877,5
10488754110,7
10600095621,12
10602025832,6
10608177316,9
10611934811,8
10616725543,6
10619047252,7
10621088292,5
10627914356,10
10628002946,6
10700053704,8
10700080272,6
10700080591,11
10700901560,8
10701018643,5
10701345148,5
10701345628,5
10701510181,6
10701611131,7
10701658201,7
10701669113,8
10701748013,10
10701820296,6
10701825255,6
10701841218,5
10701862452,5
10701862509,5
10702050974,5
10702094866,6
10702131338,7
10702457888,7
10702457900,7
10702481622,6
10702580973,5
10702757067,9
10702786261,6
10702963171,5
10702983016,8
10702983440,9
10703165775,11
10703165988,8
10703417529,7
10703751488,5
10703828090,5
10703828154,6
10703829525,5
10703907739,8
10704015874,5
10704215059,5
10704229360,9
10704389626,5
10705134443,6
10706151996,9
10706185050,11
10706187231,5
10706583012,6
10706784778,7
10706929652,5
10707469876,8
10707537405,6
10707537448,8
10707652867,6
10707660258,9
10707822525,7
10707916252,5
10708050704,5
10708052847,5
10708056541,6
10708062109,6
10709792798,5
10709907404,6
10710432347,7
10711009073,6
10711169771,5
10712011268,9
10712179991,5
10712282202,9
10712327311,6
10712453317,5
10713817398,8
10714043078,6
10714311323,7
10714490651,5
10714609870,5
10714914184,8
10714968217,10
10715645705,5
10715991573,5
10716294931,5
10716680741,9
10717226661,6
10717273872,7
10718065092,7
10718281470,6
10718384465,10
10718740270,8
10718832522,7
10718836137,6
10719204363,7
10719212781,8
10719585391,5
10720143971,6
10720213783,8
10720936670,7
10721409495,5
10722103373,6
10723230379,5
10724495031,5
10724650614,7
10725148599,5
10725421864,5
10726145143,5
10726426495,8
10726763611,10
10728091270,5
10728184715,7
10728624138,5
10728875548,5
10729290284,9
10729488840,5
10729539746,5
10730201538,5
10730226638,11
10730237117,5
10730268225,7
10730433897,6
10730491307,8
10730748111,8
10730992144,9
10731087682,7
10731798953,5
10731952782,7
10732282021,6
10732777381,8
10733500382,8
10733604960,5
10733657788,5
10734215797,6
10734384190,8
10734438354,7
10734566646,6
10735030791,5
10735383707,6
10736251987,7
10736792571,5
10737016264,8
10737386380,5
10737402580,10
10737633336,10
10737947659,6
10738540307,7
10738757187,5
10739321943,5
10741573208,5
10741707212,8
10742342773,5
10742417366,5
10744080687,9
10744098527,5
10744497880,5
10744559664,8
10744663241,8
10744732064,5
10744732081,5
10746100839,5
10746306020,5
10747133099,8
10747596307,12
10748669375,5
10748842093,5
10750552817,5
10751183416,7
10752207483,7
10752517261,7
10753180562,8
10753703905,5
10754753141,7
10755331801,8
10755741162,5
10756012041,8
10757185607,8
10757604685,13
10757750185,11
10757978381,8
10758160632,5
10758767928,9
10759362590,7
10760687222,5
10760756321,5
10762768122,5
10763626186,10
10764523577,5
10764716979,5
10765116860,8
10766508672,10
10766516811,6
10766551691,6
10766924676,6
10769554390,6
10770423983,5
10770576241,6
10771339595,11
10771705125,11
10772908101,5
10774764408,6
10775673813,5
10776683235,5
10800026062,7
10800224786,5
10800238051,5
10800352211,5
10800363590,8
10800457675,5
10800571842,5
10801769981,12
10801946343,5
10802258157,5
10802441059,5
10802802132,9
10803130154,8
10803222776,7
10803552903,17
10803598806,8
10803774035,5
10803798210,7
10803806760,6
10804174627,10
10804704669,6
10804704901,5
10804927030,5
10805032125,6
10805077463,6
10805219390,6
10805304656,5
10805406238,8
10805912541,12
10806047592,8
10806225431,5
10806480156,7
15102488501,15
15102657893,13
15106148560,8
15111352850,8
15114188210,6
15148507241,10
15151424055,6
15194356878,7
15305134365,7
15318844035,11
15325414887,6
15334178029,7
15379446296,7
15395245896,5
15410911776,9
15412277292,7
15431949846,7
15451419002,9
15459245216,22
15477409757,5
15480391893,9
15486168100,6
15491324683,5
15494294106,7
15496062491,6
15500972936,6
15501834677,10
15504493943,6
15506233353,5
15512281467,6
15516530330,5
15516795040,5
15517059126,8
15521543083,6
15522966921,22
15538554151,5
15541389111,6
15543393484,6
15549968535,5
15551442818,5
15552917992,7
15563753843,6
15600332292,9
15601305116,5
15601376731,6
15601656351,6
15602246130,5
15605821569,12
17106267499,11
17116738643,6
17130324754,11
17148502528,9
17159553175,9
17162976311,7
17164998118,6
17169247251,5
17194712928,5
17196836641,6
17216283287,5
17286020909,7
17295174366,13
17309235886,6
17364136382,8
17365452679,7
20100000688,22
20100001579,19
20100002206,21
20100002621,21
20100003199,12
20100003351,11
20100003512,21
20100003946,21
20100004080,20
20100004322,19
20100004594,20
20100004675,14
20100004756,19
20100005213,20
20100005566,22
20100006376,24
20100006538,23
20100007348,29
20100008743,6
20100008824,10
20100009472,9
20100010136,31
20100010217,25
20100010721,13
20100011701,17
20100011884,20
20100012007,25
20100012856,21
20100013151,26
20100013666,7
20100013747,23
20100014395,19
20100014476,5
20100014808,22
20100015014,27
20100015103,29
20100016177,22
20100016681,22
20100017149,25
20100017491,47
20100017572,32
20100018200,23
20100018625,25
20100019435,10
20100019516,26
20100019788,21
20100019940,27
20100020018,6
20100020441,15
20100021847,26
20100022142,19
20100023891,26
20100024277,22
20100024862,23
20100025168,22
20100025915,27
20100027021,24
20100027292,30
20100027705,12
20100028698,22
20100028850,36
20100029406,21
20100029741,24
20100030242,11
20100030595,24
20100030676,24
20100030838,22
20100031214,5
20100031648,20
20100032458,19
20100032610,22
20100032709,28
20100032881,7
20100033004,6
20100034582,21
20100035121,26
20100036101,21
20100037689,26
20100038146,25
20100039037,20
20100039207,26
20100041520,31
20100041953,22
20100042500,20
20100042763,7
20100043140,37
20100043573,23
20100044626,6
20100044979,21
20100045193,20
20100045517,33
20100047056,19
20100047137,20
20100047218,48
20100047307,8
20100047480,21
20100047641,36
20100048371,22
20100048702,21
20100049008,25
20100049181,27
20100049857,26
20100050359,23
20100050944,24
20100051169,29
20100051240,29
20100051916,5
20100052050,22
20100052131,20
20100052564,20
20100053455,24
20100054001,13
20100054184,23
20100055237,33
20100055318,19
20100055661,10
20100056128,9
20100056802,33
20100057523,18
20100057876,15
20100058503,19
20100060150,23
20100060311,24
20100061474,23
20100063337,18
20100063680,24
20100063761,24
20100064490,22
20100064571,21
20100065038,25
20100066786,23
20100066867,20
20100066948,16
20100067081,21
20100067162,13
20100067324,24
20100067596,20
20100067758,22
20100067839,8
20100067910,22
20100068649,21
20100069297,23
20100069963,19
20100070031,24
20100070546,20
20100070970,18
20100072247,20
20100072590,22
20100072751,11
20100073308,22
20100073723,25
20100074029,25
20100074371,22
20100075009,20
20100075858,23
20100076072,24
20100076749,15
20100077044,31
20100077630,10
20100078369,22
20100079179,8
20100079331,20
20100079501,34
20100079683,5
20100080002,8
20100080185,6
20100080932,23
20100081157,21
20100081581,11
20100082391,29
20100082633,24
20100082803,27
20100083281,22
20100083362,21
20100083524,20
20100084172,25
20100084253,16
20100084334,5
20100084768,24
20100084920,22
20100085063,30
20100085225,22
20100085578,22
20100086388,18
20100087198,22
20100087945,26
20100088321,5
20100088836,6
20100089051,22
20100089999,11
20100091543,22
20100091896,23
20100092604,10
20100092787,7
20100093082,15
20100093830,23
20100093911,20
20100094135,28
20100094216,22
20100094569,9
20100095450,24
20100095531,13
20100096189,5
20100096260,20
20100096341,22
20100096855,5
20100096936,21
20100097746,22
20100098980,7
20100099102,13
20100099447,22
20100099951,8
20100101956,6
20100102090,7
20100102171,5
20100102413,24
20100103223,25
20100103738,19
20100104114,9
20100105862,31
20100105943,10
20100107644,19
20100108292,37
20100108616,20
20100108705,25
20100110513,30
20100111838,30
20100112214,35
20100113610,30
20100114187,24
20100114349,39
20100114420,20
20100114853,27
20100114934,30
20100115400,5
20100115663,30
20100116635,20
20100117364,7
20100117526,24
20100118336,22
20100118689,24
20100118760,22
20100119065,16
20100119146,23
20100119227,18
20100120314,26
20100121809,23
20100122368,22
20100123330,36
20100123411,22
20100123500,28
20100123682,20
20100123763,26
20100124492,8
20100126193,7
20100126606,21
20100127165,20
20100127670,20
20100127912,21
20100128056,24
20100128137,20
20100128218,13
20100128307,23
20100129028,23
20100130204,46
20100131359,21
20100131430,23
20100131863,22
20100132592,21
20100132916,26
20100134021,5
20100134455,21
20100134617,24
20100134706,5
20100135699,25
20100136156,8
20100136237,22
20100136741,32
20100136822,6
20100137390,13
20100139848,9
20100140692,21
20100141150,13
20100141583,20
20100142989,29
20100144094,7
20100144337,9
20100144922,22
20100145902,22
20100146895,29
20100147514,28
20100148081,6
20100148162,31
20100150736,23
20100151112,25
20100151546,22
20100151627,8
20100152275,19
20100152356,19
20100152941,25
20100153671,8
20100153832,20
20100154057,25
20100154138,23
20100154219,21
20100154308,53
20100157315,25
20100160294,17
20100160375,24
20100160707,19
20100162238,23
20100162742,21
20100163391,8
20100163471,24
20100163552,25
20100163986,22
20100164010,24
20100164958,28
20100165504,10
20100165687,27
20100166144,23
20100166730,22
20100166811,24
20100167892,10
20100170095,27
20100170419,22
20100170681,24
20100170842,21
20100171229,24
20100171652,31
20100171814,24
20100172039,21
20100172543,22
20100172624,22
20100173191,5
20100174911,24
20100175569,24
20100176450,28
20100176701,25
20100176964,23
20100177421,27
20100178401,22
20100179807,24
20100180210,33
20100180562,22
20100181534,24
20100181704,10
20100182263,27
20100183588,21
20100186170,21
20100186765,7
20100187494,23
20100188113,6
20100188628,20
20100189942,13
20100190100,24
20100190282,25
20100190797,25
20100192064,29
20100192650,27
20100192901,26
20100193036,22
20100193117,9
20100194431,5
20100194601,7
20100195080,17
20100195322,22
20100197961,13
20100199158,31
20100199743,28
20100202124,26
20100202396,23
20100203287,15
20100204330,28
20100205492,11
20100205573,24
20100205654,16
20100205816,5
20100206111,7
20100207941,24
20100209137,21
20100209641,71
20100210658,7
20100210909,28
20100211034,15
20100211115,30
20100213754,13
20100215293,21
20100215455,8
20100216346,28
20100218551,16
20100219108,22
20100220700,32
20100221773,11
20100226147,14
20100226813,29
20100226902,30
20100227461,27
20100227542,30
20100227895,26
20100228191,21
20100228352,8
20100231817,27
20100233356,24
20100234671,26
20100235138,22
20100235219,24
20100237343,7
20100238234,9
20100239559,29
20100241022,23
20100244129,6
20100244391,16
20100244471,24
20100244714,25
20100245109,6
20100245362,11
20100245796,29
20100246172,25
20100246768,20
20100247225,24
20100247497,22
20100247730,23
20100248540,14
20100248621,21
20100249350,15
20100249511,24
20100250447,8
20100250951,8
20100251176,6
20100251923,24
20100255325,25
20100257298,26
20100257964,9
20100259401,18
20100259665,6
20100260248,8
20100260752,21
20100261481,22
20100261562,16
20100262291,23
20100263425,8
20100265479,24
20100265550,21
20100265711,16
20100266289,6
20100266793,5
20100266874,18
20100266955,21
20100267684,20
20100267846,22
20100269032,6
20100269385,5
20100269466,23
20100271282,23
20100274206,22
20100274621,20
20100276322,24
20100277213,21
20100277485,23
20100278708,19
20100279003,12
20100279348,21
20100279429,5
20100279933,9
20100281245,22
20100282641,23
20100282721,18
20100283027,6
20100283531,22
20100284937,18
20100286476,21
20100286981,22
20100287367,20
20100288410,20
20100289904,20
20100290317,13
20100291551,22
20100292875,23
20100292956,21
20100295629,5
20100295891,22
20100296439,15
20100297915,23
20100300053,13
20100302269,9
20100302421,24
20100302773,10
20100304636,6
20100304806,20
20100305101,19
20100306337,15
20100306841,21
20100307902,27
20100308542,19
20100309191,10
20100309867,23
20100310016,21
20100310288,24
20100310369,22
20100311331,5
20100312655,6
20100312736,24
20100313899,27
20100315247,22
20100315751,7
20100316138,23
20100317452,22
20100317967,20
20100318696,21
20100320321,23
20100320593,7
20100322456,11
20100327849,22
20100328497,8
20100329205,22
20100331285,24
20100331447,24
20100331528,6
20100331951,18
20100332681,5
20100333491,21
20100334381,8
20100334624,22
20100335604,12
20100337054,17
20100338611,21
20100339936,20
20100340195,21
20100340438,10
20100341671,9
20100341914,30
20100343887,8
20100344000,24
20100344425,13
20100344778,6
20100346479,22
20100346631,9
20100347874,22
20100348501,8
20100349061,18
20100349818,5
20100350743,23
20100351634,20
20100351804,21
20100352444,16
20100352525,21
20100355206,22
20100356270,23
20100357161,23
20100359619,6
20100359708,24
20100361435,9
20100362598,19
20100364451,22
20100365341,18
20100366151,23
20100366747,38
20100366828,6
20100367395,24
20100369509,29
20100370001,20
20100370426,23
20100371741,22
20100373018,10
20100375061,19
20100376203,24
20100377358,25
20100378168,8
20100380065,15
20100383919,24
20100384052,20
20100384729,5
20100386349,9
20100388121,20
20100392403,11
20100393396,5
20100398606,11
20100400511,19
20100401160,26
20100402646,9
20100402727,24
20100403294,25
20100405408,5
20100406129,15
20100406986,5
20100407362,15
20100407796,6
20100408849,5
20100410070,6
20100412366,25
20100412447,23
20100412790,5
20100413681,6
20100414814,6
20100415543,9
20100415977,10
20100416949,17
20100417082,21
20100417830,9
20100418640,19
20100418721,7
20100421195,8
20100421276,5
20100426235,22
20100426316,5
20100427045,6
20100430852,20
20100432472,7
20100435498,9
20100436206,6
20100436974,5
20100437865,13
20100440653,22
20100443326,21
20100443679,7
20100451931,7
20100455928,5
20100456495,22
20100456908,10
20100457629,9
20100459672,20
20100460255,5
20100462037,11
20100466458,9
20100466709,16
20100468078,15
20100471290,20
20100472261,5
20100484197,16
20100488427,22
20100488931,7
20100489237,5
20100490324,7
20100490596,5
20100491487,11
20100492378,6
20100493188,20
20100493269,21
20100497418,21
20100498902,9
20100501890,5
20100512077,20
20100518946,17
20100521734,23
20100522544,6
20100524598,6
20100525641,21
20100532931,5
20100533741,5
20100537908,5
20100538203,23
20100541255,7
20100553423,22
20100559545,11
20100562848,7
20100566321,21
20100567645,11
20100568617,30
20100569346,9
20100576474,15
20100576989,7
20100579228,22
20100579651,9
20100583845,16
20100588642,24
20100588995,21
20100589703,7
20100591198,7
20100592321,7
20100593484,10
20100607965,11
20100609151,6
20100609232,7
20100612373,20
20100617332,25
20100618908,24
20100624622,20
20100625513,12
20100628458,6
20100632218,5
20100633702,5
20100637791,6
20100639654,8
20100642281,18
20100648131,9
20100653487,23
20100653568,21
20100654025,29
20100654611,23
20100656401,6
20100658284,9
20100658365,10
20100659761,7
20100660858,5
20100660939,8
20100662982,13
20100663440,6
20100664179,15
20100669308,28
20100670811,28
20100671892,20
20100671973,21
20100674212,21
20100674301,9
20100675456,5
20100675537,21
20100675961,22
20100677661,22
20100680964,7
20100685095,9
20100686067,19
20100686814,26
20100691141,5
20100691818,8
20100696020,11
20100704065,5
20100704227,21
20100704812,20
20100705541,9
20100708991,8
20100709458,19
20100712327,16
20100712599,23
20100715008,20
20100715181,15
20100716667,15
20100717124,35
20100720427,13
20100721741,5
20100723442,12
20100724929,8
20100725658,24
20100725810,21
20100727278,22
20100727359,18
20100730490,6
20100733910,24
20100734568,7
20100737401,17
20100737826,22
20100740614,22
20100749247,17
20100749590,7
20100754755,23
20100754917,19
20100760305,8
20100762341,19
20100762936,21
20100765790,20
20100771170,5
20100773628,23
20100775329,23
20100776562,22
20100776643,9
20100779740,18
20100786100,7
20100789541,6
20100791871,8
20100792762,6
20100793653,7
20100797306,6
20100810418,21
20100811571,22
20100812542,22
20100812623,12
20100814162,25
20100814324,21
20100816611,24
20100820995,5
20100821371,26
20100821703,9
20100822858,6
20100824559,11
20100825288,5
20100830362,21
20100834279,5
20100841305,5
20100841488,6
20100842964,21
20100843774,21
20100846871,6
20100849039,7
20100852099,6
20100853907,24
20100859778,8
20100860351,22
20100862132,9
20100863023,9
20100872529,7
20100873410,10
20100873924,19
20100875463,25
20100876788,22
20100878489,7
20100880203,8
20100881943,27
20100883644,16
20100883725,11
20100891825,8
20100892716,23
20100894255,5
20100898242,25
20100898323,5
20100901481,40
20100903777,5
20100904315,33
20100904587,5
20100905800,17
20100906105,22
20100910129,16
20100912768,10
20100913225,7
20100919002,21
20100919690,7
20100920515,6
20100923611,9
20100924260,20
20100927285,28
20100935032,23
20100939887,22
20100940621,21
20100940893,5
20100948282,6
20100950180,6
20100954843,21
20100957354,22
20100957435,16
20100958083,8
20100960495,16
20100961114,21
20100962439,21
20100963834,22
20100965454,9
20100965888,19
20100966264,22
20100966426,6
20100969875,10
20100970377,20
20100971772,29
20100973473,14
20100974879,20
20100975841,20
20100976499,24
20100976570,5
20100977037,5
20100977380,5
20100977461,20
20100979757,23
20100981735,22
20100981905,22
20100985722,25
20100990998,21
20100992851,5
20100993237,7
20100995108,19
20100997496,16
20100997810,23
20100997909,24
20100999430,27
20101000975,7
20101002242,18
20101004881,10
20101009174,24
20101009255,21
20101010181,8
20101011403,12
20101013520,5
20101015492,23
20101016898,8
20101024483,12
20101024645,26
20101025617,9
20101026001,28
20101026265,23
20101029442,16
20101030882,25
20101030963,16
20101031340,18
20101031773,26
20101036813,23
20101037623,14
20101039910,23
20101045995,21
20101049397,22
20101049711,7
20101052771,22
20101053157,5
20101056091,20
20101057900,22
20101060013,6
20101064191,22
20101064515,9
20101065759,23
20101066721,15
20101066992,26
20101070671,18
20101071562,23
20101072453,22
20101073344,6
20101073697,6
20101077099,23
20101081282,7
20101082840,24
20101085199,25
20101085351,23
20101087566,18
20101087647,24
20101088295,24
20101088376,7
20101088619,9
20101088881,6
20101091083,20
20101091245,20
20101092306,5
20101093027,17
20101094007,23
20101094694,5
20101095747,8
20101095828,18
20101097448,11
20101098681,24
20101102204,22
20101105050,10
20101105211,7
20101105998,23
20101110568,23
20101110991,6
20101120105,6
20101120792,16
20101126481,22
20101126723,24
20101128777,26
20101128939,21
20101129153,22
20101130160,23
20101131565,9
20101132618,7
20101134157,5
20101134319,5
20101137091,6
20101142176,6
20101142681,6
20101148298,9
20101148531,18
20101149421,19
20101152210,23
20101152724,25
20101155405,15
20101155588,42
20101156631,5
20101158927,22
20101161634,17
20101162282,7
20101164901,20
20101165389,21
20101173560,6
20101191380,7
20101191975,5
20101192190,20
20101192947,7
20101200125,24
20101200397,23
20101206085,6
20101206247,11
20101209181,8
20101214771,6
20101215581,6
20101216391,7
20101216471,21
20101217010,24
20101224491,7
20101226191,6
20101226272,5
20101227082,24
20101228992,22
20101232671,10
20101240267,6
20101247431,20
20101247865,18
20101250572,27
20101251111,18
20101251382,15
20101252273,20
20101253164,5
20101256341,21
20101256422,19
20101258042,23
20101258476,18
20101259014,18
20101259448,21
20101260373,23
20101262074,6
20101266819,17
20101267467,18
20101268943,19
20101269834,19
20101270417,5
20101271570,5
20101273602,5
20101274919,12
20101275052,20
20101275133,22
20101276377,19
20101281371,13
20101281451,22
20101281702,5
20101281966,24
20101283403,9
20101284981,19
20101285449,23
20101290523,19
20101292810,21
20101294359,24
20101294430,26
20101297021,5
20101298770,22
20101298851,42
20101300341,24
20101302041,7
20101307868,9
20101308678,25
20101311202,15
20101311466,25
20101312519,24
20101312608,22
20101312781,5
20101312942,11
20101313833,23
20101314724,21
20101317316,21
20101322824,10
20101323634,9
20101324100,21
20101325416,7
20101327036,9
20101327117,6
20101327460,22
20101330258,23
20101330410,22
20101331653,20
20101333354,22
20101333940,8
20101334679,21
20101336370,8
20101337261,22
20101337341,17
20101341616,7
20101342264,5
20101344984,9
20101345018,24
20101346685,5
20101346766,7
20101348203,22
20101351921,21
20101353461,22
20101353975,21
20101354602,9
20101354947,6
20101359078,9
20101360831,5
20101362702,24
20101362885,20
20101363008,26
20101364152,22
20101368221,12
20101369464,21
20101372414,12
20101375359,5
20101379770,6
20101381243,9
20101383378,15
20101386717,8
20101387101,19
20101390315,5
20101391397,22
20101392369,17
20101394574,5
20101395031,26
20101396437,21
20101400132,10
20101400990,20
20101402348,9
20101409199,12
20101414940,10
20101415831,17
20101416560,11
20101417451,11
20101418341,23
20101420320,17
20101420591,16
20101420753,20
20101420915,6
20101421482,8
20101422888,17
20101425127,6
20101432760,5
20101440355,5
20101440860,5
20101453414,10
20101459706,8
20101461786,22
20101462910,22
20101484212,10
20101499911,14
20101500609,22
20101502059,6
20101520898,21
20101523056,7
20101532632,5
20101538088,6
20101538169,7
20101547401,6
20101550533,8
20101552315,21
20101556906,6
20101560504,22
20101563279,5
20101567428,22
20101567771,6
20101573401,7
20101578977,11
20101579272,8
20101587968,5
20101588930,22
20101589316,7
20101600140,8
20101600735,24
20101602193,16
20101602606,6
20101605290,20
20101606261,5
20101606695,17
20101607233,23
20101611699,24
20101615929,6
20101618511,6
20101618944,18
20101619240,5
20101619592,8
20101620256,13
20101624324,23
20101627692,21
20101628583,20
20101628664,17
20101635440,24
20101635873,22
20101636411,23
20101637221,24
20101639275,29
20101643621,16
20101647022,5
20101649319,20
20101652964,7
20101655394,23
20101656528,5
20101662846,6
20101666167,9
20101666329,24
20101667643,6
20101668887,10
20101670865,7
20101670946,6
20101671322,6
20101676120,22
20101679811,20
20101681476,5
20101681638,6
20101684815,5
20101695850,6
20101704603,7
20101705677,5
20101705839,21
20101710913,6
20101717098,21
20101720048,6
20101730191,6
20101733883,5
20101737528,8
20101744737,23
20101755771,22
20101758011,6
20101759173,11
20101759416,24
20101759688,24
20101764924,6
20101766382,22
20101770908,7
20101772358,6
20101775888,7
20101782744,9
20101792545,22
20101796532,21
20101810462,22
20101810624,6
20101813305,16
20101814450,24
20101830650,7
20101830731,21
20101834132,5
20101834566,17
20101838553,7
20101839444,6
20101842071,17
20101845681,6
20101849831,19
20101852971,10
20101869947,22
20101874941,26
20101875165,5
20101876137,22
20101881131,8
20101882706,20
20101884741,5
20101887414,6
20101888739,20
20101902740,12
20101904874,22
20101912974,5
20101914080,22
20101914837,5
20101915051,24
20101915132,10
20101916376,6
20101917003,5
20101920721,27
20101927815,7
20101931251,9
20101935168,7
20101936300,20
20101936997,7
20101939589,20
20101945040,6
20101947093,5
20101949380,20
20101949461,5
20101949541,7
20101951872,6
20101953069,7
20101961321,7
20101965156,22
20101967019,22
20101967108,21
20101970583,6
20101970664,6
20101972012,7
20101973922,16
20101974813,6
20101976867,20
20101984291,22
20101984614,5
20101991319,10
20101995811,17
20101996116,7
20101997431,6
20102002297,5
20102002882,21
20102009623,9
20102011873,7
20102011954,5
20102020511,5
20102021674,20
20102021836,20
20102022727,18
20102026471,6
20102026986,20
20102027109,5
20102028687,11
20102032871,5
20102032951,23
20102034148,5
20102035977,6
20102038054,21
20102039611,20
20102042591,9
20102045425,11
20102048106,25
20102049170,5
20102052049,11
20102053100,11
20102055145,5
20102067313,11
20102072660,6
20102075685,11
20102078781,38
20102081731,10
20102089635,24
20102091290,9
20102097069,24
20102101198,7
20102101601,5
20102102241,5
20102106319,12
20102108443,34
20102110341,5
20102110421,22
20102120494,21
20102124139,7
20102125372,22
20102127073,21
20102142030,20
20102154046,8
20102162651,10
20102167296,10
20102168349,6
20102173423,21
20102179898,25
20102181442,5
20102183062,6
20102183143,10
20102185863,35
20102187211,34
20102188293,8
20102190514,19
20102199571,10
20102211457,5
20102213077,19
20102216092,9
20102222220,17
20102234236,20
20102234821,7
20102237847,7
20102240040,24
20102244622,5
20102256558,29
20102257368,5
20102261551,24
20102261985,5
20102262361,22
20102266359,24
20102267240,5
20102270038,7
20102279256,26
20102285493,19
20102287437,20
20102289561,6
20102290730,6
20102293089,12
20102295961,20
20102297581,11
20102300042,16
20102301286,5
20102305273,22
20102306598,12
20102309180,24
20102309422,18
20102310781,25
20102311320,21
20102314264,5
20102314698,24
20102351038,23
20102351119,10
20102355297,16
20102361939,23
20102372035,10
20102378742,16
20102379048,5
20102399154,6
20102415371,13
20102423985,12
20102424523,9
20102426810,12
20102427891,40
20102428197,8
20102428430,8
20102434596,17
20102448384,5
20102462883,8
20102482990,9
20102486804,13
20102501293,14
20102502001,10
20102505957,13
20102527845,15
20102539185,14
20102562241,21
20102562322,23
20102636113,5
20102663277,7
20102664753,5
20102679866,7
20102696281,10
20102708394,13
20102725647,5
20102756364,23
20102762925,13
20102847670,12
20102881347,33
20102881690,21
20102890508,21
20102892381,21
20102911513,14
20102931387,12
20102937580,28
20102937661,12
20102939795,8
20102953356,7
20102954247,9
20102962347,14
20102982020,14
20102982372,14
20102984669,6
20102989890,17
20103030791,14
20103044155,15
20103081603,23
20103098913,10
20103100756,8
20103117560,12
20103129061,21
20103134065,19
20103163758,6
20103174016,12
20103196419,10
20103249121,11
20103267537,14
20103269319,20
20103272701,13
20103272964,24
20103290601,9
20103324786,5
20103324948,14
20103327378,16
20103327459,7
20103340048,13
20103342091,24
20103352135,12
20103358761,13
20103365628,25
20103416711,14
20103416982,18
20103430381,6
20103448591,11
20103560757,13
20103564159,6
20103594571,23
20103594651,11
20103626448,19
20103639426,5
20103668876,21
20103691771,7
20103714061,5
20103725187,18
20103733015,22
20103744211,7
20103745293,16
20103771880,10
20103792534,22
20103795631,17
20103802947,12
20103809445,7
20103818436,20
20103818860,15
20103829802,8
20103840369,10
20103845328,31
20103845913,17
20103854661,14
20103892598,14
20103902062,22
20103904430,8
20103912297,21
20103913340,25
20103921288,11
20103934266,7
20103941980,8
20103945039,21
20103964921,21
20103967199,7
20103984794,18
20104038639,18
20104082450,11
20104102744,16
20104108271,9
20104116532,14
20104117776,7
20104121374,13
20104124390,5
20104124802,12
20104139311,10
20104151524,6
20104160434,7
20104162135,5
20104166394,5
20104192638,12
20104228411,6
20104230581,5
20104246151,6
20104311076,10
20104318321,22
20104328475,11
20104347691,15
20104420282,28
20104443576,6
20104443657,10
20104443819,13
20104498044,15
20104505784,22
20104508023,15
20104532161,5
20104554564,12
20104582428,22
20104605223,9
20104624104,25
20104625500,12
20104695460,8
20104742301,7
20104758569,5
20104845704,9
20104848983,7
20104860762,13
20104888934,16
20104902864,25
20104932267,5
20104985204,8
20105043091,10
20105049294,8
20105087978,8
20105191104,10
20105191287,13
20105198290,14
20105266988,9
20105299991,16
20105300914,10
20105349921,18
20105367407,20
20105401605,19
20105499061,14
20105515015,5
20105528265,9
20105618761,15
20105752149,25
20105845074,8
20105864702,17
20105887079,7
20106026883,13
20106076635,27
20106109401,14
20106132306,9
20106156400,16
20106207837,8
20106235024,9
20106292508,9
20106414204,9
20106456977,5
20106472310,19
20106491292,5
20106498386,19
20106499196,8
20106502596,9
20106515906,8
20106522783,25
20106525375,17
20106540684,25
20106557498,19
20106566721,21
20106576280,11
20106620106,18
20106632376,25
20106636011,5
20106648965,6
20106649180,18
20106651087,26
20106695700,9
20106695963,20
20106696269,19
20106703818,7
20106730467,18
20106736741,20
20106740004,24
20106753751,21
20106758477,11
20106775304,6
20106782181,6
20106785288,21
20106793621,6
20106798266,8
20106831654,7
20106832111,21
20106836451,20
20106876321,20
20106878537,10
20106896276,23
20106897914,41
20106903230,24
20106910791,21
20106910872,23
20106919233,22
20106959022,9
20106969176,23
20106971235,23
20106975737,20
20106976113,22
20106977608,9
20106979643,18
20106981036,17
20106987581,6
20107004263,5
20107007441,8
20107012011,27
20107013092,23
20107034413,23
20107074474,23
20107077147,9
20107090593,7
20107097172,14
20107107313,11
20107113984,5
20107167481,7
20107177958,8
20107181637,14
20107198106,10
20107202570,6
20107203037,10
20107203975,17
20107208420,5
20107213695,6
20107223810,7
20107254294,7
20107254375,5
20107258958,11
20107259091,12
20107263013,5
20107271971,20
20107274724,9
20107277405,9
20107290177,30
20107290339,18
20107296451,5
20107300661,14
20107314378,20
20107318799,19
20107375083,5
20107396242,17
20107463705,29
20107481436,24
20107481860,23
20107494848,5
20107498088,14
20107517058,7
20107579673,22
20107589989,7
20107603647,5
20107648829,29
20107684469,17
20107695584,22
20107709801,20
20107717651,13
20107742256,20
20107743813,23
20107745948,9
20107751913,7
20107757521,7
20107758845,5
20107759736,23
20107770039,20
20107779842,6
20107798049,19
20107879804,6
20107884476,9
20107903951,5
20107914995,22
20107945793,23
20107945874,9
20107959239,7
20107972090,18
20107974467,23
20107975609,24
20107977130,6
20107997165,20
20108001535,20
20108022451,6
20108022702,17
20108026104,22
20108028492,25
20108038455,20
20108045231,22
20108056275,13
20108068281,17
20108069687,21
20108081202,10
20108089793,5
20108092310,7
20108110075,6
20108111632,7
20108116944,5
20108129841,23
20108217627,11
20108221578,5
20108236842,6
20108237148,19
20108252023,10
20108273705,5
20108279738,9
20108383471,19
20108407167,22
20108432510,6
20108444798,6
20108474867,25
20108475081,22
20108482614,20
20108485125,5
20108492504,8
20108528894,5
20108545128,17
20108550989,7
20108552841,18
20108555786,21
20108557053,7
20108560437,5
20108568098,10
20108568845,5
20108572109,7
20108572958,9
20108578301,17
20108605392,6
20108622050,20
20108629909,23
20108664640,10
20108669366,8
20108725614,24
20108730294,23
20108736659,10
20108767619,26
20108770750,15
20108772884,22
20108792648,6
20108811375,22
20108813742,23
20108824787,8
20108832887,22
20108841100,5
20108866277,8
20108878364,21
20108884097,20
20108898713,11
20108917521,22
20108938871,9
20108953838,23
20108967111,21
20108979985,19
20108983583,22
20109000770,21
20109015611,20
20109022668,20
20109068498,18
20109072177,30
20109073572,9
20109085660,24
20109104125,7
20109104397,31
20109114864,7
20109116051,23
20109161609,22
20109174841,20
20109195848,24
20109195929,6
20109201597,5
20109214222,20
20109225003,8
20109259838,18
20109259919,6
20109275019,6
20109278034,19
20109280101,5
20109283623,19
20109284786,9
20109284948,6
20109333159,23
20109346722,23
20109350754,20
20109358658,11
20109379736,9
20109423816,5
20109423905,18
20109447324,16
20109453057,20
20109458792,14
20109459683,8
20109464849,14
20109470067,6
20109474488,7
20109550419,8
20109551148,5
20109565017,33
20109573036,5
20109583422,12
20109602150,5
20109661598,5
20109705129,19
20109711447,22
20109714039,12
20109717216,9
20109730743,6
20109733092,21
20109753018,17
20109796841,25
20109827071,7
20109841812,8
20109843432,17
20109853748,6
20109863549,19
20109888291,23
20109895319,6
20109914984,20
20109922731,20
20109925757,27
20109929582,7
20109930751,31
20109951839,8
20109980855,23
20109986462,6
20110035757,7
20110044667,23
20110133091,11
20110152711,20
20110163160,6
20110168803,20
20110169109,10
20110200201,24
20110222867,8
20110226005,6
20110262141,7
20110276878,6
20110284978,24
20110302623,26
20110304324,18
20110304677,5
20110326999,11
20110335556,7
20110343907,22
20110345519,8
20110353538,21
20110366516,6
20110366869,5
20110367598,5
20110378956,5
20110399872,10
20110401796,18
20110405783,7
20110435852,5
20110451548,8
20110495324,5
20110504412,16
20110516691,20
20110531657,6
20110545445,16
20110545798,21
20110591391,32
20110598646,23
20110614609,17
20110619236,21
20110623420,11
20110629541,5
20110644427,19
20110651121,12
20110768151,23
20110787538,5
20110804483,8
20110807156,6
20110886196,19
20110931248,20
20110950544,10
20110963875,27
20110964928,17
20110974648,15
20111025739,27
20111032271,19
20111035378,22
20111064394,21
20111065013,19
20111078930,19
20111099341,6
20111116025,9
20111135241,22
20111157058,18
20111174653,7
20111179027,5
20111195570,10
20111205559,5
20111250856,5
20111284084,21
20111289477,8
20111328804,6
20111355526,13
20111395587,5
20111409391,6
20111426563,18
20111431729,5
20111434311,8
20111438227,5
20111443221,8
20111446165,17
20111451592,11
20111492868,14
20111523259,6
20111579718,19
20111579807,20
20111579980,20
20111580139,19
20111580210,7
20111580309,14
20111580643,20
20111580996,17
20111581291,19
20111581372,8
20111585441,7
20111611891,9
20111629758,7
20111640131,8
20111641022,13
20111650871,6
20111709433,18
20111709948,5
20111739855,19
20111740438,23
20111744425,5
20111767981,5
20111802131,22
20111857467,19
20111864595,21
20111876097,24
20111901628,15
20111958140,6
20111981044,7
20112013009,5
20112032216,5
20112182021,21
20112231413,23
20112257994,21
20112262050,5
20112273922,30
20112280201,23
20112294687,18
20112302370,26
20112312090,8
20112316249,24
20112328921,5
20112348957,6
20112351150,11
20112352041,10
20112378864,20
20112384082,21
20112396765,13
20112401351,22
20112412639,5
20112554778,5
20112654641,18
20112680480,5
20112714724,7
20112750798,23
20112799452,5
20112804553,17
20112809512,21
20112810791,5
20112810952,20
20112811096,13
20112816993,7
20112827171,23
20112827847,6
20112829891,15
20112831364,14
20112844423,21
20112860381,7
20112868951,8
20112885707,13
20112919377,16
20112927124,7
20112949101,17
20112958356,6
20112964917,7
20112999621,16
20113015765,21
20113080745,13
20113087758,22
20113092751,6
20113118149,6
20113126087,21
20113152169,6
20113186730,9
20113277964,23
20113301181,19
20113303809,18
20113326418,23
20113367955,20
20113381516,14
20113390345,19
20113439964,20
20113519135,14
20113528045,12
20113539594,23
20113574314,7
20113578735,12
20113582171,10
20113604248,42
20113611023,9
20113642093,11
20113657872,11
20113696266,5
20113711834,20
20113716712,14
20113733641,12
20113742047,13
20113758989,9
20113838401,11
20113856212,9
20113869209,16
20113873141,21
20113886987,8
20113901455,10
20113940515,18
20114022838,16
20114033449,10
20114044645,7
20114050025,21
20114050530,8
20114051188,13
20114067262,13
20114078469,5
20114105024,32
20114106691,26
20114111342,25
20114118274,17
20114135012,6
20114135951,15
20114136094,26
20114138895,10
20114158144,17
20114162508,22
20114169006,7
20114186199,12
20114200523,16
20114206050,9
20114208265,6
20114213773,6
20114213854,5
20114223060,6
20114275027,24
20114340619,5
20114362183,11
20114385981,8
20114393810,6
20114394468,9
20114542751,9
20114549178,5
20114614689,5
20114672026,11
20114673774,15
20114689425,14
20114701221,15
20114705480,8
20114754774,5
20114758842,6
20114759733,23
20114761045,8
20114803228,19
20114808025,14
20114821552,9
20114835260,11
20114838790,16
20114839176,51
20114841405,9
20114868192,13
20114876616,14
20114878821,12
20114883230,9
20114915026,24
20114916189,12
20114964078,6
20114967417,10
20115039262,19
20115123999,10
20115133102,5
20115133285,14
20115293568,14
20115300955,5
20115363019,12
20115377401,14
20115397428,23
20115425651,13
20115627105,7
20115627873,12
20115628683,7
20115635388,20
20115643216,5
20115672232,18
20115675843,8
20115683196,20
20115689399,13
20115691881,5
20115699271,29
20115707397,10
20115713362,9
20115713796,6
20115729528,12
20115763033,12
20115776283,13
20115793617,15
20115809394,19
20115830831,23
20115832027,24
20115847211,14
20115851919,8
20115866355,8
20115886381,24
20115889720,12
20115915828,14
20115937121,5
20115996305,9
20116009219,14
20116112575,10
20116121485,6
20116162599,6
20116225779,22
20116282063,13
20116311420,5
20116320682,9
20116326028,12
20116326290,8
20116326451,10
20116326613,12
20116337062,8
20116355559,15
20116406218,13
20116413931,9
20116461588,14
20116482313,19
20116485681,11
20116507596,8
20116510112,6
20116522714,9
20116527601,9
20116529051,12
20116529131,5
20116544289,12
20116548781,7
20116602581,9
20116689848,12
20117162533,5
20117182640,5
20117211411,6
20117227848,20
20117238530,20
20117322751,23
20117330347,23
20117331823,22
20117332714,22
20117338321,6
20117352235,6
20117356575,17
20117356656,20
20117357113,19
20117411185,20
20117430562,6
20117431615,23
20117470271,25
20117471161,8
20117476635,8
20117479499,10
20117486789,5
20117489371,18
20117509665,5
20117516793,8
20117591906,6
20117592899,18
20117597262,7
20117722857,7
20117751954,37
20117753221,10
20117754384,8
20117779379,25
20117788360,7
20117792634,16
20117813143,6
20117920144,31
20117925375,20
20117934013,22
20117949983,8
20117982255,22
20117999221,19
20118032021,18
20118096691,21
20118109938,11
20118110197,11
20118110278,7
20118180306,10
20118201401,21
20118237774,22
20118332505,18
20118393717,18
20118424612,8
20118430779,5
20118474555,20
20118476418,19
20118504055,21
20118524919,21
20118580746,15
20118588569,12
20118596740,22
20118626754,7
20118658958,11
20118664842,13
20118751656,14
20118792174,21
20118792336,10
20118798539,22
20118800371,9
20118800703,7
20118814836,6
20118815051,13
20118816707,9
20118816880,8
20118845472,8
20118866551,8
20118919344,12
20118926634,23
20118989806,11
20118992777,14
20118998384,5
20119029521,7
20119041148,12
20119055521,13
20119147051,5
20119161631,6
20119194998,15
20119198551,6
20119198713,10
20119205353,14
20119205868,17
20119205949,14
20119206163,15
20119206911,7
20119207305,16
20119207640,22
20119207992,17
20119243522,16
20119290792,8
20119303011,8
20119361991,5
20119384690,5
20119395543,10
20119402850,11
20119403236,5
20119407738,31
20119488398,12
20119546851,8
20119616060,12
20119645167,6
20119661286,11
20119750971,6
20119755931,6
20119777152,9
20119871761,7
20119873542,23
20119880328,9
20119901180,11
20119916705,16
20119917698,11
20119939667,5
20119944741,18
20119945471,6
20119969574,8
20120046307,8
20120055128,9
20120063571,9
20120099095,9
20120131916,5
20120221745,6
20120227433,15
20120298888,8
20120302401,8
20120332067,14
20120336992,9
20120385004,12
20120389760,6
20120455223,7
20120476816,24
20120480171,18
20120507126,15
20120507711,6
20120526775,17
20120537033,10
20120545303,14
20120550056,8
20120554710,10
20120571487,9
20120576365,11
20120578813,20
20120599063,23
20120638140,17
20120671198,12
20120671431,7
20120679687,9
20120695372,5
20120705866,9
20120710436,10
20120752601,24
20120788389,28
20120813324,19
20120823630,19
20120858425,27
20120862708,8
20120863771,14
20120877055,27
20120914279,20
20120931106,12
20120934971,7
20120955200,10
20120958136,12
20120969171,9
20121022169,22
20121085918,7
20121103754,8
20121111935,19
20121142148,19
20121145830,8
20121173299,6
20121178509,19
20121184061,19
20121198879,7
20121231833,16
20121277311,15
20121282403,22
20121288274,18
20121393736,22
20121428114,22
20121524776,18
20121557194,8
20121558751,5
20121563160,13
20121574790,5
20121597145,23
20121630291,5
20121656419,7
20121662737,15
20121666996,6
20121702461,14
20121726212,10
20121796857,9
20121797314,26
20121837634,11
20121876290,11
20121905907,9
20121952140,10
20121978025,5
20122008461,12
20122051804,21
20122065694,8
20122082513,8
20122093981,19
20122098274,14
20122123724,19
20122137784,6
20122138161,26
20122177816,10
20122211691,15
20122216145,22
20122238203,9
20122278337,21
20122293301,6
20122312969,18
20122337449,8
20122344143,9
20122377238,23
20122386229,15
20122408486,24
20122444521,18
20122450172,6
20122476309,15
20122478930,5
20122529780,9
20122535917,16
20122545637,18
20122549896,6
20122575382,19
20122583211,6
20122620434,25
20122667660,17
20122679919,5
20122696503,6
20122705693,6
20122720650,24
20122742114,17
20122746292,23
20122750214,5
20122793452,12
20122794424,19
20122801064,21
20122823971,5
20122828850,8
20122837506,11
20122840981,5
20122851835,22
20122882048,20
20122895883,6
20122909931,11
20122913881,5
20122922872,18
20122930620,5
20122963714,7
20122967116,18
20122967205,7
20122976883,5
20123030843,22
20123053037,21
20123053975,7
20123091397,9
20123109865,8
20123110367,22
20123163991,15
20123187157,17
20123205406,8
20123241038,8
20123254954,6
20123257899,19
20123266707,20
20123294662,14
20123299206,9
20123301898,10
20123311931,8
20123316658,19
20123335521,11
20123337906,14
20123356366,16
20123373708,6
20123387326,11
20123396589,7
20123434189,13
20123435070,5
20123444656,9
20123461313,22
20123468679,23
20123487541,24
20123488190,16
20123500823,16
20123512911,13
20123526385,22
20123531389,22
20123632576,5
20123659776,8
20123666551,19
20123699484,6
20123704585,10
20123711875,6
20123724004,20
20123734573,18
20123751664,6
20123760141,22
20123771266,5
20123781491,20
20123787855,5
20123790481,20
20123793740,5
20123812477,23
20123845642,5
20123964579,18
20123979339,13
20124039682,19
20124054649,14
20124057583,5
20124148970,24
20124163693,22
20124193339,9
20124227683,9
20124280657,23
20124367850,5
20124369631,6
20124374554,7
20124435367,8
20124458812,18
20124476632,16
20124538689,7
20124544221,9
20124598827,10
20124600589,11
20124632944,7
20124666687,27
20124686106,17
20124738262,22
20124794413,5
20124794847,25
20124869952,5
20124899517,5
20124923086,16
20124943273,18
20124952850,23
20124963894,23
20124994340,13
20125080694,6
20125097317,24
20125118501,10
20125138447,14
20125146466,10
20125230173,17
20125244476,6
20125309276,11
20125327509,25
20125347283,5
20125370773,17
20125376038,5
20125379304,21
20125380141,5
20125408258,7
20125412875,10
20125443754,18
20125449361,6
20125474129,19
20125485082,6
20125494821,5
20125495801,9
20125508716,23
20125511776,14
20125516140,10
20125546481,13
20125547614,5
20125625518,6
20125625780,24
20125645039,18
20125753869,18
20125755560,17
20125772227,6
20125831410,18
20125862561,22
20125865071,21
20125899723,20
20125942831,7
20125959483,24
20125960066,6
20125986880,24
20126009501,17
20126015900,23
20126052180,21
20126076101,5
20126098503,18
20126101652,9
20126140801,20
20126141956,13
20126152991,18
20126153709,17
20126158174,9
20126212055,6
20126236078,18
20126282690,10
20126312866,14
20126326069,18
20126339632,23
20126394226,5
20126426870,24
20126500603,11
20126579943,8
20126616733,9
20126634634,22
20126649402,5
20126702737,27
20126806435,6
20126841699,6
20126850680,8
20126895276,7
20126968176,10
20126980621,13
20127064131,19
20127100625,7
20127141224,5
20127143863,5
20127144321,5
20127171212,25
20127249009,8
20127251089,18
20127252646,8
20127315583,6
20127318761,14
20127355020,18
20127406970,11
20127407194,19
20127532681,5
20127543969,7
20127550663,7
20127577600,25
20127591009,5
20127614572,8
20127645613,21
20127649872,20
20127697508,14
20127705969,24
20127716812,7
20127733407,6
20127745910,22
20127765279,33
20127777951,5
20127882666,23
20127939366,7
20128040324,5
20128255282,21
20128322575,22
20128399870,6
20128515535,6
20128664531,17
20128706551,7
20128736892,12
20128806939,10
20128833154,7
20128836170,18
20128836251,15
20128847619,9
20128847881,13
20128848186,12
20128848691,10
20128915711,17
20128917501,9
20128924117,6
20128934261,8
20128951947,13
20128967606,14
20128985841,7
20129029308,12
20129159422,17
20129175975,35
20129191741,35
20129198754,20
20129227011,8
20129244292,14
20129258323,23
20129302322,9
20129345218,8
20129387301,12
20129396122,13
20129473992,6
20129509776,11
20129529530,14
20129531275,11
20129561263,13
20129570254,7
20129570505,10
20129576457,12
20129588463,17
20129593891,15
20129604175,18
20129605490,16
20129614481,12
20129628601,5
20129629160,15
20129646099,13
20129745232,7
20129765420,10
20129772043,11
20129826151,17
20129842351,11
20129846772,11
20129854953,23
20129871297,22
20129876175,6
20129908395,5
20129917891,19
20129957256,6
20129970945,9
20129971836,8
20129972301,9
20129973880,26
20129993139,27
20130060839,9
20130068490,8
20130081674,8
20130098488,38
20130111921,12
20130120599,24
20130177787,13
20130200789,32
20130290320,16
20130297685,14
20130319913,6
20130329471,5
20130330054,13
20130334980,21
20130376801,14
20130447679,19
20130449701,5
20130461311,6
20130471464,11
20130490680,6
20130517987,25
20130534211,20
20130556290,20
20130562001,7
20130577963,22
20130680896,27
20130740384,10
20130908749,14
20130982558,6
20131008610,8
20131011912,18
20131016396,16
20131016639,24
20131031867,8
20131034530,5
20131039507,5
20131044179,6
20131057238,6
20131057823,16
20131113243,7
20131145790,5
20131172258,16
20131173734,14
20131187441,18
20131191040,17
20131200057,5
20131250402,8
20131257164,12
20131257750,38
20131301244,6
20131308095,6
20131312017,13
20131312955,23
20131341386,5
20131356901,11
20131365722,7
20131365994,21
20131366028,18
20131366290,21
20131366451,15
20131366532,13
20131366613,22
20131366702,18
20131366885,14
20131367008,18
20131367423,21
20131367776,21
20131367857,19
20131367938,8
20131368071,21
20131368152,5
20131368233,8
20131368314,20
20131368403,7
20131368586,21
20131368667,10
20131368829,12
20131369043,14
20131369477,22
20131369639,5
20131369710,5
20131369981,19
20131370050,18
20131370301,21
20131370564,16
20131370645,11
20131371293,17
20131371455,22
20131372001,17
20131372184,22
20131372346,20
20131372427,14
20131372699,7
20131372770,22
20131372931,16
20131373075,22
20131373661,20
20131373741,22
20131376503,21
20131376686,6
20131376767,6
20131376848,22
20131377062,17
20131377224,21
20131377810,17
20131377909,21
20131378034,21
20131378115,17
20131378468,21
20131378549,17
20131378620,20
20131378972,20
20131379863,18
20131379944,11
20131380101,15
20131409959,6
20131453427,10
20131495006,23
20131495693,8
20131503891,7
20131507454,15
20131515805,5
20131522925,11
20131524545,9
20131529008,22
20131529181,20
20131559764,8
20131560266,7
20131565659,24
20131580615,9
20131589086,26
20131606606,5
20131609290,18
20131609371,22
20131609613,8
20131621311,16
20131630906,5
20131644109,16
20131644524,25
20131664801,7
20131667818,17
20131677457,17
20131685638,8
20131694548,8
20131708191,23
20131719559,17
20131797789,9
20131823020,21
20131835621,15
20131867744,19
20131872233,18
20131877201,5
20131911310,9
20131913282,10
20131914416,17
20131920491,12
20131961848,14
20131977761,9
20131992646,18
20132001902,13
20132002542,10
20132019607,16
20132023540,11
20132040550,10
20132051322,16
20132051675,19
20132062448,21
20132062529,12
20132062791,18
20132067831,9
20132098043,10
20132100552,23
20132108294,17
20132111082,16
20132111678,8
20132113611,10
20132120821,17
20132140261,12
20132153591,6
20132162230,6
20132171573,17
20132174246,17
20132176290,8
20132177342,8
20132218472,20
20132228354,9
20132228940,8
20132243230,38
20132264237,12
20132269549,8
20132272418,22
20132291714,17
20132292010,10
20132292109,19
20132340511,7
20132367800,31
20132373524,26
20132373958,16
20132377783,19
20132381624,21
20132497410,10
20132505455,7
20132509795,8
20132509876,10
20132509957,14
20132515680,22
20132517119,5
20132521655,11
20132628298,12
20132642797,15
20132670146,20
20132676004,17
20132677311,12
20132677825,23
20132697427,12
20132707597,22
20132712086,19
20132757187,23
20132825794,13
20132834351,18
20132923028,5
20132962511,7
20133007475,8
20133012983,22
20133013441,14
20133053744,11
20133058541,6
20133115448,11
20133122223,10
20133148532,23
20133176404,27
20133186035,12
20133208292,10
20133219499,15
20133417452,17
20133530003,26
20133531239,12
20133550292,20
20133591304,9
20133605291,28
20133637495,13
20133670191,12
20133696742,11
20133696823,9
20133700529,8
20133746278,16
20133780026,14
20133805207,5
20133823019,18
20133840533,15
20133843630,19
20133863584,5
20133864394,5
20133875833,16
20133877615,12
20133907034,10
20133930796,7
20133932659,11
20133932730,11
20133969064,7
20134052989,14
20134081229,22
20134094631,5
20134100622,6
20134112981,11
20134167298,23
20134169312,7
20134194341,16
20134226642,6
20134243903,6
20134257360,6
20134294303,21
20134296187,7
20134299950,6
20134309181,10
20134310431,5
20134311917,6
20134502003,16
20134540606,5
20134572630,8
20134626667,15
20134631661,7
20134676508,9
20134690080,24
20134753260,17
20134764628,14
20134786605,16
20134790467,27
20134794888,11
20134903334,5
20134903687,13
20134923874,8
20134968894,5
20135072797,10
20135222438,5
20135240681,20
20135303195,10
20135310213,18
20135314715,12
20135323897,6
20135355667,12
20135379256,8
20135414931,28
20135468941,19
20135591042,10
20135604551,17
20135621219,10
20135627845,8
20135699081,11
20135727394,16
20135890112,19
20135948641,24
20135961664,14
20135976009,8
20136009614,11
20136036778,18
20136058828,6
20136088221,5
20136096592,19
20136097131,11
20136114671,5
20136127064,5
20136138007,13
20136150473,29
20136165667,37
20136167104,10
20136178211,26
20136201132,13
20136201213,14
20136207840,14
20136216750,12
20136217306,6
20136222725,35
20136241789,25
20136247396,15
20136251407,11
20136258240,18
20136284593,10
20136341066,13
20136353315,12
20136367375,16
20136422813,22
20136424867,31
20136435397,22
20136437331,24
20136451244,8
20136492277,24
20136507720,19
20136508297,5
20136524063,21
20136530381,5
20136540930,9
20136568273,9
20136580486,10
20136583311,5
20136617746,21
20136629591,20
20136648625,8
20136649435,17
20136663268,6
20136696514,11
20136710797,11
20136717881,19
20136727410,22
20136740351,21
20136745582,18
20136751043,10
20136759966,5
20136788982,5
20136792319,8
20136831314,8
20136833368,6
20136836545,24
20136847237,23
20136848047,8
20136849019,23
20136890329,6
20136907400,36
20136909364,19
20136926455,5
20136930053,6
20136957253,23
20136961528,6
20136962923,5
20136974697,14
20137015987,22
20137076935,5
20137089166,5
20137109612,7
20137114705,7
20137117712,23
20137194628,7
20137210682,15
20137210763,5
20137252415,8
20137254205,13
20137289921,9
20137290180,18
20137291313,27
20137344883,5
20137374448,5
20137381223,18
20137393663,14
20137399866,17
20137401780,21
20137403723,7
20137418755,6
20137422604,20
20137425298,7
20137426693,5
20137428556,16
20137433126,17
20137455952,14
20137456843,5
20137457068,6
20137464439,16
20137478651,20
20137479975,14
20137484383,5
20137530911,20
20137551161,9
20137555230,5
20137584680,10
20137592437,8
20137595533,6
20137608961,13
20137697450,15
20137738822,8
20137741378,18
20137753384,19
20137760241,21
20137760674,25
20137787441,7
20137805872,8
20137843456,9
20137868955,14
20137892236,5
20137894107,19
20137911982,23
20137913179,5
20137913250,26
20137921601,18
20137926742,10
20137927714,7
20137973589,19
20137973821,15
20137974399,13
20137976171,25
20137983461,6
20137986648,7
20137992451,20
20138030726,5
20138052291,5
20138053939,5
20138063900,18
20138079148,5
20138080821,8
20138086438,19
20138090621,8
20138122256,18
20138128700,5
20138132642,18
20138139060,17
20138144578,6
20138149022,18
20138167438,17
20138168086,17
20138221157,21
20138251064,7
20138257003,5
20138262422,14
20138293069,18
20138334946,5
20138342451,5
20138367950,5
20138378218,7
20138389252,9
20138426476,20
20138427014,18
20138469019,7
20138476571,9
20138477119,6
20138529445,5
20138546617,6
20138563201,6
20138589189,6
20138645607,10
20138651917,25
20138679412,12
20138695884,9
20138705944,9
20138717101,5
20138755615,18
20138778402,9
20138851410,20
20138855083,11
20138860915,7
20138861300,17
20138893767,5
20138896782,18
20138915914,7
20138946470,18
20138998780,29
20139070721,18
20139070993,5
20139185464,11
20139190204,9
20139254610,18
20139303092,5
20139404522,15
20139422776,5
20139491077,18
20139499728,6
20139501994,22
20139524773,16
20139533683,10
20139536861,19
20139537166,19
20139537247,16
20139538561,21
20139543301,6
20139569874,8
20139580339,18
20139589638,27
20139596685,20
20139601271,6
20139605005,10
20139608951,18
20139641494,5
20139727968,5
20139795530,19
20139828055,9
20139903952,21
20139923635,18
20140080471,9
20140117499,9
20140166783,12
20140181405,20
20140184331,11
20140197239,25
20140231275,11
20140236668,10
20140244920,9
20140249212,7
20140262316,6
20140266575,6
20140312861,11
20140344801,18
20140412491,6
20140421058,8
20140434206,6
20140441083,9
20140452107,13
20140466663,7
20140481891,8
20140537781,7
20140603245,17
20140608476,17
20140656870,8
20140658571,20
20140688640,31
20140699501,9
20140743411,6
20140752593,11
20140859398,20
20140872491,6
20140882021,5
20140898024,5
20140899420,18
20140899691,20
20140899772,6
20140900371,18
20140900452,18
20140900614,14
20140900703,18
20140933032,7
20140941485,20
20140962644,18
20140964779,7
20140964850,18
20140989682,5
20141028686,19
20141151968,22
20141189850,37
20141230329,21
20141236521,19
20141323921,6
20141410904,8
20141418557,15
20141466101,9
20141488334,5
20141512651,9
20141528069,13
20141528221,11
20141569920,8
20141602137,5
20141627555,19
20141637941,20
20141705459,5
20141719671,8
20141722116,5
20141723601,18
20141748344,13
20141751990,9
20141755987,8
20141784901,7
20141785037,8
20141814312,12
20141876423,6
20141878477,13
20141897421,5
20141897935,7
20141923529,15
20141995350,7
20142027578,8
20142031923,12
20142035325,18
20142052921,12
20142053498,20
20142080207,16
20142080380,15
20142167744,6
20142202671,7
20142411246,8
20142444411,5
20142474086,5
20142477697,8
20142525764,7
20142527201,5
20142565049,13
20142582725,11
20142587280,21
20142607060,5
20142622701,6
20142659299,8
20142701597,11
20142750962,8
20142757207,16
20142772001,5
20142829551,22
20142834121,18
20142852293,8
20142861101,6
20142923492,24
20142953723,7
20142993270,9
20143079075,25
20143082297,10
20143099262,15
20143113940,22
20143114911,20
20143117341,7
20143117422,13
20143117775,12
20143122850,22
20143137296,15
20143166717,27
20143229816,27
20143281656,21
20143289479,10
20143296254,20
20143306667,21
20143382339,8
20143436447,8
20143547788,18
20143611893,8
20143612431,8
20143623042,10
20143625681,10
20143629679,10
20143643230,17
20143659233,20
20143659829,10
20143660088,8
20143660754,27
20143672418,8
20143692010,14
20143703313,23
20143743374,10
20143746713,12
20143885241,7
20143920764,23
20143988997,8
20144011725,20
20144031246,7
20144048301,21
20144054611,15
20144061587,9
20144088515,5
20144109458,24
20144116829,6
20144147899,8
20144148518,6
20144154241,14
20144166176,5
20144179405,6
20144189117,8
20144215649,20
20144246871,6
20144304315,21
20144341512,5
20144403054,22
20144442629,18
20144538570,25
20144605277,6
20144623259,7
20144640269,10
20144649215,10
20144684631,20
20144685106,5
20144691173,22
20144804393,9
20144955766,7
20144961146,21
20144976411,17
20145038384,24
20145074267,20
20145083924,20
20145109079,8
20145118493,20
20145137366,13
20145137447,5
20145154619,7
20145173915,12
20145175616,18
20145259399,8
20145380546,23
20145391076,6
20145420513,13
20145445001,6
20145548315,7
20145549711,9
20145558621,15
20145558892,17
20145584389,16
20145769249,7
20145819793,8
20145906254,19
20145913544,20
20145914354,5
20145915164,29
20145915326,22
20145919828,5
20145929386,6
20145930805,13
20145978590,17
20146008845,7
20146008926,7
20146009060,6
20146021191,7
20146121731,15
20146122893,25
20146123351,10
20146247084,9
20146501487,11
20146510982,9
20146524771,6
20146563911,6
20146586024,10
20146628398,9
20146640843,12
20146657142,6
20146673776,8
20146674403,12
20146678221,14
20146690191,12
20146698507,17
20146704914,7
20146705058,14
20146713824,8
20146714804,17
20146736875,9
20146745190,13
20146750517,14
20146751246,8
20146751327,17
20146751751,14
20146751912,12
20146752137,18
20146776664,16
20146791540,8
20146794565,6
20146796347,19
20146806679,8
20146809341,17
20146822011,11
20146898697,7
20146917314,7
20146919368,10
20146921427,8
20147034467,9
20147082518,14
20147103299,5
20147103370,6
20147115114,8
20147129417,8
20147154365,11
20147169711,7
20147170212,12
20147170565,8
20147171456,14
20147174129,11
20147175443,5
20147184353,13
20147184434,5
20147222620,8
20147238381,15
20147264543,22
20147265272,35
20147276398,6
20147303115,9
20147345209,10
20147346434,8
20147385413,7
20147409703,15
20147552506,6
20147567449,9
20147626712,9
20147673478,9
20147676574,6
20147705850,8
20147711159,7
20147720492,24
20147721111,9
20147725966,27
20147733713,7
20147735686,16
20147736577,23
20147736739,19
20147739835,9
20147765321,8
20147796715,12
20147796987,14
20147797011,8
20147797100,17
20147797363,10
20147802545,22
20147814047,5
20147818387,17
20147824786,8
20147829583,14
20147830671,21
20147831308,19
20147844621,10
20147845431,5
20147847727,11
20147857528,10
20147859148,6
20147859652,21
20147863251,8
20147864575,20
20147864656,20
20147866357,6
20147869887,7
20147878959,18
20147883952,18
20147889721,11
20147890061,16
20147897317,18
20147897406,7
20147900989,17
20147913886,6
20147917954,16
20147918411,18
20147960370,6
20147960612,26
20147965762,6
20147965843,6
20147966653,7
20147972891,6
20147977779,6
20147989432,9
20147994355,18
20148000426,18
20148000698,18
20148000850,16
20148009130,14
20148020028,19
20148020966,5
20148021261,8
20148029912,5
20148032204,8
20148042005,19
20148061565,5
20148067091,7
20148067768,15
20148068144,5
20148068900,6
20148075353,18
20148092282,10
20148095541,6
20148102776,9
20148105872,6
20148116211,17
20148116645,6
20148129623,5
20148131873,21
20148135780,7
20148143537,19
20148170771,7
20148170933,8
20148182788,6
20148241385,13
20148241971,13
20148260843,8
20148261572,9
20148289825,12
20148304565,10
20148312665,5
20148313041,21
20148316148,6
20148317543,18
20148332771,20
20148346055,13
20148349747,11
20148380580,5
20148381985,10
20148420638,9
20148420719,7
20148420981,6
20148421103,9
20148439142,6
20152960621,16
20152967471,5
20152986859,21
20153014907,14
20153016608,11
20153044059,7
20153089401,22
20153138622,14
20153139271,17
20153154237,10
20153159972,20
20153236551,20
20153251194,11
20153263524,23
20153270814,22
20153316156,5
20153316237,10
20153334308,19
20153342157,14
20153345504,5
20153361968,6
20153389897,14
20153395943,23
20153430366,6
20153534901,19
20153557943,8
20153614092,8
20154432516,9
20154433750,5
20154434217,10
20154440373,11
20154446738,9
20154466500,7
20154469941,19
20154470108,5
20154470281,8
20154477374,8
20154477536,7
20154481991,10
20154482459,5
20154489895,7
20154491105,14
20154491288,14
20154491521,6
20154491873,13
20154523317,20
20154531921,23
20154542532,16
20154543776,6
20154544667,8
20154598082,12
20154639293,22
20154645005,5
20154647121,21
20154647393,18
20154682385,7
20154697650,26
20154727826,13
20154763628,19
20154769405,5
20154850784,19
20154878522,6
20154935267,28
20154954725,7
20154988620,23
20154996991,12
20155140942,15
20155205823,7
20155236389,6
20155261570,38
20155274477,7
20155611147,9
20155670666,11
20155677911,18
20155695901,22
20155770881,20
20155793075,21
20155935473,17
20155945860,19
20155957523,5
20155983109,12
20155998718,7
20156003060,7
20156046974,11
20156047865,13
20156058719,8
20156071731,7
20156074242,8
20156177483,12
20156178889,19
20156181596,13
20156198481,13
20156216306,6
20156217370,5
20156259960,20
20156278751,27
20156284051,18
20156302997,5
20156342352,5
20156399036,19
20156446301,8
20156464890,19
20156630731,15
20156656021,9
20156695191,7
20156696596,7
20156720217,20
20156745554,7
20156754626,18
20156754898,18
20156801055,17
20156930963,9
20157036794,23
20157084926,13
20157217748,5
20157304551,5
20157385292,6
20157429681,19
20158029872,6
20158149690,5
20158165113,11
20158219655,20
20158279984,21
20158820260,11
20158910331,7
20158915724,7
20158934605,11
20158939313,10
20158939402,5
20158939666,8
20158956757,5
20158990009,10
20159075410,24
20159133711,11
20159190782,5
20159199062,11
20159215360,11
20159249698,7
20159294995,7
20159308881,8
20159308961,5
20159311598,8
20159315585,6
20159316981,6
20159386253,8
20159465048,7
20159469388,20
20159470980,15
20159473148,37
20159475191,25
20159478883,6
20159515240,8
20159528228,19
20159553419,8
20159554229,20
20159664831,11
20159761526,7
20159873839,17
20159927190,17
20159981216,24
20160045532,18
20160048043,29
20160056062,21
20160058430,23
20160087294,5
20160177013,19
20160272784,23
20160286068,7
20160303761,19
20160314452,8
20160340534,6
20160346061,5
20160349914,21
20160364719,10
20160383187,18
20160394031,18
20160394111,5
20160395274,5
20160404796,21
20160453908,9
20160459345,13
20160479290,13
20160516161,20
20160535386,9
20160600382,12
20160641810,20
20160643278,7
20160644592,19
20160666308,12
20160672880,10
20160696631,22
20160705052,6
20160766191,7
20160771861,8
20160809770,6
20160852195,13
20160880059,5
20160883155,14
20160919010,5
20160948974,6
20161096068,5
20161101321,9
20161156575,5
20161178897,17
20161242064,8
20161292240,13
20161326322,11
20161354377,14
20161450767,17
20161492257,7
20161500292,13
20161516709,16
20161541991,19
20161566552,9
20161572366,15
20161572528,17
20161572871,11
20161574903,22
20161633098,5
20161635899,12
20161636780,27
20161662357,19
20161738272,22
20161749126,11
20161800920,12
20161864812,10
20161915239,6
20161950069,23
20161968511,5
20161968600,19
20162003799,16
20162041291,8
20162053206,20
20162117379,6
20162117964,12
20162275012,9
20162290089,5
20162298659,11
20162333586,18
20162335520,27
20162337816,19
20162348931,30
20162361440,7
20162361954,16
20162368452,9
20162368614,7
20162368703,12
20162427301,5
20162439147,12
20162476778,6
20162483715,10
20162507754,6
20162511191,16
20162554167,16
20162560302,13
20162574435,30
20162580672,18
20162586956,8
20162596838,8
20162662300,9
20162663373,9
20162683218,9
20162685181,5
20162687558,5
20162705041,7
20162712501,5
20162719344,5
20162767403,16
20162842031,18
20162911962,7
20162917651,5
20162928857,5
20163051118,11
20163065330,14
20163109647,7
20163138400,9
20163164401,5
20163449669,8
20163452023,7
20163453771,11
20163509238,9
20163529263,6
20163549027,9
20163582156,7
20163611512,7
20163652201,17
20163686105,5
20163707200,5
20163768764,22
20163795494,14
20163817218,8
20163886457,14
20163898200,21
20163901197,18
20163901430,6
20163930961,5
20163947693,7
20163969077,6
20164032613,11
20164032702,6
20164042686,21
20164061982,5
20164091466,9
20164091547,6
20164110436,5
20164113532,20
20164359701,11
20164503080,11
20164632726,17
20164653995,6
20164654967,19
20164762263,5
20164766251,6
20164793738,17
20164841996,14
20164879454,14
20164890423,5
20164925316,8
20164937594,11
20164953794,9
20164995870,11
20165009925,22
20165016115,21
20165050135,15
20165230974,17
20165250908,5
20165290284,11
20165318391,10
20165465858,12
20165531664,5
20165607407,10
20165702141,6
20165778121,7
20165908601,8
20165982836,7
20166018022,43
20166028842,8
20166046158,9
20166103054,6
20166132585,21
20166164789,5
20166167613,25
20166263922,12
20166311242,6
20166376701,21
20166378070,23
20166485232,5
20166514607,7
20166522375,5
20166667934,10
20166717389,31
20166722200,10
20166866031,19
20166958238,6
20167217789,13
20167232745,17
20167246029,7
20167264868,18
20167315446,17
20167320288,17
20167341447,7
20167343652,10
20167657592,5
20167700277,14
20167712283,6
20167736468,10
20167741208,9
20167788930,9
20167795120,22
20167858067,19
20167868968,9
20167877444,8
20167880151,6
20167884491,25
20167921109,22
20167930868,23
20167944222,18
20167946276,7
20167990330,11
20168007168,8
20168014962,8
20168076640,6
20168083263,12
20168139072,16
20168142375,16
20168217723,18
20168300540,13
20168313790,8
20168315571,6
20168364513,18
20168386169,19
20168389001,16
20168406887,11
20168408740,27
20168420014,15
20168483288,5
20168488085,8
20168496690,19
20168500042,6
20168544252,21
20168548916,11
20168565683,6
20168583827,5
20168691395,16
20168702346,23
20168737565,20
20168768282,8
20168805072,21
20168899204,7
20168903597,11
20168910020,16
20168922541,5
20168948779,22
20168949406,10
20168999926,5
20169004359,18
20169022411,9
20169040231,9
20169044733,23
20169754862,7
20170020155,18
20170026609,9
20170040938,25
20170044844,5
20170051891,8
20170072465,31
20170217293,5
20170245823,14
20170258216,6
20170258305,5
20170276621,14
20170291345,7
20170302134,6
20170327391,9
20170354363,8
20170404051,14
20170417381,9
20170417543,12
20170422971,6
20170499418,5
20170503628,8
20170517173,17
20170517254,17
20170517335,17
20170517416,9
20170517505,16
20170517688,17
20170517840,19
20170517921,19
20170573081,7
20170602448,15
20170610548,18
20170613725,11
20170623526,11
20170639520,10
20170715056,18
20170717261,21
20170975805,9
20170998252,12
20171030839,5
20171036284,20
20171147787,9
20171155704,8
20171253544,9
20171257531,8
20171299889,5
20171312222,6
20171496366,5
20171515689,5
20171545677,21
20171589372,6
20171602492,8
20171604355,24
20171636982,8
20171649294,19
20171659257,8
20171661588,9
20171687625,14
20171707596,12
20171719179,5
20171720690,8
20171723796,24
20171724687,11
20171726205,24
20171727431,6
20171727783,12
20171751145,13
20171775834,8
20171775915,11
20171779660,10
20171813949,5
20171827656,11
20171856915,7
20171870071,8
20171880115,12
20171880620,12
20171895147,9
20171994048,24
20172013521,21
20172023089,13
20172030611,6
20172045210,19
20172082417,6
20172127291,7
20172155317,5
20172176403,6
20172205195,13
20172237127,7
20172241078,7
20172245065,9
20172278079,7
20172291849,10
20172299581,9
20172303014,6
20172318551,9
20172321004,14
20172328432,12
20172336451,9
20172337261,15
20172357378,6
20172361138,5
20172373144,7
20172383531,6
20172425632,12
20172427171,5
20172441751,7
20172481621,10
20172557628,8
20172600906,17
20172618864,7
20172627421,16
20172629637,13
20172670432,6
20172703896,5
20172725865,11
20172781005,7
20172849327,5
20172899260,5
20172955518,6
20172976434,5
20172977911,17
20173014971,19
20173074108,23
20173111402,16
20173119641,11
20173126345,10
20173136499,30
20173173181,17
20173188537,6
20173189932,11
20173218541,7
20173223626,27
20173264659,10
20173540354,5
20173809663,10
20174159484,5
20174169285,12
20174312932,19
20174327026,13
20174349348,14
20174399957,24
20174432245,8
20174494518,7
20174614271,21
20174715972,8
20174738085,8
20174790320,5
20174816221,13
20174851728,8
20174909157,5
20174929697,6
20175031627,21
20175039288,10
20175077023,30
20175083937,9
20175089030,10
20175089111,22
20175099931,10
20175140591,8
20175201727,10
20175212095,5
20175225154,5
20175226801,6
20175229907,10
20175239023,9
20175260499,11
20175293401,12
20175295101,7
20175307711,5
20175346962,21
20175439545,5
20175508610,19
20175638742,8
20175642341,24
20175674382,16
20175800868,7
20175903837,6
20175975234,7
20175975315,12
20176074567,19
20176170876,10
20176231506,10
20176272440,6
20176305046,10
20176316676,10
20176331390,8
20176689511,12
20176699079,5
20176709139,16
20176735725,8
20176737426,11
20176770474,24
20176772337,7
20176800217,20
20176840359,15
20176902214,5
20176902486,5
20176943247,28
20176975289,7
20177176771,16
20177217043,5
20177273547,6
20177353656,9
20177395227,19
20177402533,5
20177428095,6
20177449254,10
20177497658,9
20177565751,20
20177641449,18
20177698122,13
20177701441,10
20177901963,5
20177941591,9
20178027639,7
20178150830,19
20178184068,8
20178186869,7
20178199251,9
20178276698,5
20178285336,23
20178313488,17
20178344952,15
20178500083,7
20178503261,9
20178647343,16
20178732707,6
20178825110,10
20178826353,6
20178833643,9
20178837398,9
20178843282,9
20178974620,21
20179151422,16
20179249660,10
20179261449,7
20179299411,7
20179318653,7
20179320712,12
20179525101,7
20179576351,30
20179607680,11
20179615518,5
20179620945,10
20179649846,5
20179933307,7
20180061119,8
20180260316,5
20180312481,6
20180401238,5
20180456300,5
20180516647,6
20180571311,8
20180784579,18
20180817680,6
20180848054,14
20180961292,7
20180966332,5
20181003040,6
20181009161,5
20181079968,14
20181089092,8
20181109891,10
20181197570,5
20181508168,6
20181658135,5
20181709066,6
20181848180,5
20182012328,15
20182013995,8
20182029999,11
20182070280,6
20182077705,10
20182097056,5
20182126412,5
20182163962,10
20182181600,8
20182246078,15
20182574245,6
20182762327,5
20182785611,5
20182810585,7
20183034180,10
20183093941,9
20183260431,8
20183560400,6
20183717406,8
20183806255,24
20183946260,18
20184022207,9
20184047889,10
20184144817,14
20184393442,6
20184516111,6
20184569745,25
20184663920,9
20184778824,23
20184781701,13
20184784476,10
20184861217,9
20184880513,7
20184905443,11
20185010237,7
20185078974,11
20185129129,9
20185157921,8
20185243762,5
20185420133,20
20185481272,7
20185499996,7
20185600549,7
20185646964,9
20185851975,9
20185862748,8
20185867464,6
20185897967,6
20185898343,5
20185972179,11
20186124961,5
20186237651,13
20186272642,23
20186341393,7
20186370571,23
20186443391,8
20186668392,7
20186788886,8
20186830670,8
20186862954,9
20187071284,8
20187125121,10
20187266026,6
20187346488,20
20187362840,5
20187363731,5
20187377103,8
20187384142,9
20187459258,9
20187503095,6
20187508135,8
20187639825,8
20188026606,9
20188334840,7
20188362207,20
20188510834,13
20188714596,11
20188799729,8
20188808817,10
20188903488,10
20188913106,10
20188930027,8
20188938354,11
20188948741,6
20188957146,12
20189111321,7
20189153831,5
20189337303,5
20189461730,5
20189498064,5
20189541334,5
20189563222,7
20189815051,6
20189921838,5
20190016103,21
20190169601,9
20190178189,5
20190230954,10
20190242961,6
20190345344,10
20190477259,12
20190520286,6
20190583369,8
20190595618,6
20190784429,11
20191021496,10
20191028075,8
20191049072,6
20191100876,7
20191223285,8
20191308868,30
20191338856,24
20191359934,7
20191479247,5
20191503482,23
20191574665,14
20191577681,16
20191603941,9
20191608233,15
20191631057,5
20191703066,7
20191731434,15
20191732678,7
20191771657,17
20191777850,9
20191808241,19
20191811462,18
20191889062,11
20191899963,10
20191948093,9
20192036977,7
20192041202,7
20192245461,7
20192280886,7
20192401004,10
20192776407,18
20192779333,31
20192952574,12
20193040277,13
20193063218,12
20193065938,8
20193099166,14
20193112791,12
20193146423,9
20193305599,6
20193309586,5
20193336397,17
20193681655,19
20193696920,24
20193996133,12
20194016001,5
20194079266,5
20194102349,10
20194235497,6
20194320419,19
20194484365,14
20194541008,5
20194627492,8
20194640243,23
20194695226,6
20194735384,6
20194773120,7
20194799862,6
20194802839,6
20194819561,9
20194852429,7
20194993758,24
20194994053,21
20195011169,21
20195122238,10
20195130419,5
20195238961,9
20195243299,10
20195499765,9
20195592200,18
20195641006,7
20195669601,5
20195979201,12
20196022571,7
20196235648,5
20196241613,6
20196437194,12
20196629000,16
20196722808,24
20196769863,5
20196785044,10
20196818236,11
20196899643,17
20197116171,9
20197163250,10
20197172321,22
20197235269,5
20197246384,10
20197260701,5
20197398567,14
20197427681,8
20197543672,19
20197573580,14
20197585243,11
20197610965,7
20197705249,24
20197791226,5
20197803178,20
20197900378,5
20198033414,7
20198099199,11
20198209717,21
20198274705,26
20198459748,14
20198461050,8
20198542564,7
20198638243,5
20198642861,9
20198667260,9
20198746992,11
20198909026,7
20198954757,11
20198958582,9
20199141946,7
20199144961,11
20199160819,11
20199189710,8
20199283066,7
20199363507,8
20199378873,12
20199405781,7
20199439503,10
20199530501,9
20199539478,5
20199800061,10
20199818351,11
20199904192,13
20199911563,9
20200021747,22
20200131411,10
20200140916,22
20200162723,22
20200372370,5
20200465203,5
20200567626,5
20200636458,17
20200737211,6
20200768109,11
20200799675,5
20201018812,18
20201022925,5
20201074488,6
20201168547,10
20201187410,13
20201298327,21
20201475555,18
20201545430,8
20201683158,7
20201842647,6
20201889368,6
20201987297,7
20202020098,6
20202052968,7
20202211438,8
20202250760,9
20202287175,10
20202410121,5
20202455817,9
20202540334,22
20202576878,7
20202656391,9
20202656634,10
20202660232,11
20202698124,6
20202961518,20
20202997113,10
20202997890,5
20203058781,9
20203071702,12
20203252324,25
20203283122,8
20203293781,7
20203353431,8
20203577622,5
20203599430,21
20203650729,13
20203747641,9
20203769963,17
20203777982,6
20203860961,16
20203866497,14
20203900938,7
20203936029,8
20204060623,5
20204064025,10
20204156060,21
20204165051,8
20204165646,5
20204217468,16
20204401471,5
20204441007,23
20204621242,29
20204639028,11
20204715654,12
20204783498,15
20204844381,26
20204921807,21
20205002988,6
20205344609,6
20205369423,5
20205405918,7
20205449702,5
20205467603,26
20205487116,8
20205557181,21
20205572229,23
20205605500,27
20205746740,9
20205781812,8
20205799193,5
20205814095,6
20205922149,25
20206018411,14
20206046547,20
20206062402,14
20206106621,24
20206125170,22
20206188503,13
20206228815,16
20206344301,12
20206347156,6
20206357208,5
20206432692,24
20206518571,10
20206566621,7
20206569485,5
20206570068,5
20206603501,6
20206639289,21
20206707110,13
20206709830,9
20206738937,6
20206882469,10
20206895528,6
20206932741,23
20207053377,6
20207056121,19
20207080005,22
20207133303,13
20207153088,9
20207167623,6
20207178315,7
20207190285,17
20207190951,14
20207216420,16
20207278298,7
20207279006,12
20207313204,5
20207338029,20
20207522032,5
20207552616,5
20207553698,10
20207617173,8
20207753786,12
20207764711,6
20207770796,24
20207782964,17
20207798534,11
20207809676,8
20207844072,18
20207845044,19
20207889688,14
20207890261,10
20207896463,10
20207903931,7
20207931471,5
20208058976,6
20208066481,11
20208154266,9
20208197232,5
20208199448,7
20208253086,5
20208310730,15
20208388925,24
20208407148,22
20208423003,23
20208473523,23
20208506120,21
20208672721,19
20208752759,13
20208820266,8
20208921020,7
20208947509,5
20209000831,5
20209133394,27
20209239541,14
20209302846,6
20209361427,9
20209376378,8
20209443237,11
20209483379,7
20209526523,9
20209527929,15
20209541590,8
20209762251,22
20209981484,16
20209984319,10
20210064673,10
20210441213,22
20210456831,9
20210697528,6
20210937693,6
20210972847,5
20210975862,9
20211033224,10
20211040352,23
20211040433,5
20211110661,20
20211448602,7
20211493225,5
20211605805,5
20211614545,21
20211683199,22
20211900718,5
20212025098,6
20212149145,11
20212177785,6
20212230180,18
20212246698,11
20212331377,12
20212331881,20
20212387755,17
20212449611,15
20212561534,22
20212607976,7
20212632067,5
20212687040,7
20212894347,21
20212971601,22
20212980774,22
20213053915,22
20213332636,7
20213370481,8
20213447611,22
20213503384,17
20213521447,12
20213529774,8
20213533372,14
20213555180,7
20213568672,5
20213635531,21
20213747925,8
20213787552,8
20213849841,6
20213879759,8
20213882547,5
20213900898,10
20213907477,23
20213991672,5
20214059062,27
20214066352,11
20214066948,7
20214121043,19
20214155967,9
20214224101,21
20214579066,6
20214704812,7
20214821452,16
20214920787,27
20214933684,7
20214976570,8
20215195539,23
20215229883,23
20215232086,20
20215235859,11
20215276024,22
20215308911,9
20215365124,23
20215462910,5
20215528791,25
20215644431,23
20215645836,21
20215702813,8
20215744907,5
20215859399,6
20215867901,6
20215887929,5
20216072155,17
20216094710,5
20216182091,6
20216182252,23
20216182333,18
20216244541,5
20216249934,29
20216293593,18
20216414056,12
20216492529,14
20216501021,23
20216510365,8
20216528141,10
20216587406,6
20216615388,16
20216615540,6
20216765860,12
20216789611,15
20216839570,6
20216907834,17
20216947038,9
20217012547,11
20217240256,22
20217265674,22
20217265917,20
20217267618,12
20217276951,20
20217427593,35
20217541884,5
20217807311,5
20217852456,13
20217857415,7
20217934932,7
20218241787,5
20218249257,8
20218339167,12
20218397523,5
20218413740,6
20218613595,10
20218633511,22
20218681086,5
20218786261,24
20218819533,22
20218845615,21
20218916903,7
20218917209,7
20219038683,21
20219078987,9
20219178264,21
20219310553,7
20219316675,7
20219330660,7
20219454636,5
20219539119,16
20219597232,12
20219605600,17
20219703954,21
20219774207,24
20219801531,23
20219870851,6
20219884991,6
20220015743,11
20220168655,5
20220199968,22
20220262911,9
20220313337,17
20220413471,5
20220420095,16
20220468705,9
20220499767,9
20220539572,15
20220557805,6
20220631541,5
20220724809,18
20220809898,6
20220894551,9
20220905269,10
20220964869,18
20221047568,8
20221084684,39
20221150733,6
20221172117,7
20221259581,47
20221368283,13
20221438834,6
20221557761,7
20221560800,5
20221642873,12
20221735456,17
20221772220,8
20221772491,12
20221943482,26
20221945345,11
20221965290,10
20221980175,5
20222043272,6
20222115796,5
20222225206,13
20222237123,12
20222335052,17
20222356645,17
20222360677,8
20222375518,7
20222419311,7
20222874352,6
20223020195,8
20223152695,9
20223351205,7
20223353089,10
20223489819,7
20223602992,5
20223610073,6
20223664165,5
20223883801,7
20223938478,7
20224133333,5
20224133929,24
20224159642,20
20224310481,8
20224524367,9
20224665009,10
20224748397,6
20224749440,11
20224796367,5
20224800810,7
20224853263,5
20224910321,7
20224973242,14
20224983043,18
20224985330,11
20225058319,8
20225064980,6
20225116459,7
20225246239,10
20225247715,7
20225257354,5
20225368261,5
20225388297,8
20225471607,7
20225684694,22
20225697672,6
20225700649,11
20225722537,8
20225803618,6
20225886645,6
20225900907,6
20226013696,11
20226013939,11
20226220560,8
20226220641,5
20226223585,5
20226294687,9
20226358081,5
20226406744,18
20226505564,6
20226559222,15
20226727541,5
20226743236,12
20226786555,23
20226804553,19
20226820834,15
20226909576,14
20227150468,12
20227320487,8
20227330873,5
20227342456,6
20227496682,5
20227516624,16
20227553236,15
20227565242,10
20227601818,13
20227623544,12
20227651165,13
20227723760,12
20227729709,16
20227736233,14
20227765331,21
20227876167,6
20228051854,10
20228319768,52
20228372651,20
20228443264,8
20228541355,15
20228700178,5
20228715523,10
20228774881,9
20228844251,5
20228900771,15
20228938824,13
20228941612,17
20228985237,13
20228996786,6
20229104421,6
20229263570,8
20229389913,5
20229482026,5
20229485122,5
20229606795,6
20229615603,11
20229657942,10
20229676220,6
20229677200,28
20229714253,6
20229861809,12
20229867246,39
20229910192,10
20230072311,12
20230073474,8
20230151297,10
20230152340,6
20230320668,16
20230362310,7
20230397709,7
20230557757,18
20230608688,20
20230644307,20
20230751308,13
20230753777,9
20230767131,15
20230791512,12
20230911607,16
20230960721,7
20231026844,7
20231031848,9
20231102371,7
20231217356,8
20231266993,19
20231269071,32
20231326210,6
20231328425,5
20231359223,5
20231363255,10
20231465414,6
20231575279,11
20231602691,6
20231830562,13
20231843460,27
20232206285,8
20232236273,8
20232273985,10
20232473640,10
20232566818,9
20232568195,7
20232663694,6
20232665476,5
20232694905,5
20232818485,5
20232860767,9
20232985977,6
20233104818,7
20233107833,9
20250122323,10
20250241845,6
20250270608,6
20250406941,23
20250431971,6
20250447117,10
20250505176,5
20250587474,5
20250650001,19
20250754397,5
20250857013,12
20250975563,24
20251000264,21
20251011461,23
20251015458,18
20251267341,8
20251293181,24
20251295809,15
20251307581,14
20251357413,25
20251380237,19
20251474304,15
20251505111,20
20251543390,6
20251549835,21
20251637025,13
20251729574,21
20251734497,23
20251749095,22
20251764051,8
20251850993,23
20251861685,21
20251864439,6
20251900842,22
20251952648,22
20251967751,6
20251995967,25
20252006835,7
20252011910,23
20252062077,23
20252099311,8
20252109308,20
20252132466,6
20252188330,7
20252212907,5
20252254651,23
20252285297,5
20252457411,6
20252471759,18
20252501178,6
20252575457,21
20252583476,5
20252660217,17
20252796623,22
20252799215,7
20252814036,23
20252873636,13
20252883941,9
20252947265,11
20253014556,6
20253023628,8
20253071193,19
20253088592,5
20253259826,5
20253319403,20
20253339005,8
20253383241,20
20253401673,6
20253462389,11
20253541505,5
20253570785,6
20253605163,5
20253683636,20
20253728168,6
20253757931,25
20253766337,13
20253768119,20
20253799855,14
20253859009,8
20253881438,33
20253946661,21
20253961466,21
20254009254,22
20254031268,5
20254053822,24
20254138577,22
20254160742,20
20254165035,20
20254305066,21
20254355322,5
20254356051,10
20254437485,5
20254507874,23
20254529924,14
20254556654,31
20254570134,21
20254637654,6
20254664465,6
20254713423,6
20254765814,10
20254813720,24
20254820424,5
20254929353,7
20255020278,21
20255063325,8
20255081650,12
20255135253,21
20255139755,16
20255154479,9
20255162579,9
20255172884,20
20255254937,21
20255315669,17
20255361695,22
20255364287,15
20255387813,8
20255390288,22
20255395328,7
20255460243,19
20255624611,21
20255651260,5
20255657110,12
20255689585,5
20255828887,6
20255878043,11
20255895053,17
20255937155,22
20255993225,35
20256119006,23
20256136601,23
20256136865,13
20256177898,5
20256192269,6
20256207479,18
20256211310,20
20256265916,22
20256307007,21
20256347301,8
20256356806,8
20256378958,7
20256382980,6
20256391202,21
20256396000,9
20256447437,11
20256459010,11
20256528607,5
20256554438,6
20256581087,15
20256652286,18
20256669766,5
20256697549,21
20256785839,5
20256803161,6
20256920124,21
20256929008,5
20256983479,6
20256998743,5
20257036422,6
20257070876,25
20257083269,19
20257094465,15
20257164340,5
20257226558,23
20257319564,7
20257330703,6
20257351450,21
20257354041,5
20257364357,26
20257364608,26
20257365914,5
20257427022,12
20257552609,14
20257633609,5
20257654193,5
20257794289,14
20257877575,6
20257926371,27
20257978509,23
20258078048,8
20258126034,5
20258197993,7
20258262728,20
20258312849,8
20258319851,7
20258325584,19
20258342241,6
20258352638,23
20258385994,5
20258505213,20
20258675305,5
20258679637,20
20258699239,22
20258761562,6
20258797915,22
20258886420,24
20258908849,26
20258924453,9
20259030481,7
20259088055,24
20259171891,18
20259175616,6
20259244448,8
20259263230,10
20259310769,21
20259318310,20
20259345392,22
20259379530,6
20259402965,21
20259424268,18
20259484082,5
20259544247,5
20259551022,5
20259558621,5
20259572887,22
20259610568,17
20259651671,5
20259659907,22
20259702411,24
20259730971,8
20259783152,5
20259814210,22
20259829594,27
20259880603,24
20260014987,19
20260047567,24
20260068050,7
20260100808,7
20260191765,19
20260239121,20
20260344341,23
20260496281,19
20260497091,21
20260497414,23
20260510887,21
20260516907,6
20260594703,5
20260777450,6
20260826175,19
20260837371,9
20260866801,9
20260929497,5
20260933419,9
20260970373,5
20260998898,19
20261015065,22
20261126568,20
20261159733,16
20261180937,19
20261239923,23
20261267111,6
20261332036,26
20261374898,11
20261418267,6
20261430470,19
20261478910,5
20261490022,20
20261545617,22
20261567424,5
20261572690,15
20261603919,5
20261671914,35
20261677955,25
20261898706,21
20261951798,10
20261951950,14
20261977169,6
20262119301,7
20262189181,5
20262207774,23
20262221335,10
20262241441,24
20262254268,30
20262342710,22
20262478964,21
20262561781,20
20262642608,20
20262727859,9
20262786511,23
20262850545,22
20262892388,23
20262895646,5
20262996329,26
20263003471,8
20263019807,21
20263158327,20
20263247265,5
20263317573,12
20263322496,30
20263368992,21
20263373058,7
20263408293,12
20263423411,10
20263472897,7
20263498853,21
20263512945,11
20263559585,5
20263734255,6
20263763603,5
20263804300,21
20263805021,19
20263809441,22
20263827776,21
20263977158,8
20264036853,16
20264180971,11
20264187631,17
20264234141,19
20264324565,6
20264350302,17
20264361339,17
20264395586,7
20264522952,9
20264545812,21
20264546037,6
20264547513,6
20264560706,20
20264592497,23
20264593469,5
20264762678,6
20264797544,9
20264801592,5
20264804427,19
20264846855,20
20264870721,7
20264896950,8
20265195602,17
20265313141,5
20265325824,17
20265391533,24
20265615407,15
20265621806,7
20265633561,23
20265658475,19
20265681299,16
20265713247,20
20265733515,19
20265745017,7
20265753460,23
20265761560,5
20265815830,22
20265835270,19
20265913769,21
20265926232,6
20266024836,20
20266128534,6
20266179287,20
20266227192,19
20266231114,5
20266251492,5
20266273623,7
20266352337,26
20266402709,5
20266428686,7
20266470453,7
20266539321,23
20266548584,13
20266569824,11
20266596805,14
20266608668,7
20266614803,22
20266635479,7
20266661399,10
20266663171,8
20266693916,6
20266777184,27
20266834323,6
20267049361,12
20267064751,11
20267073580,18
20267086487,23
20267157767,6
20267163228,7
20267177016,21
20267178331,22
20267196746,25
20267269565,27
20267390631,7
20267405680,22
20267432571,6
20267448656,18
20267629952,22
20267737411,18
20267781151,20
20267879398,16
20267910813,23
20267916188,5
20267968650,7
20267973653,16
20268135571,21
20268141899,6
20268170562,23
20268172000,18
20268214527,26
20268244515,20
20268254588,10
20268311646,9
20268317091,7
20268388941,18
20268451146,12
20268461028,6
20268477960,21
20268512544,23
20268589091,7
20268759515,6
20268781529,7
20268784625,24
20268910604,6
20268911082,21
20268938011,5
20269082993,6
20269085666,26
20269106680,8
20269112060,28
20269180731,23
20269215624,14
20269298571,16
20269300141,20
20269315688,14
20269326299,7
20269376806,21
20269413931,21
20269488353,5
20269490684,18
20269520699,21
20269695227,23
20269734737,8
20269764211,23
20269775174,6
20269847183,7
20269863626,21
20269985900,23
20270106014,7
20270287728,7
20270382551,23
20270427325,7
20270475486,16
20270508163,5
20270808043,14
20270910590,5
20270934693,7
20270997008,7
20271407263,15
20271461632,10
20271470381,23
20271522950,23
20271562820,8
20271568356,7
20271641614,10
20271648201,20
20271691476,9
20271779721,10
20271972211,14
20272140023,7
20272316750,19
20272426342,10
20272431346,6
20272483494,12
20272569704,18
20272683400,11
20272690287,5
20272796948,17
20272858218,14
20272858480,9
20272874680,19
20272904422,21
20272963437,24
20272990086,23
20273066323,14
20273155938,25
20273163795,13
20273212249,13
20273251228,19
20273355279,17
20273361325,20
20273363026,10
20273399993,12
20273841700,24
20273842005,15
20273877569,22
20274014815,10
20274061490,6
20274095394,11
20274117541,18
20274137062,17
20274321823,15
20274338980,6
20274361531,27
20274375753,11
20274419637,8
20274444666,9
20274491583,14
20274492393,10
20274520192,13
20274922070,6
20274968908,22
20275063216,11
20275180361,6
20275229394,6
20275417808,7
20275449751,6
20275532496,7
20275657604,12
20275742202,9
20275751619,23
20275757650,8
20275828697,6
20275847721,12
20275873480,16
20275928721,26
20276017668,5
20276138023,6
20276186851,9
20276228367,13
20276355474,11
20276402146,20
20276597214,13
20276807987,6
20276898923,5
20277090873,6
20277112869,10
20277127548,11
20277131570,18
20277185076,17
20277231957,5
20277412749,6
20277434041,8
20277436338,9
20277472300,16
20277515041,13
20277577314,14
20277619688,10
20277688060,10
20277722187,20
20277765153,20
20277799309,9
20277812844,10
20277818028,6
20277897734,9
20277922518,6
20277955874,10
20277977509,15
20277986168,10
20278054773,5
20278362915,15
20278380069,8
20278412289,5
20278450539,7
20278567568,7
20278641717,13
20278699391,6
20278873332,5
20278885420,9
20278886825,12
20278937675,12
20278966004,32
20279002599,15
20279036574,6
20279056761,13
20279061927,10
20279099142,9
20279120877,18
20279141793,14
20279143222,25
20279153708,18
20279273193,16
20279522835,11
20279705832,6
20279718063,13
20279889208,15
20279895780,5
20280062333,8
20280068706,5
20280175294,12
20280189325,8
20280300021,24
20280450180,6
20280767540,6
20280810062,13
20280837777,6
20281070992,7
20281177878,7
20281224116,15
20281235746,6
20281241126,11
20281244222,24
20281267788,21
20281453492,14
20281496116,5
20281512502,16
20281534221,10
20281993764,9
20282062080,19
20282307376,7
20282382823,8
20282449081,14
20282498295,10
20282555868,11
20282574901,8
20282625661,8
20282633842,14
20282738946,17
20282804329,13
20282809983,9
20282818036,21
20282880424,30
20282910781,9
20282911915,12
20283035647,16
20283058698,12
20283394370,8
20283760228,6
20283814093,7
20284350961,7
20284386133,7
20284526911,21
20284550545,5
20284670796,21
20284935251,6
20285093245,13
20285139415,6
20285204501,12
20285345741,5
20285417083,10
20285419884,5
20285430004,7
20285579814,9
20285820139,24
20285866716,15
20285896461,23
20285900086,5
20285923027,6
20285926808,18
20285938997,7
20285977381,6
20286066217,9
20286100172,7
20286138064,9
20286155074,14
20286155317,16
20286538917,5
20286616225,14
20286661361,8
20286844953,23
20287068396,6
20287128801,8
20287132663,16
20287303492,12
20287376538,8
20287411899,13
20287533811,8
20287944528,29
20288049620,10
20288056758,7
20288223913,8
20288529087,7
20288544124,11
20288544639,9
20288660035,8
20289083775,8
20289329286,11
20289364600,5
20289405136,8
20289907743,22
20290171157,7
20290308802,11
20290314799,25
20290488274,7
20290649111,5
20290733333,5
20290733414,21
20290849986,5
20290898685,20
20290925836,5
20290961123,9
20291059792,6
20291068279,7
20291167099,5
20291330003,11
20291386998,6
20291398902,22
20291457097,23
20291478761,6
20291490388,11
20291625909,5
20291718231,8
20291764691,5
20291772286,19
20291857605,6
20291939083,24
20291948589,6
20291973851,21
20292132591,5
20292298308,16
20292391189,19
20292405406,6
20292508639,6
20292566086,16
20292632640,7
20292726628,19
20292786795,21
20292832223,11
20292890932,9
20292952121,5
20293063207,6
20293090786,23
20293093297,17
20293095664,17
20293126641,9
20293155586,5
20293185060,21
20293205940,20
20293217280,21
20293242551,16
20293284122,13
20293331066,27
20293331813,5
20293380512,6
20293583626,8
20293623431,22
20293657760,20
20293658146,21
20293670600,20
20293682365,21
20293689963,7
20293718220,17
20293755770,22
20293774308,25
20293797189,24
20293847038,24
20293870366,7
20293877964,7
20293975036,6
20293997609,6
20294015869,20
20294066421,7
20294138197,14
20294182412,7
20294213156,22
20294407350,7
20294448544,11
20294479342,5
20294546040,10
20294560204,21
20294709283,18
20294733401,5
20294771833,5
20294845896,23
20294866117,23
20294921312,5
20295006570,11
20295057212,8
20295232154,16
20295324784,16
20295379091,5
20295388596,6
20295458551,22
20295504332,23
20295613620,16
20295719703,10
20295734681,22
20295754444,22
20295798140,6
20295833743,7
20295871327,15
20295884909,12
20295914158,5
20295926750,6
20295999129,18
20296011356,6
20296021408,5
20296081567,9
20296123821,7
20296136728,11
20296165825,5
20296222993,10
20296395821,5
20296550222,6
20296554996,21
20296637697,20
20296735273,6
20296897338,24
20296944867,21
20297005244,6
20297050622,8
20297079108,6
20297088867,22
20297131975,5
20297154673,21
20297163231,6
20297182456,25
20297218078,10
20297386531,24
20297421035,21
20297451023,19
20297543653,31
20297566866,33
20297624149,6
20297660536,22
20297675649,5
20297687655,22
20297809785,22
20297832761,8
20297857836,5
20297867718,23
20297868790,22
20297885538,22
20297890965,5
20297892402,6
20297939131,24
20297970489,21
20297986130,23
20297995635,16
20298105838,6
20298116953,5
20298145899,22
20298149703,22
20298214459,7
20298248515,5
20298256968,23
20298258821,11
20298384885,6
20298446660,5
20298458161,6
20298463165,10
20298500206,5
20298524211,5
20298674611,25
20298680263,5
20298701520,5
20298736820,5
20298858933,6
20298930391,8
20299059678,6
20299154310,16
20299214584,7
20299271464,9
20299285252,22
20299317634,6
20299468845,5
20299605346,7
20299634443,22
20299704913,21
20299742840,9
20299759068,11
20299766609,6
20299871224,5
20299922821,11
20299935648,8
20299985238,6
20300043535,6
20300166611,9
20300178384,5
20300239511,19
20300240527,6
20300254587,5
20300263578,19
20300346945,5
20300454080,6
20300619186,5
20300672079,13
20300690999,16
20300729950,19
20300738606,22
20300745483,8
20300795821,9
20301040301,7
20301053623,6
20301183080,9
20301306181,12
20301385464,18
20301405082,22
20301409151,24
20301434341,19
20301443251,13
20301464411,18
20301494590,24
20301552115,8
20301612622,5
20301719931,7
20301734574,11
20301806664,20
20301821388,9
20301837896,30
20301892480,6
20301944978,21
20301947641,8
20301956470,9
20301960582,7
20302024066,18
20302061425,9
20302083666,21
20302091766,5
20302114481,20
20302241598,25
20302339211,6
20302386642,9
20302488488,5
20302507610,19
20302536474,10
20302572357,20
20302573086,13
20302651494,6
20302680753,7
20302794252,8
20302830828,11
20302861201,8
20302871427,17
20302891452,26
20302906158,6
20302917788,6
20302935841,6
20303021508,9
20303063413,21
20303063766,16
20303115405,8
20303120409,7
20303166573,20
20303180720,20
20303274970,6
20303328221,8
20303368877,22
20303416863,10
20303474634,7
20303495984,6
20303585380,5
20303585622,12
20303624385,21
20303705032,8
20303766848,19
20303891316,7
20303966341,5
20303972821,23
20304018837,5
20304114399,7
20304117142,19
20304169886,5
20304177552,27
20304198631,21
20304202921,7
20304213966,11
20304260611,5
20304269759,18
20304289512,28
20304312271,7
20304420244,10
20304429110,7
20304455463,10
20304581337,22
20304582147,7
20304584948,13
20304633744,6
20304634554,23
20304706211,16
20304772191,6
20304787385,10
20304899850,20
20304970660,21
20305128474,17
20305262871,6
20305284174,22
20305463931,13
20305506762,6
20305556786,23
20305606988,16
20305673669,10
20305765784,14
20305840158,20
20305853641,18
20305875296,20
20305875539,24
20305882071,23
20305909611,20
20305948277,23
20305962857,5
20305993574,6
20306095901,6
20306126475,20
20306133251,5
20306205855,5
20306219996,23
20306246535,9
20306273265,8
20306302621,16
20306363761,30
20306434889,19
20306459954,8
20306470338,21
20306484479,18
20306520882,9
20306532201,19
20306590821,19
20306614780,7
20306626877,5
20306637305,23
20306670264,5
20306689950,20
20306713923,24
20306750616,5
20306781252,25
20306797256,13
20306838386,22
20306841506,21
20306956664,9
20307146798,25
20307150981,29
20307214386,25
20307235545,24
20307246741,7
20307257603,18
20307328471,21
20307328632,5
20307548322,11
20307574919,5
20307599580,5
20307675430,9
20307704049,22
20307713382,25
20307758645,25
20307896100,6
20308023142,8
20308039731,12
20308045898,9
20308100317,10
20308164471,23
20308248659,17
20308267874,6
20308287395,7
20308292984,5
20308324266,24
20308422942,21
20308426697,10
20308429521,5
20308430457,19
20308445641,7
20308497951,7
20308574700,7
20309001037,15
20309080310,9
20309418027,10
20309757662,15
20309842180,7
20309870558,6
20309877641,5
20309996578,11
20310143953,7
20310367045,6
20310422755,19
20310529126,10
20310555046,13
20310560635,8
20310637280,10
20310658287,11
20310683044,5
20310704068,6
20310968715,14
20311073690,10
20311227913,23
20311341376,5
20311439856,10
20311553471,10
20311563603,9
20311643895,20
20311644786,11
20311650751,13
20311765222,25
20311783719,7
20311815262,7
20311833759,7
20311851650,25
20311864042,9
20311886879,6
20311985346,27
20311992393,24
20312108284,5
20312116201,19
20312192641,18
20312239117,25
20312259738,6
20312308291,28
20312372895,31
20312701031,21
20312705967,24
20312841712,5
20312904650,19
20313176909,20
20313218083,13
20313301495,17
20314028164,14
20314033753,6
20314040610,12
20314152841,7
20314210396,10
20314388535,16
20314388616,22
20314390513,11
20314572549,5
20314591926,10
20314646411,11
20314667680,5
20314693508,13
20314727500,11
20314908717,15
20314958901,9
20315049611,18
20315118442,7
20315135886,15
20315220301,15
20315295573,14
20315367078,6
20315642982,5
20316056017,7
20316068708,20
20316094539,10
20316123733,12
20316247467,10
20316459138,11
20316555285,25
20316603191,9
20316699368,5
20316893415,6
20316998861,25
20317030267,11
20317074043,11
20317082062,6
20317133660,16
20317257041,14
20317337150,8
20317472529,12
20317488018,7
20317491744,10
20317535628,5
20317567589,9
20317608790,7
20317643609,9
20317853085,7
20317857153,7
20317897619,6
20318018856,23
20318056600,8
20318165051,14
20318171701,25
20318216658,7
20318291277,19
20318506575,26
20318724211,7
20318735175,18
20318789267,7
20318791245,6
20319110012,8
20319127845,33
20319190962,8
20319363221,13
20319367722,7
20319752120,8
20319956043,26
20320137242,7
20320142599,25
20320186294,14
20320192421,5
20320257060,9
20320422958,10
20320438447,13
20320553548,5
20320581835,11
20320612811,6
20320658218,10
20320731314,20
20320750378,7
20320995486,5
20321298894,5
20321379975,7
20321435395,7
20321598936,6
20321642854,8
20321652906,8
20321656219,9
20321698302,7
20321811559,11
20321856145,15
20321945083,11
20322266121,10
20322445564,48
20322623501,15
20322654058,5
20322766018,15
20322848928,13
20323041092,8
20323094617,17
20323231118,18
20323398161,5
20323441431,24
20323699365,18
20323791415,26
20324203118,15
20324454030,5
20324519778,14
20324574019,7
20324731564,13
20324737171,17
20324752561,8
20324760742,9
20324802330,7
20324900692,10
20324917820,10
20324936298,11
20324951688,10
20325086263,5
20325117835,23
20325288991,14
20325346435,26
20325493811,12
20325509326,7
20325555867,6
20325607417,7
20325698625,13
20325865033,15
20325885573,12
20325976455,12
20326110796,6
20326229921,13
20326331962,12
20326335526,5
20326387593,7
20326516741,9
20326660516,12
20326700321,18
20326729222,10
20326764214,27
20326783197,15
20326811662,11
20326894347,24
20326944115,21
20327035691,18
20327097611,16
20327230710,27
20327370058,21
20327397258,18
20327427696,5
20327514581,21
20327591062,5
20327631978,6
20327642236,14
20327647203,22
20327730364,5
20327739230,27
20327762720,23
20327865294,5
20327881494,19
20327998413,22
20328127599,5
20328178070,34
20328369096,8
20328380146,9
20328411041,22
20328420032,11
20328495474,11
20328564115,7
20328570514,9
20329398642,17
20329408541,16
20329432417,26
20329495508,16
20329537278,5
20329545459,40
20329604056,20
20329652379,19
20329689027,24
20329725431,23
20329790682,28
20329814701,5
20329820263,19
20329838553,22
20329847978,6
20329895352,21
20329921531,38
20329973256,22
20329978304,6
20330024080,23
20330025213,21
20330055805,6
20330058146,5
20330096749,24
20330168243,7
20330188945,8
20330208300,23
20330262428,27
20330263661,6
20330286874,19
20330353148,5
20330401991,24
20330444372,6
20330481499,6
20330511401,7
20330517949,11
20330518082,6
20330546612,5
20330573857,20
20330602890,9
20330611023,37
20330667835,6
20330676826,24
20330684411,12
20330689995,11
20330693917,26
20330700557,19
20330717956,5
20330791170,11
20330791412,23
20330791501,35
20330791684,19
20330799073,22
20330813670,6
20330822661,22
20330835568,19
20330862450,31
20330890151,5
20330928141,8
20331061655,14
20331066703,10
20331111938,19
20331238091,6
20331304736,10
20331429601,10
20331469905,20
20331605345,16
20331752054,9
20331898008,23
20331949869,5
20332030800,16
20332143914,5
20332148550,7
20332151691,10
20332273532,18
20332308182,7
20332600592,6
20332683439,5
20332704371,5
20332738276,20
20332784111,15
20332803353,9
20332839200,23
20332907990,18
20332915747,5
20332940008,18
20332970411,19
20333020531,17
20333042852,20
20333179301,10
20333253551,5
20333363900,24
20333372216,21
20333387752,5
20333453721,5
20333483395,11
20333610842,18
20333632650,8
20333653657,7
20333684021,6
20333686237,16
20333712505,20
20333713901,9
20333794803,8
20333896479,6
20333909635,7
20333931304,10
20333972248,20
20333992435,5
20334013881,9
20334038875,9
20334059872,7
20334065929,9
20334089941,22
20334092144,23
20334129595,10
20334218857,22
20334403166,26
20334461875,22
20334539149,21
20334620183,20
20334679404,6
20334766714,23
20334788441,16
20334820271,11
20334885560,9
20334888585,6
20334970834,5
20335020872,18
20335065621,7
20335082801,24
20335120150,10
20335181531,11
20335253389,5
20335315759,24
20335460252,19
20335470487,8
20335508981,24
20335599251,7
20335862130,7
20335880464,7
20335884885,5
20335955065,9
20336157871,10
20336183791,36
20336448337,23
20336720631,5
20336864713,7
20336866333,6
20336883858,5
20336895783,20
20336951527,18
20337093826,22
20337101276,16
20337151702,21
20337362151,22
20337407278,20
20337511172,25
20337564373,29
20337565183,6
20337583751,20
20337616195,6
20337657037,6
20337682066,22
20337684948,5
20337768611,7
20337771085,23
20337787755,21
20337889167,18
20337935029,20
20337994203,10
20338000538,6
20338002743,7
20338022850,11
20338054115,36
20338064854,24
20338094842,15
20338205261,14
20338210851,6
20338244917,23
20338299819,20
20338308401,6
20338349344,17
20338352728,7
20338395290,23
20338426781,8
20338570041,13
20338595892,20
20338598301,23
20338621214,9
20338838621,24
20338840285,24
20338856955,20
20338877103,19
20338915471,18
20338917091,21
20338936398,19
20338974991,23
20339094463,18
20339218537,6
20339267821,20
20339418200,5
20339460231,7
20339469882,13
20339489565,6
20339501441,16
20339687952,8
20339775819,20
20339833011,13
20339887960,7
20339899895,23
20339979490,22
20339982369,27
20340002556,6
20340053118,9
20340065639,23
20340120591,6
20340132336,19
20340144938,19
20340155115,27
20340226748,6
20340274122,8
20340278209,10
20340319169,21
20340387679,12
20340530064,22
20340546653,33
20340549750,6
20340584237,41
20340774362,22
20340787260,7
20340800461,24
20340843607,11
20340854471,22
20340941790,24
20341019819,5
20341078076,23
20341091684,19
20341167508,10
20341191476,16
20341198217,20
20341257167,21
20341260541,6
20341451133,20
20341472564,7
20341625816,21
20341671681,11
20341715483,21
20341823537,17
20341841357,27
20341848955,22
20341946531,23
20342015108,22
20342020870,8
20342046836,8
20342062521,26
20342099875,6
20342156691,18
20342163808,20
20342200002,6
20342210814,6
20342260838,17
20342339426,9
20342347950,24
20342377867,5
20342425268,18
20342440143,6
20342494740,7
20342660429,24
20342782702,20
20342868844,24
20342951741,5
20342961895,5
20342983350,13
20342985646,17
20343015811,5
20343055014,8
20343065249,23
20343081368,13
20343117141,5
20343148888,7
20343155230,9
20343313919,20
20343443961,31
20343607319,7
20343664207,5
20343680580,24
20343740078,7
20343877294,23
20343883936,5
20344002372,9
20344044024,6
20344069361,23
20344099945,7
20344135259,6
20344249696,19
20344344842,8
20344346110,19
20344502189,5
20344506842,21
20344552364,9
20344598356,17
20344640492,9
20344652741,6
20344664758,14
20344754749,6
20344764540,30
20344769932,14
20344784222,19
20344788643,14
20344818909,22
20344840076,20
20344877158,24
20344895997,19
20345048571,7
20345150341,24
20345154419,18
20345161113,21
20345180843,20
20345286081,19
20345336878,6
20345367757,15
20345379500,5
20345498266,6
20345621301,11
20345707957,14
20345774042,18
20345841416,5
20345918656,11
20346097303,20
20346158612,6
20346261464,8
20346267586,18
20346289636,15
20346300036,19
20346525895,7
20346570173,7
20346662612,21
20346665981,21
20346669625,13
20346680351,10
20346761602,5
20346800942,7
20346802996,13
20346818990,18
20346833280,23
20346949318,24
20347029697,26
20347033619,5
20347100316,27
20347237028,11
20347268683,19
20347360814,5
20347475981,11
20347506452,7
20347528341,20
20347577392,19
20347638529,9
20347646891,22
20347721779,7
20347764664,22
20347869849,8
20347871401,22
20347934501,6
20347940144,25
20347995631,5
20348067053,23
20348133889,20
20348150627,7
20348217551,6
20348233166,7
20348233671,22
20348238478,21
20348275322,13
20348302231,29
20348303636,23
20348325281,13
20348410637,8
20348511824,22
20348594690,7
20348611373,20
20348622812,20
20348682980,22
20348687191,21
20348735692,28
20348764013,11
20348783743,10
20348800699,19
20348851251,6
20349000190,5
20349027985,22
20349065488,22
20349111421,10
20349129044,19
20349238684,5
20349264413,23
20349267277,5
20349276349,6
20349287111,21
20349304903,25
20349311608,8
20349313481,7
20349319331,23
20349368383,7
20349422850,16
20349497191,5
20349527791,16
20349635845,7
20349643783,6
20349663547,22
20349728185,15
20349764734,16
20349792193,24
20350218689,13
20350361210,11
20350428225,9
20350447521,7
20350472551,11
20350512528,7
20351014971,6
20351060736,21
20351222906,5
20351296853,7
20351307481,6
20351378400,11
20351410061,14
20351516560,14
20351552523,5
20351557321,8
20351575574,15
20351589958,16
20351612011,5
20351667771,8
20351693003,9
20351977290,10
20351987848,8
20352030369,5
20352166007,14
20352280802,16
20352338738,10
20352385736,6
20352397076,13
20352403149,15
20352413616,5
20352421473,16
20352428648,10
20352434885,6
20352435342,12
20352436233,9
20352438520,6
20352453081,5
20352459446,7
20352466817,14
20352471578,8
20352472892,8
20352480721,8
20352487652,12
20352488624,6
20352493890,11
20352688470,5
20352730425,7
20352736547,10
20352810615,12
20352813711,11
20352859894,5
20352931323,7
20352975967,11
20353112113,11
20353587227,6
20353607783,17
20353823052,9
20353947614,23
20354077150,9
20354091659,11
20354120420,6
20354180911,14
20354216028,6
20354243777,17
20354249465,8
20354286581,17
20354310555,6
20354328411,12
20354330742,14
20354434360,8
20354438942,6
20354495580,9
20354514631,11
20354553610,10
20354619734,11
20354665761,5
20354793416,16
20354826799,11
20354985323,5
20355002781,10
20355022111,6
20355076475,13
20355083251,8
20355110916,8
20355156584,15
20355166547,15
20355184871,13
20355198155,12
20355198236,8
20355267734,20
20355337619,6
20355560440,6
20355747191,8
20355765416,13
20355867685,11
20355897321,11
20355899960,16
20355950230,18
20355983910,17
20355985459,12
20356188994,9
20356201923,8
20356328834,5
20356476434,25
20356563833,8
20356571003,12
20356755589,6
20356834292,8
20356883234,7
20356883749,18
20356922311,26
20356925093,19
20357008892,5
20357259976,44
20357262331,7
20357386650,5
20357499691,23
20357538344,11
20357614202,5
20357647801,7
20357668477,6
20357788618,6
20357844461,23
20358000348,15
20358024522,10
20358035052,14
20358128573,7
20358148094,20
20358161431,15
20358211047,7
20358211713,6
20358256903,5
20358395776,14
20358706101,14
20358806237,15
20358856684,23
20358896121,15
20358896805,7
20358941363,6
20358951831,5
20359046112,14
20359435364,7
20359495189,7
20359580615,16
20359606606,9
20359630493,7
20359742615,17
20359745631,5
20359748656,5
20359764937,5
20359812508,7
20359847042,13
20359912634,6
20360056881,8
20360062857,12
20360119719,6
20360151019,6
20360160514,13
20360297579,10
20360321208,24
20360336906,15
20360527833,12
20360611389,30
20360628605,6
20360672418,5
20360815031,13
20360837867,8
20360945325,22
20361081341,9
20361081936,25
20361239581,14
20361320787,5
20361347715,11
20361347804,7
20361348011,29
20361610866,5
20361635931,12
20361804041,11
20361889011,13
20361947151,5
20362013802,17
20362054665,7
20362074429,7
20362079579,8
20362221740,6
20362236003,10
20362395063,5
20362427798,5
20362519218,5
20362716986,8
20362901295,23
20363053395,6
20363216286,5
20363347461,12
20363472100,5
20363544615,8
20363610936,9
20363693963,5
20363698507,11
20363730168,6
20363795537,8
20363916008,10
20364000643,15
20364062916,9
20364122242,7
20364201461,14
20364222972,7
20364368594,5
20364393432,6
20364492171,6
20364549203,6
20364672587,9
20364715651,11
20364734957,12
20364791080,5
20364951893,19
20365129623,12
20365213179,11
20365228109,5
20365273236,12
20365298816,6
20365581569,7
20365808016,10
20365809179,13
20366131222,24
20366265695,12
20366410610,6
20366491601,18
20366551515,18
20366725874,7
20366728385,6
20366873717,11
20366924052,14
20367160021,9
20367336081,16
20367465990,11
20367525135,14
20367534711,12
20367685507,11
20367698668,10
20367707594,13
20367759551,23
20367775247,12
20367778181,5
20368009769,9
20368346501,11
20368365981,12
20368393500,6
20368533794,8
20368603245,5
20368669939,5
20368719626,18
20368745546,15
20368759172,11
20368790509,15
20368799981,6
20368819507,10
20368919391,13
20369007760,14
20369071778,9
20369117433,9
20369120817,20
20369155360,29
20369308883,15
20369505794,23
20369602722,9
20369628012,5
20369796314,23
20369825357,19
20369872274,26
20369950763,10
20369962770,9
20370032719,11
20370035815,23
20370038083,18
20370132691,10
20370146994,18
20370203971,5
20370337668,13
20370382370,18
20370452505,15
20370508659,20
20370567078,20
20370640336,7
20370655449,17
20370698504,6
20370715107,26
20370716685,19
20370816710,26
20370849308,9
20370864790,5
20370902471,22
20370957704,17
20371069845,23
20371124293,16
20371131664,27
20371225642,8
20371310160,17
20371332210,29
20371415000,7
20371528203,10
20371567870,10
20371672151,22
20371703137,5
20371826727,15
20371828851,24
20371843575,20
20371939173,5
20371970844,5
20372007193,24
20372067927,6
20372081831,25
20372190028,22
20372209730,24
20372227045,16
20372253470,21
20372321068,8
20372360713,5
20372362252,8
20372399687,6
20372420040,8
20372475707,21
20372523361,5
20372536005,16
20372582376,19
20372749505,25
20372912694,6
20372923386,7
20372931214,5
20372983796,27
20373008533,20
20373078078,7
20373209601,33
20373351696,6
20373433587,5
20373483258,6
20373573249,8
20373596451,16
20373616665,6
20373626466,21
20373648516,5
20373860736,19
20374019865,5
20374041011,21
20374188896,7
20374246179,21
20374340868,5
20374343964,31
20374412524,23
20374463277,10
20374518519,22
20374543891,21
20374548779,6
20374619897,8
20374656741,7
20374730062,5
20374817770,6
20374818661,23
20374914201,9
20374984838,23
20374996411,16
20375020905,22
20375114985,7
20375203902,23
20375318980,15
20375361991,25
20375391989,5
20375404126,20
20375461197,7
20375755344,20
20375800315,25
20375845840,6
20375888905,10
20375937884,23
20375938341,26
20375964423,7
20376006361,10
20376033253,24
20376076491,16
20376082114,18
20376113443,24
20376159605,7
20376181015,11
20376212859,6
20376233937,9
20376289215,25
20376365680,22
20376488846,5
20376570267,7
20376641466,24
20376653804,5
20376684513,23
20376685081,7
20376710379,10
20376729126,24
20376744940,5
20376801927,9
20376816797,6
20377012110,7
20377066635,10
20377130660,19
20377135467,7
20377146663,23
20377294778,8
20377332297,18
20377339461,24
20377367082,8
20377379412,5
20377560320,5
20377575351,6
20377674686,22
20377735146,19
20377761902,15
20377832699,22
20377838972,21
20377852029,16
20377892918,21
20377900953,8
20377965818,7
20377985843,16
20378090556,20
20378092419,22
20378148813,22
20378157138,13
20378233683,5
20378405565,5
20378454850,5
20378576297,7
20378620458,8
20378623805,21
20378633860,22
20378675350,21
20378707901,22
20378721998,22
20378726876,21
20378813761,11
20378814066,6
20378839646,5
20378889821,7
20378890161,34
20378903751,5
20379028455,6
20379037012,25
20379038761,7
20379074996,9
20379120181,11
20379129219,20
20379251286,6
20379252843,5
20379288449,28
20379294848,23
20379331042,7
20379346741,7
20379372741,22
20379417192,6
20379430377,20
20379559141,9
20379687068,6
20379719440,21
20379806768,7
20379859888,9
20379902996,5
20379927123,8
20379957464,5
20379961143,21
20380122317,18
20380130336,21
20380148979,25
20380225043,11
20380238617,19
20380246717,22
20380274095,7
20380287588,18
20380289360,26
20380309140,5
20380324882,23
20380336384,40
20380377731,9
20380398738,7
20380419247,22
20380449405,15
20380456444,24
20380498791,5
20380576181,20
20380589754,21
20380605890,15
20380618797,10
20380632943,10
20380748062,16
20380785006,19
20380799643,15
20380954550,8
20380976952,8
20381005136,5
20381032702,7
20381034071,24
20381041957,23
20381094309,7
20381135692,9
20381166491,22
20381170412,22
20381197701,9
20381198261,21
20381210651,11
20381211542,6
20381235051,38
20381343881,5
20381379648,23
20381396909,22
20381419887,19
20381443087,19
20381449018,6
20381450377,19
20381456812,9
20381492371,6
20381499627,26
20381600441,21
20381654614,13
20381721231,23
20381736262,8
20381775918,11
20381788491,6
20381829279,5
20382019483,10
20382036655,67
20382042116,12
20382056681,14
20382072023,23
20382118899,19
20382350368,27
20382361645,10
20382567855,21
20382572425,23
20382616147,8
20382736398,11
20382748132,16
20382748566,21
20382757981,8
20382780532,8
20382821581,8
20382856539,22
20382904878,7
20383045267,31
20383086702,25
20383127581,9
20383161330,17
20383162654,22
20383216096,7
20383316473,6
20383483884,6
20383676411,10
20383693935,6
20383731705,22
20383773378,23
20383799334,9
20383921075,19
20383929050,26
20383930813,7
20383958581,10
20383961026,6
20384046011,9
20384048227,6
20384121838,15
20384158081,22
20384259350,21
20384262067,22
20384285946,5
20384375937,11
20384391118,9
20384423508,21
20384484981,5
20384505652,26
20384510656,6
20384594655,11
20384637729,5
20384695508,8
20384727558,22
20384734503,9
20384759166,22
20384891943,30
20384928537,23
20384937528,22
20384959416,7
20385002361,5
20385016582,5
20385131683,6
20385202297,5
20385266694,6
20385327405,5
20385353406,25
20385435399,5
20385481234,9
20385521805,23
20385557311,5
20385557826,5
20385589604,8
20385649194,9
20385739771,19
20385752360,23
20385784482,6
20385814225,10
20385817836,14
20385909528,20
20386084794,20
20386115185,5
20386233111,6
20386255866,8
20386298671,5
20386303003,22
20386367664,7
20386431427,7
20386456764,22
20386489263,22
20386499226,7
20386503517,6
20386636070,8
20386659959,22
20386665410,5
20386688207,22
20386738824,21
20386750441,5
20386943088,8
20387093053,12
20387129007,18
20387137361,8
20387138090,5
20387144901,20
20387152327,21
20387198742,7
20387236261,23
20387237667,19
20387239104,18
20387253191,19
20387377167,6
20387408062,20
20387418882,21
20387535684,19
20387589181,20
20387648535,17
20387722522,10
20387775219,19
20387852574,7
20387968360,6
20388082144,18
20388121816,20
20388173611,21
20388203111,23
20388213184,20
20388234262,20
20388425360,14
20388710994,20
20388730910,6
20388738228,22
20388738571,7
20388764491,6
20388829291,5
20388829452,27
20388848911,8
20388853752,22
20388858711,7
20388895757,18
20388934591,8
20388996782,23
20389065006,18
20389095339,23
20389099164,23
20389105156,5
20389173666,23
20389229122,6
20389240282,20
20389359841,20
20389395481,19
20389426891,20
20389431207,10
20389525953,9
20389568172,6
20389600831,5
20389715060,22
20389748669,23
20389863841,6
20390132744,7
20390179546,6
20390181281,6
20390193883,24
20390234156,21
20390259906,20
20390342048,5
20390346892,20
20390381612,21
20390386924,22
20390409991,8
20390455080,15
20390456990,7
20390488689,5
20390583835,25
20390588551,7
20390605235,8
20390606479,17
20390625007,17
20390652314,6
20390724919,21
20390756012,5
20390762845,16
20390863871,6
20390868830,5
20390881003,9
20390900407,10
20390910461,21
20390932864,22
20390962348,25
20391039829,5
20391043851,6
20391046108,24
20391051870,7
20391062057,20
20391166855,17
20391198897,21
20391304590,21
20391308668,30
20391615323,25
20391622371,5
20391673366,7
20391821225,6
20391835447,22
20391986496,19
20392064550,26
20392118749,24
20392205471,8
20392293311,5
20392321111,7
20392331850,6
20392453882,5
20392461630,6
20392464060,8
20392465899,9
20392466275,24
20392469029,22
20392471431,21
20392473212,23
20392473999,6
20392476319,7
20392478362,6
20392487868,6
20392489488,22
20392493329,8
20392493671,9
20392504894,24
20392511912,8
20392520075,20
20392523171,22
20392543288,5
20392543792,5
20392544501,5
20392545574,5
20392546899,24
20392549561,9
20392551035,18
20392554131,11
20392554212,6
20392558048,6
20392561260,10
20392566491,6
20392573357,5
20392576887,18
20392579550,11
20392581708,5
20392589431,5
20392594435,25
20392601580,8
20392605143,7
20392608754,15
20392617311,5
20392620967,6
20392622749,8
20392625845,5
20392630415,5
20392632205,6
20392633198,9
20392633279,9
20392634836,19
20392638408,8
20392648110,9
20392648209,20
20392655329,6
20392656562,24
20392660675,9
20392660918,5
20392664310,23
20392667092,20
20392669974,9
20392679937,23
20392688928,6
20392692526,19
20392696432,9
20392698133,6
20392703668,5
20392708546,7
20392709194,26
20392709275,5
20392722701,5
20392729977,25
20392732765,7
20392737058,12
20392738453,11
20392748688,8
20392748840,5
20392751557,22
20392753339,5
20392754815,14
20392761609,19
20392764373,9
20392773445,5
20392774174,5
20392776118,5
20392776975,25
20392777190,12
20392781545,10
20392790374,12
20392790617,5
20392793471,23
20392800434,5
20392805665,11
20392808761,19
20392811801,10
20392817167,22
20392819615,11
20392820541,6
20392834843,5
20392836111,5
20392838679,5
20392847155,26
20392850296,7
20392850881,7
20392854445,7
20392860411,6
20392864327,6
20392864670,7
20392866966,6
20392871455,17
20392871617,8
20392875361,5
20392895478,5
20392895800,22
20392897331,5
20392902351,6
20392906186,8
20392910027,5
20392910531,6
20392923277,22
20392925482,11
20392928317,6
20392932268,5
20392943545,7
20392952455,26
20392958224,6
20392958577,5
20392958810,7
20392963228,9
20392963651,6
20392965191,29
20392966162,8
20392988565,5
20392990110,7
20392990624,23
20392992597,7
20392995006,24
20392996231,6
20392999095,6
20393004941,22
20393009404,20
20393024039,21
20393026597,6
20393029421,11
20393039737,6
20393046946,6
20393047594,26
20393051869,9
20393055856,6
20393062801,6
20393063956,10
20393065495,5
20393069300,5
20393069997,6
20393070065,14
20393080966,5
20393081776,14
20393093782,13
20393094592,9
20393103842,11
20393123959,6
20393138808,15
20393145847,6
20393153351,8
20393160056,6
20393165104,8
20393166682,7
20393175673,11
20393177374,8
20393177706,15
20393183188,10
20393187256,9
20393196751,7
20393201348,5
20393208351,10
20393210762,11
20393211491,6
20393216531,9
20393219719,5
20393220059,17
20393223236,13
20393228033,10
20393230364,9
20393230879,5
20393232065,8
20393247500,6
20393249545,13
20393257645,5
20393259699,5
20393260433,9
20393276194,9
20393282160,9
20393284537,6
20393285690,14
20393285932,6
20393296110,7
20393301725,18
20393303931,13
20393318377,14
20393318458,8
20393318881,10
20393323966,9
20393332523,11
20393333171,10
20393338483,15
20393341786,12
20393344459,5
20393349761,6
20393356899,7
20393375761,11
20393376229,5
20393377381,10
20393383357,5
20393389479,8
20393391295,14
20393391538,5
20393392852,9
20393395011,5
20393396840,6
20393410184,10
20393412047,8
20393418321,15
20393437031,8
20393437384,6
20393437465,5
20393438941,20
20393443783,9
20393444160,13
20393463202,5
20393465329,13
20393468000,19
20393471051,8
20393475987,7
20393479460,5
20393482258,8
20393484382,6
20393486326,5
20393496801,9
20393499908,10
20393500418,7
20393501228,6
20393504910,6
20393506611,5
20393510642,5
20393514630,15
20393517817,9
20393519518,8
20393521091,7
20393529076,7
20393529742,11
20393533693,10
20393540045,5
20393541521,10
20393546591,11
20393554003,6
20393560313,5
20393569884,7
20393574454,5
20393578441,5
20393579413,6
20393581078,5
20393581663,7
20393593751,20
20393594561,7
20393596938,12
20393598043,16
20393601443,5
20393601796,9
20393605198,7
20393606755,8
20393607131,8
20393616980,6
20393623099,26
20393623846,15
20393624494,10
20393625890,13
20393626861,11
20393629453,5
20393633990,25
20393637987,7
20393647605,8
20393652510,10
20393662311,5
20393665506,11
20393667118,8
20393668432,10
20393670682,8
20393671492,13
20393679809,5
20393685281,5
20393693119,13
20393695081,6
20393696720,14
20393704099,6
20393706628,11
20393714566,6
20393715295,9
20393716852,5
20393717662,6
20393719100,10
20393722071,7
20393725843,7
20393732467,7
20393735059,7
20393742420,7
20393748894,5
20393749513,5
20393758008,7
20393767848,5
20393782481,9
20393785234,8
20393789060,9
20393795388,9
20393804395,8
20393805952,6
20393808625,7
20393812908,6
20393813971,13
20393815087,9
20393816059,5
20393820161,18
20393821648,6
20393824078,8
20393826879,10
20393828146,5
20393831287,6
20393846128,6
20393854651,14
20393857677,16
20393862328,5
20393864886,8
20393864967,10
20393884640,9
20393888041,10
20393904691,6
20393915383,10
20393932393,7
20393934841,5
20393935228,6
20393937948,8
20393944138,6
20393947668,6
20393948125,10
20393949873,7
20393950375,8
20393953633,6
20393954281,6
20393956225,10
20393957205,12
20393958350,9
20393960095,5
20393967341,7
20393967693,6
20393968231,5
20393968827,6
20393972344,6
20393973235,9
20393977141,9
20393978547,12
20393984351,10
20393985080,8
20393987376,6
20393989581,5
20393996103,5
20393997509,9
20393999463,6
20394000737,9
20394001113,5
20394004643,8
20394008398,5
20394015254,5
20394016731,7
20394028313,5
20394029557,7
20394029638,7
20394031292,9
20394032345,8
20394039862,7
20394040101,5
20394041921,13
20394044602,11
20394044785,7
20394046648,12
20394049582,13
20394050599,12
20394051056,6
20394052451,5
20394059898,7
20394063577,8
20394066673,6
20394070191,6
20394072304,5
20394077101,22
20394078175,9
20394080587,8
20394082792,14
20394087085,7
20394088057,10
20394089291,8
20394090469,14
20394674371,14
20394723259,16
20394848388,7
20394862704,17
20395012445,8
20395132696,10
20395179901,7
20395222172,19
20395254376,9
20395263952,12
20395311353,6
20395379233,25
20395430018,17
20395492129,18
20395594045,5
20395674235,8
20395748701,10
20395937180,12
20395981839,29
20395990315,7
20396030803,7
20396073791,7
20396102057,27
20396260639,22
20396393868,15
20396419093,19
20396434050,12
20396437741,6
20396454832,5
20396462266,8
20396466768,18
20396499691,17
20396559693,5
20396568251,9
20396631041,15
20396637759,20
20396658837,11
20396676061,5
20396681651,6
20396682622,12
20396849853,8
20396900719,14
20396986338,10
20396994357,6
20397047068,5
20397057373,9
20397066950,16
20397086713,10
20397104398,9
20397180817,16
20397188044,8
20397188125,6
20397228526,16
20397249442,9
20397320171,12
20397368298,9
20397439063,14
20397468161,9
20397499392,9
20397504655,5
20397513212,14
20397515690,8
20397561454,21
20397595782,17
20397609082,24
20397680038,28
20397738303,6
20397758673,8
20397774873,8
20397795013,18
20397795871,7
20397808522,8
20397854397,21
20397896553,13
20397923381,17
20397936105,13
20397944621,9
20397961711,7
20398018410,16
20398022441,5
20398045573,9
20398079125,22
20398128193,6
20398211414,11
20398230044,9
20398231954,14
20398235941,9
20398257830,13
20398260547,12
20398367261,9
20398384432,5
20398401621,12
20398527993,14
20398568088,8
20398586221,10
20398604734,21
20398682964,10
20398685475,6
20398691106,5
20398710844,20
20398788100,24
20398877544,16
20399019355,22
20399036446,7
20399070971,11
20399073139,6
20399098476,10
20399112487,5
20399129614,14
20399138109,10
20399209057,5
20399222070,18
20399222746,10
20399239801,13
20399266107,5
20399282218,16
20399306923,12
20399321051,12
20399462381,14
20399483469,12
20399497257,29
20399536929,5
20399551481,6
20399591431,8
20399597987,11
20399642109,14
20399678553,13
20399750505,6
20399820210,6
20399836213,8
20399854033,9
20399941866,10
20399954682,15
20400199109,9
20400201529,8
20400207489,13
20400212563,15
20400364070,6
20400581925,14
20400813567,7
20400875597,11
20400934437,9
20400946281,5
20400952681,6
20401003771,5
20401030230,10
20401046071,6
20401080920,20
20401224352,10
20401488171,5
20401551558,8
20401580736,10
20401616277,8
20401727001,9
20401788990,5
20401793641,14
20401855182,5
20401882741,14
20401900587,9
20401959476,9
20402171775,9
20402209250,17
20402245051,7
20402248824,8
20402269074,6
20402271991,5
20402312859,7
20402335042,15
20402403731,12
20402406161,6
20402455536,12
20402495597,11
20402554861,8
20402581752,21
20402646803,7
20402702215,6
20402754525,5
20402805294,31
20402825481,22
20402852888,10
20402861879,6
20402885549,27
20402944651,7
20403002101,46
20403024849,7
20403109674,6
20403182916,25
20403190421,15
20403193446,5
20403196976,11
20403202372,5
20403209202,6
20403227103,25
20403277895,9
20403330371,7
20403334791,12
20403341496,20
20403389855,17
20403435474,9
20403452565,6
20403652149,8
20403734625,8
20403809811,7
20403962920,8
20404000447,8
20404015631,17
20404057805,11
20404072782,5
20404097343,25
20404135377,9
20404175166,14
20404175913,10
20404342593,14
20404344707,6
20404371852,9
20404376145,6
20404403991,12
20404435419,9
20404493885,16
20404553292,5
20404577639,7
20404581741,9
20404717821,7
20404723392,15
20404754271,6
20404768906,22
20404920201,5
20405011698,7
20405018943,8
20405050677,12
20405362211,7
20405372950,5
20405410801,5
20405452554,5
20405479592,8
20405574315,6
20405809991,12
20405822581,8
20406231594,11
20406244220,12
20406265570,7
20406269486,6
20406286062,8
20406293271,11
20406303331,9
20406313213,13
20406318797,15
20406325815,18
20406328083,9
20406330495,13
20406335535,7
20406339361,25
20406339875,8
20406346570,10
20406350178,7
20406350925,6
20406363075,6
20406374433,21
20406376053,5
20406378692,7
20406380832,5
20406392920,8
20406399771,7
20406425950,5
20406428541,5
20406434517,12
20406436722,5
20406438423,5
20406455603,11
20406463614,13
20406464181,21
20406472281,6
20406473849,5
20406486584,12
20406494170,7
20406495494,6
20406496032,5
20406507336,13
20406512178,7
20406522998,5
20406526985,15
20406536867,5
20406538053,8
20406627315,5
20407011768,10
20407127120,14
20407307292,13
20407346867,6
20407360185,6
20407412592,19
20407509758,22
20407558619,14
20407565828,29
20407755953,5
20407758201,8
20407777094,14
20407790945,27
20407795157,5
20407801068,5
20407801734,7
20407804164,11
20407808666,5
20407811454,7
20407812001,15
20407828691,7
20407832451,7
20407841361,11
20407843496,13
20407847050,13
20407847726,5
20407858761,8
20407860153,5
20407863250,9
20407865112,6
20407867671,10
20407873999,20
20407876661,5
20407878362,7
20407881827,5
20407883013,10
20407888244,21
20407893248,5
20407903731,8
20407906838,9
20407910274,6
20407914261,6
20407918330,5
20407919905,17
20407921047,15
20407926197,10
20407930623,10
20407931948,7
20407936079,7
20407940939,5
20407956771,10
20407957238,7
20407962584,8
20407964790,5
20407969163,9
20407976453,21
20407987650,9
20407990286,11
20407990448,12
20407993200,5
20408003106,8
20408009481,9
20408012601,7
20408017239,5
20408017581,10
20408018804,10
20408022071,12
20408027897,12
20408031657,5
20408032891,8
20408033196,10
20408035563,7
20408039046,7
20408039801,5
20408042420,6
20408046506,26
20408056480,11
20408060321,8
20408062536,13
20408065632,17
20408066795,10
20408085587,5
20408089060,5
20408095469,20
20408096601,7
20408103666,26
20408104638,15
20408107068,8
20408109605,25
20408112142,6
20408124582,6
20408128146,9
20408132178,9
20408132844,9
20408133492,6
20408137994,5
20408145580,5
20408147523,16
20408148333,8
20408150079,8
20408167125,8
20408203377,15
20408570523,5
20408614831,12
20408625107,9
20408662487,14
20408683301,7
20408719772,7
20408730156,8
20408771774,8
20408833044,5
20408855285,6
20408863466,15
20408863628,15
20408867020,18
20408869588,18
20408869669,17
20408871132,15
20408971943,24
20408990816,7
20409000984,19
20409056009,16
20409082859,26
20409087818,6
20409094431,14
20409195114,11
20409198211,13
20409205012,8
20409206680,10
20409206922,11
20409209948,15
20409214356,16
20409214437,8
20409217967,5
20409218939,12
20409222022,10
20409222456,9
20409230394,14
20409231366,9
20409238611,8
20409239936,9
20409244930,14
20409250581,7
20409253688,14
20409264965,16
20409277277,12
20409278672,8
20409278753,8
20409285024,6
20409298193,5
20409304932,6
20409308768,13
20409309900,13
20409314491,9
20409323309,9
20409329846,5
20409331409,6
20409339566,10
20409346856,9
20409349871,10
20409350969,8
20409352406,14
20409355090,11
20409356738,12
20409357203,5
20409360760,11
20409364081,16
20409367420,7
20409369988,6
20409370480,15
20409374396,10
20409376844,11
20409377492,17
20409377735,6
20409377816,5
20409379355,5
20409386131,9
20409386564,7
20409388851,15
20409396799,9
20409397175,11
20409401113,9
20409406182,8
20409410295,8
20409411852,9
20409415335,15
20409418865,5
20409419594,11
20409421815,5
20409434470,10
20409443461,11
20409444866,15
20409448187,6
20409450912,6
20409454748,5
20409459201,5
20409461442,5
20409466754,5
20409470948,7
20409471839,5
20409472215,16
20409473459,16
20409480587,8
20409483179,6
20409485627,5
20409487913,15
20409494294,12
20409550623,7
20409601554,13
20409637150,8
20409740244,6
20409753818,10
20409785264,8
20409972021,13
20410021235,11
20410065101,11
20410065364,26
20410194768,12
20410257786,11
20410270880,13
20410312396,14
20410361257,12
20410380391,6
20410409390,9
20410819539,5
20410932424,9
20410981123,6
20411005756,6
20411018734,6
20411021361,5
20411046517,10
20411051782,33
20411053050,13
20411053483,15
20411082157,10
20411122809,6
20411186289,22
20411217184,7
20411217346,20
20411252095,18
20411257216,16
20411268099,16
20411288791,10
20411356206,7
20411366856,15
20411419488,13
20411423833,9
20411494340,7
20411506615,19
20411519784,10
20411539114,7
20411552994,7
20411554342,18
20411582982,8
20411583521,5
20411703950,18
20411793410,19
20411808972,25
20411881203,26
20411898432,19
20412003919,9
20412082444,6
20412126913,19
20412212241,10
20412367520,8
20412408731,22
20412507984,12
20412509928,28
20412524218,24
20412587724,6
20412643900,19
20412708459,19
20412830335,24
20412833270,6
20412888929,17
20412942052,20
20412979304,13
20413040656,24
20413067937,11
20413124833,7
20413183414,20
20413222410,20
20413382531,5
20413389110,8
20413390479,23
20413398372,7
20413401268,10
20413513571,16
20413554846,14
20413615730,16
20413620229,28
20413666130,26
20413703604,11
20413721505,5
20413770204,29
20413773645,22
20413815071,24
20413846464,20
20413886768,9
20413940568,32
20413959315,16
20413963851,7
20413972508,13
20414063994,21
20414103023,21
20414196871,20
20414239197,23
20414248935,15
20414298878,10
20414485554,20
20414548491,23
20414566392,7
20414654097,19
20414664645,20
20414668713,9
20414671773,9
20414675761,9
20414679162,22
20414686614,19
20414689559,6
20414712046,18
20414715495,6
20414738193,5
20414766308,48
20414849424,20
20414868216,11
20414884769,7
20414886206,18
20414939768,18
20414948163,5
20414955020,22
20414989277,23
20415090316,22
20415094656,25
20415255251,6
20415321652,7
20415405082,5
20415405597,5
20415465221,6
20415516232,18
20415531037,22
20415714620,22
20415721677,10
20415721910,15
20415747986,19
20415813873,18
20415932376,23
20415949261,6
20415955821,5
20416001104,22
20416026948,21
20416027758,18
20416074161,23
20416095591,6
20416150100,12
20416162299,24
20416167509,11
20416262838,12
20416278246,5
20416414018,20
20416442909,6
20416496405,5
20416626031,7
20416634212,21
20416715131,6
20416764183,19
20416773255,16
20416849766,11
20416976440,21
20416979031,5
20417115588,9
20417170333,6
20417180134,17
20417184989,8
20417187147,5
20417289730,5
20417358561,21
20417378911,25
20417432397,23
20417453041,5
20417461575,7
20417494406,12
20417507583,14
20417531026,24
20417553429,7
20417573705,23
20417707752,24
20417773542,23
20417811738,6
20417823400,5
20417889761,10
20417926632,24
20417930079,20
20417931393,25
20417933761,6
20417940899,14
20418008441,17
20418108151,25
20418217104,22
20418354781,8
20418358930,9
20418400723,6
20418420830,11
20418453177,24
20418463644,22
20418464969,5
20418518139,6
20418527715,10
20418528011,25
20418564751,8
20418585243,7
20418598817,21
20418628741,20
20418628821,18
20418647371,5
20418650916,22
20418664542,24
20418710757,23
20418767279,11
20418777151,5
20418826119,26
20418878771,7
20418896753,9
20418896915,21
20418933381,9
20419020606,22
20419026809,5
20419081907,7
20419105181,5
20419131777,17
20419144836,9
20419158462,23
20419183220,7
20419184111,22
20419195317,24
20419198685,6
20419208583,18
20419258688,6
20419269701,6
20419278875,7
20419309932,19
20419323170,14
20419335771,8
20419344410,6
20419385442,10
20419387658,28
20419399079,5
20419438660,5
20419448622,6
20419527336,19
20419559459,6
20419653471,23
20419657116,5
20419659089,5
20419659160,22
20419665992,21
20419669394,20
20419757331,7
20419815986,6
20419854701,5
20419861236,22
20419900665,12
20419908305,13
20419909450,13
20419952461,18
20420025859,14
20420034416,6
20420035901,5
20420109106,5
20420111691,9
20420118865,12
20420181397,5
20420185465,5
20420187085,5
20420191601,18
20420196661,13
20420248645,17
20420310383,24
20420505800,7
20420563168,11
20420594390,5
20420828056,17
20420900181,5
20420930845,7
20420934671,20
20420997591,6
20421004472,5
20421149799,5
20421239275,20
20421243621,10
20421278769,17
20421293211,5
20421315397,7
20421362808,11
20421365068,17
20421367605,26
20421421669,24
20421448940,20
20421456292,10
20421494895,6
20421530107,18
20421588440,5
20421772968,10
20421780472,20
20421932833,6
20422018809,6
20422096605,17
20422115081,18
20422139185,12
20422143701,24
20422146807,7
20422251261,8
20422293699,38
20422313398,17
20422320173,6
20422380150,5
20422488198,26
20422548786,19
20422561537,15
20422626175,9
20422635671,20
20422637452,10
20422684531,5
20422765965,6
20422915100,6
20422920871,7
20423044765,9
20423061937,18
20423066653,7
20423074168,16
20423074672,9
20423128942,17
20423147653,14
20423189909,21
20423268108,5
20423273101,11
20423280141,21
20423285029,22
20423354284,26
20423409011,5
20423416069,10
20423547678,16
20423555182,10
20423561409,7
20423571030,14
20423637821,7
20423648865,5
20423651734,12
20423769492,10
20423772442,22
20423832445,5
20423925028,24
20423941066,11
20424044203,23
20424084418,8
20424092941,22
20424136663,7
20424170250,6
20424293173,8
20424295036,22
20424352447,7
20424371581,6
20424580237,24
20424590119,7
20424655261,6
20424676269,8
20424718361,22
20424874141,5
20424887553,6
20424964990,28
20424965708,9
20424965961,9
20425031857,10
20425034104,6
20425123115,29
20425136012,8
20425252608,23
20425476115,21
20425491424,14
20425547071,11
20425619919,8
20425621492,8
20425718577,23
20425803680,10
20425809882,12
20425853865,10
20425876563,7
20425879741,6
20425954114,21
20426107041,21
20426118590,5
20426128803,15
20426138868,7
20426345146,12
20426457882,6
20426458188,21
20426515831,8
20426621861,6
20426656737,9
20426749743,7
20426836808,6
20426893194,7
20426895308,6
20427075207,5
20427113656,22
20427140467,8
20427170021,5
20427179835,6
20427260446,21
20427311296,22
20427328776,14
20427332617,7
20427377475,9
20427403221,5
20427481370,20
20427486843,7
20427497888,21
20427548971,6
20427557376,6
20427593259,6
20427635601,8
20427643612,22
20427652956,16
20427725856,5
20427786481,8
20427797920,21
20427798497,10
20427799973,32
20427801625,20
20427862331,23
20427896740,23
20427919111,22
20428080671,19
20428125798,23
20428237596,21
20428301600,23
20428406614,10
20428410301,5
20428410484,8
20428474881,23
20428500475,24
20428535180,12
20428628358,5
20428652577,20
20428671369,24
20428674201,21
20428687443,5
20428698569,17
20428723776,9
20428729201,10
20428763484,5
20428776110,22
20428781113,5
20428834926,7
20428837780,9
20428860099,9
20428865058,20
20428875282,6
20428875878,5
20428878036,5
20428928408,6
20428978766,19
20429006300,24
20429030782,7
20429040583,26
20429055696,25
20429082235,18
20429091731,5
20429098662,5
20429151229,7
20429187096,5
20429222428,9
20429240752,5
20429253579,7
20429258376,20
20429265828,12
20429310394,5
20429324778,8
20429350264,26
20429469407,21
20429495581,6
20429563411,11
20429620318,8
20429634882,21
20429640262,20
20429640939,26
20429683581,30
20429686769,18
20429776083,8
20430040180,19
20430043952,5
20430102631,23
20430104099,17
20430126068,18
20430172922,12
20430177053,12
20430301595,23
20430408985,5
20430425138,6
20430471750,19
20430480074,10
20430500521,7
20430578805,19
20430588355,14
20430621409,6
20430691105,6
20430725441,21
20430772873,24
20430785266,22
20430829816,22
20430857861,6
20430928717,5
20430936906,5
20430998766,5
20431043654,18
20431058171,8
20431062870,25
20431066271,8
20431080002,35
20431084172,24
20431091110,24
20431115825,21
20431164958,13
20431165334,8
20431224870,5
20431271525,6
20431297249,7
20431445370,15
20431549230,11
20431582440,20
20431754593,7
20431863457,9
20431871808,23
20431913225,15
20431940460,6
20431995281,22
20432008101,6
20432018246,21
20432072020,7
20432087132,6
20432095402,5
20432118895,7
20432163505,6
20432168213,28
20432239099,21
20432280056,8
20432293972,5
20432295754,20
20432347142,22
20432348114,20
20432405525,20
20432407811,5
20432420834,7
20432427928,21
20432502130,7
20432550452,8
20432552072,23
20432565727,7
20432683339,21
20432686354,8
20432706568,22
20432707378,6
20432715044,10
20432725431,5
20432747833,19
20432824099,6
20432841937,5
20432846491,7
20432848605,8
20432857183,6
20432873031,6
20432930875,11
20432939074,19
20432940161,5
20433018967,7
20433056117,10
20433172371,20
20433194773,10
20433226641,33
20433244461,6
20433306083,13
20433367384,5
20433392818,5
20433400934,15
20433448546,7
20433469039,19
20433596731,15
20433609060,5
20433756101,5
20433763221,17
20433805241,12
20433811136,7
20433819544,18
20433840152,5
20433841558,9
20433930577,15
20433958404,25
20434047171,6
20434095574,5
20434111871,5
20434154333,9
20434217866,8
20434253404,5
20434327611,10
20434331138,5
20434392862,6
20434423504,10
20434448086,21
20434800651,5
20434801541,5
20434803919,8
20434804486,7
20434806934,24
20434807744,10
20434810532,19
20434810885,6
20434813124,10
20434819165,21
20434822468,17
20434822891,9
20434824592,8
20434824916,15
20434826021,18
20434828318,8
20434834555,16
20434835284,6
20434839867,21
20434840954,19
20434841098,6
20434850593,14
20434852537,13
20434854076,10
20434863148,6
20434869006,7
20434873887,10
20434877106,10
20434878765,26
20434880743,10
20434882363,7
20434886512,6
20434887675,11
20434887837,9
20434888213,14
20434890625,20
20434893217,14
20434893489,13
20434893641,22
20434894884,11
20434898103,17
20434910910,6
20437306495,9
20437310841,16
20437337536,8
20437353221,10
20437481653,23
20437544248,25
20437547263,12
20437663506,20
20437704890,11
20437779989,6
20437964298,8
20438012525,10
20438196073,6
20438200011,12
20438252089,8
20438264095,11
20438297775,21
20438341421,8
20438447092,9
20438450808,5
20438490931,6
20438509039,12
20438510398,11
20438531981,14
20438563084,20
20438599194,9
20438620223,21
20438637380,24
20438687051,9
20438728938,6
20438791621,17
20438845225,8
20438863398,15
20438874675,19
20438933272,29
20438936450,6
20438989812,16
20439025124,6
20439069849,11
20439117169,5
20439172003,12
20439183544,6
20439194236,12
20439200490,18
20439208474,15
20439260395,6
20439265940,15
20439269694,12
20439320126,18
20439321874,7
20439331918,21
20439348641,17
20439424177,18
20439429721,10
20439433753,14
20439442744,10
20439505924,12
20439536137,14
20439586665,18
20439600242,17
20439649764,9
20439684161,8
20439696509,9
20439754801,7
20439811961,5
20439837846,20
20439847051,5
20439859572,22
20439886626,6
20439919494,13
20439919818,10
20439924226,9
20439992736,11
20440060812,6
20440120149,18
20440120491,15
20440124306,6
20440126341,17
20440129529,6
20440131931,6
20440135171,15
20440135332,8
20440135502,19
20440144081,8
20440145567,6
20440146962,6
20440155015,11
20440155287,9
20440157816,17
20440162062,8
20440167021,6
20440174583,8
20440178147,10
20440180044,14
20440182501,15
20440194347,9
20440198415,10
20440199578,11
20440207007,9
20440207261,8
20440207422,5
20440209123,15
20440212779,9
20440223207,7
20440223622,12
20440226133,6
20440229663,6
20440233938,14
20440243810,7
20440246673,6
20440248617,12
20440251677,13
20440251758,14
20440253530,6
20440256474,17
20440256806,14
20440257365,8
20440260072,12
20440266518,10
20440267590,5
20440268308,10
20440271601,5
20440292519,11
20440297669,6
20440302689,10
20440303901,5
20440309853,11
20440311165,21
20440312137,13
20440316558,12
20440318844,14
20440319905,18
20440321047,10
20440324143,5
20440324224,19
20440328726,9
20440328998,8
20440329455,14
20440330381,12
20440331786,5
20440339761,11
20440340858,7
20440341234,6
20440343016,11
20440352198,6
20440352350,11
20440352431,10
20440358552,13
20440365095,14
20440369082,20
20440376704,17
20440380485,5
20440381457,8
20440382003,11
20440383158,5
20440384049,12
20440384120,17
20440386092,14
20440387145,7
20440387901,12
20440389601,19
20440390871,15
20440392491,7
20440392572,6
20440403795,7
20440405143,18
20440422072,14
20440424792,17
20440425926,6
20440429590,12
20440433945,11
20440436618,14
20440439129,13
20440442189,7
20440444394,16
20440445528,13
20440447491,11
20440447814,7
20440452141,10
20440455086,7
20440457968,11
20440459588,15
20440459669,12
20440460837,6
20440461302,15
20440465049,8
20440466100,8
20440467769,13
20440470638,15
20440472410,18
20440476679,8
20440479856,14
20440480609,9
20440481087,9
20440485074,10
20440486399,10
20440490230,7
20440491554,6
20440492101,13
20440492283,12
20440492798,9
20440496513,7
20440498567,9
20440528652,15
20440565779,5
20440603450,15
20440608842,6
20440641629,16
20440665994,12
20440701206,5
20440730214,8
20440815716,22
20440936424,7
20440983261,20
20441061910,5
20441071397,7
20441097191,5
20441097604,8
20441204451,17
20441388919,9
20441409002,22
20441474246,6
20441475056,10
20441475218,9
20441554436,8
20441595035,14
20441636831,17
20441727047,13
20441766883,23
20441802863,18
20441805960,44
20441825481,7
20441938846,11
20442053431,5
20442060721,8
20442088811,15
20442152684,5
20442321206,14
20442346292,8
20442537551,9
20442550060,11
20442598691,7
20442678881,5
20442683027,17
20442699888,6
20442736759,21
20442828441,9
20442847071,20
20442910023,7
20443008269,5
20443036637,16
20443089919,9
20443095137,6
20443107593,5
20443108131,17
20443112911,5
20443234510,9
20443247689,6
20443308491,8
20443331396,10
20443365371,6
20443391372,5
20443435680,16
20443478818,21
20443494422,8
20443522574,10
20443562444,8
20443565117,5
20443670921,15
20443733273,16
20443794493,10
20443827847,6
20443848178,16
20443898515,5
20443939564,6
20443957899,14
20444020769,5
20444079062,23
20444170221,6
20444314240,7
20444400596,9
20444479753,10
20444503301,14
20444639629,17
20444694727,5
20444827204,16
20444927098,7
20444978750,14
20444985969,10
20444998602,7
20445014223,11
20445023991,8
20445033015,6
20445052826,19
20445089312,20
20445113639,7
20445133231,20
20445167216,25
20445200019,6
20445205169,32
20445207889,8
20445208184,5
20445209822,6
20445213692,8
20445218651,6
20445219976,8
20445228291,11
20445240231,12
20445253643,14
20445255182,17
20445255930,8
20445256740,14
20445261077,5
20445266621,13
20445270149,5
20445276180,12
20445284107,16
20445291731,24
20445294242,8
20445294757,5
20445305384,5
20445308057,10
20445315266,8
20445323102,10
20445324923,7
20445326977,5
20445327604,6
20445331385,17
20445332276,15
20445333671,11
20445334481,7
20445338631,14
20445343987,8
20445353940,5
20445361021,9
20445363741,7
20445366413,16
20445372499,9
20445375595,5
20445383342,6
20445391795,5
20445392333,6
20445393143,9
20445396754,7
20445396835,22
20445399001,18
20445401774,16
20445412890,17
20445414833,30
20445415643,6
20445419983,16
20445422771,5
20445426688,8
20445430014,14
20445432220,7
20445440915,14
20445442535,6
20445443345,9
20445443779,5
20445445399,6
20445455190,12
20445457729,5
20445458458,15
20445460436,6
20445461084,15
20445464261,23
20445470156,11
20445473171,9
20445475549,27
20445476944,5
20445477592,13
20445481352,5
20445481514,9
20445482162,8
20445491404,7
20445494411,6
20445495574,6
20445496201,6
20445500918,6
20445501485,8
20445502376,28
20445502457,9
20445505391,8
20445506525,8
20445506797,9
20445509893,15
20445510719,8
20445511103,23
20445515516,5
20445526127,10
20445529061,8
20445534570,32
20445542327,17
20445554929,16
20445560066,10
20445560228,5
20445562352,8
20445562514,13
20445567231,8
20445569101,9
20445571262,9
20445571777,15
20445575331,11
20445575411,9
20445580091,5
20445583198,6
20445583864,12
20445584593,22
20445584674,8
20445586022,5
20445586537,6
20445586618,11
20445587428,11
20445587690,13
20445591531,13
20445594394,8
20445603300,11
20445604705,13
20445608361,10
20445609766,8
20445611311,12
20445612121,8
20445613283,8
20445617602,5
20445618161,9
20445621111,9
20445626342,16
20445634108,7
20445638600,10
20445645215,5
20445647005,5
20445650723,7
20445653404,15
20445656683,10
20445657221,5
20445658465,10
20445660877,9
20445664431,13
20445670678,11
20445671305,7
20445671640,5
20445672531,12
20445676790,15
20445677761,9
20445685438,8
20445688887,6
20445693881,5
20445703517,8
20445719278,7
20445722571,6
20445728269,22
20445735559,9
20445736369,5
20445736873,7
20445737683,11
20445739031,6
20445739384,22
20445741796,7
20445742172,24
20445743578,6
20445747131,6
20445748375,10
20445749002,14
20445754936,8
20445760669,13
20445768139,21
20445769534,6
20445774881,5
20445781313,22
20445782638,9
20445793591,6
20445794725,5
20445798712,9
20445810437,5
20446225309,14
20446316100,8
20446323572,24
20446355342,5
20446357396,5
20446358368,11
20446389328,8
20446460481,6
20446468465,6
20446516966,7
20446534948,8
20446626044,7
20446675096,14
20446857283,7
20446863330,7
20446864735,6
20446901959,20
20446903650,9
20446927753,8
20446995163,7
20447023394,14
20447104122,24
20447138965,6
20447142059,7
20447255848,5
20447274982,5
20447309956,13
20447323860,6
20447325218,9
20447334047,6
20447349401,13
20447350671,6
20447350751,8
20447351219,9
20447352703,7
20447366917,12
20447368618,12
20447369185,11
20447370272,10
20447376980,8
20447381631,5
20447388481,21
20447398878,5
20447457718,18
20447466547,12
20447492467,9
20447524415,32
20447608783,8
20447609674,9
20447623669,6
20447624631,14
20447637295,13
20447637538,5
20447640598,6
20447642701,15
20447645476,11
20447647096,6
20447647339,5
20447647410,7
20447654203,15
20447656168,11
20447665400,14
20447676606,10
20447679885,12
20447683726,8
20447689503,14
20447690935,15
20447694256,7
20447699304,6
20447700086,21
20447700329,6
20447717566,7
20447718619,10
20447733928,8
20447752396,15
20447753872,5
20447758670,8
20447760143,12
20447762430,9
20447772079,7
20447774101,5
20447781655,22
20447788587,11
20447790301,10
20447800200,10
20447813280,6
20447825296,6
20447837031,7
20447841143,10
20447844835,22
20447849047,12
20447850991,8
20447860288,7
20447868777,7
20447873266,13
20447878900,10
20447880637,8
20447882761,8
20447882842,7
20447882923,9
20447891086,8
20447895821,9
20447909716,9
20447914558,12
20447927021,16
20447941521,5
20447943060,12
20447951593,5
20447966353,16
20447968216,7
20447969531,7
20447973996,13
20447975000,7
20447980691,5
20447983444,5
20447985579,10
20447986036,5
20447992940,11
20448000126,10
20448011161,5
20448013376,13
20448017100,5
20448018416,14
20448022952,5
20448044760,6
20448067972,9
20448080308,14
20448083153,6
20448083749,9
20448092900,12
20448094511,5
20448121691,11
20448154433,5
20448157963,13
20448161561,6
20448161723,9
20448164072,11
20448168906,9
20448174540,15
20448189067,13
20448192955,13
20448197914,7
20448204473,17
20448210015,12
20448218938,9
20448220088,5
20448227929,8
20448279058,29
20448307523,7
20448311041,18
20448317910,11
20448334849,12
20448344305,10
20448346006,8
20448349285,7
20448354955,12
20448357032,10
20448357890,12
20448374981,5
20448375952,9
20448377572,6
20448377904,9
20448387888,9
20448389236,6
20448398570,8
20448407404,5
20448417205,6
20448422381,6
20448423787,8
20448426379,5
20448439608,38
20448452027,9
20448454666,8
20448469183,6
20448470432,8
20448472648,8
20448481558,11
20448481809,12
20448485111,7
20448488641,5
20448488994,7
20448492240,7
20448494617,8
20448494960,6
20448510671,6
20448519547,9
20448520472,10
20448523811,11
20448535071,7
20448540660,7
20448543766,8
20448547087,7
20448561152,9
20448562396,8
20448571891,5
20448579442,10
20448586228,5
20448602444,6
20448605893,8
20448618014,10
20448624413,6
20448626114,5
20448648193,12
20448651739,8
20448657931,9
20448661378,6
20448661459,5
20448662854,6
20448663583,15
20448663826,8
20448664393,11
20448673031,6
20448685714,7
20448692419,11
20448721371,9
20448743692,9
20448754899,10
20448774229,12
20448775039,6
20448811019,5
20448813909,14
20448839533,9
20448847471,13
20448852556,6
20448855903,6
20448859054,13
20448868045,8
20448877893,9
20448878946,5
20448880924,11
20448884750,5
20448885993,8
20448892779,5
20448944591,8
20449141742,5
20449173865,7
20449176023,10
20449183585,8
20449192908,6
20449212356,9
20449213247,9
20449214995,6
20449225172,5
20449225415,8
20449226144,9
20449229593,11
20449230923,7
20449235216,7
20449238231,6
20449239394,20
20449243316,7
20449247494,25
20449247575,11
20449248466,8
20449249276,31
20449252579,7
20449262701,20
20449268653,8
20449271522,13
20449272766,11
20449277211,17
20449280602,20
20449282729,20
20449291710,7
20449293411,17
20449294492,5
20449303581,5
20449312814,15
20449314868,16
20449318260,11
20449318693,14
20449323930,6
20449325479,6
20449325983,22
20449329466,23
20449332840,14
20449333731,14
20449344261,22
20449344937,22
20449345232,13
20449346042,12
20449347448,22
20449350660,7
20449351801,22
20449356943,12
20449357168,14
20449370695,14
20449385021,5
20449387318,10
20449390611,17
20449394870,14
20449399162,5
20449401833,5
20449420463,10
20449432631,14
20449438834,5
20449441037,7
20449444303,18
20449448716,16
20449449011,9
20449451261,16
20449458789,12
20449459327,20
20449460171,12
20449461224,10
20449472854,20
20449475365,5
20449488009,12
20449488777,6
20449498063,5
20449517203,26
20449544511,9
20449564112,5
20449656319,11
20450101711,9
20450103099,5
20450105113,6
20450105202,12
20450105466,17
20450106357,18
20450107086,5
20450108139,9
20450109020,11
20450116662,7
20450119254,9
20450122395,12
20450124096,8
20450124177,5
20450124762,11
20450125904,19
20450126382,5
20450129306,9
20450130908,7
20450137821,26
20450142582,9
20450148866,11
20450151735,9
20450158586,12
20450162265,7
20450166686,16
20450171337,8
20450171922,6
20450173119,6
20450176304,11
20450190129,9
20450199771,9
20450214672,12
20450219801,13
20450222004,5
20450226336,8
20450226921,8
20450230449,10
20450236137,10
20450245713,5
20450247171,10
20450252418,10
20450257304,9
20450262723,6
20450266478,10
20450267873,8
20450269736,12
20450272796,9
20450275540,9
20450278051,15
20450282082,7
20450285189,15
20450287475,14
20450290263,7
20450298671,6
20450299139,5
20450301214,11
20450304400,6
20450306798,16
20450310639,7
20450311520,5
20450312178,13
20450312259,17
20450317480,7
20450321754,8
20450322726,9
20450326713,5
20450332951,9
20450333680,6
20450334228,7
20450337839,9
20450339025,7
20450340031,7
20450356540,8
20450358755,7
20450359051,9
20450359565,8
20450361209,6
20450371778,7
20450372669,9
20450380092,11
20450384322,10
20450388077,6
20450394557,8
20450396177,6
20450403131,11
20450406156,9
20450409414,6
20450417514,11
20450423085,6
20450426939,6
20450435920,14
20450438601,6
20450439593,13
20450448746,11
20450460282,12
20450469743,6
20450475042,8
20450478068,9
20450481875,13
20450487130,9
20450489264,5
20450489698,10
20450489779,6
20450489931,12
20450492729,8
20450495159,7
20450496473,6
20450497364,10
20450497950,17
20450508234,6
20450509125,16
20450531058,15
20450532372,11
20450539202,7
20450540804,5
20450544460,6
20450545270,12
20450546837,7
20450551083,7
20450551326,8
20450552136,16
20450556042,7
20450564738,5
20450565629,8
20450578798,11
20450581748,6
20450582981,11
20450587860,6
20450588599,12
20450593835,12
20450603229,5
20450620409,9
20450622525,9
20450626784,5
20450632598,5
20450633560,7
20450636747,6
20450637476,13
20450638952,5
20450641406,10
20450647943,5
20450650901,5
20450656934,7
20450657159,12
20450662314,9
20450662586,8
20450675131,9
20450675301,12
20450679985,7
20450684474,8
20450687066,11
20450687571,6
20450687651,6
20450688381,7
20450689271,7
20450689603,7
20450697029,7
20450700771,18
20450713750,7
20450716007,6
20450719367,9
20450728439,7
20450732622,8
20450733351,11
20450735729,13
20450741371,8
20450741532,7
20450747069,5
20450750019,7
20450750361,13
20450751252,9
20450752496,9
20450756998,15
20450757617,10
20450759075,9
20450760758,7
20450760839,6
20450768571,12
20450769895,6
20450777723,13
20450778029,5
20450780601,5
20450782051,6
20450783294,7
20450788849,12
20450791980,9
20450797082,5
20450835600,6
20450862917,6
20450878244,15
20450899080,26
20450911128,20
20450930939,8
20450948986,18
20451029046,10
20451039190,10
20451060393,27
20451094450,5
20451134184,8
20451169646,5
20451185684,5
20451242238,20
20451319800,24
20451340167,10
20451358023,8
20451366042,5
20451373251,19
20451385187,9
20451400241,16
20451412508,15
20451413814,5
20451417569,5
20451419693,20
20451422481,9
20451434579,17
20451438485,8
20451440625,9
20451441869,7
20451455061,7
20451474520,6
20451475097,20
20451477383,15
20451487851,5
20451488237,7
20451495101,6
20451496418,12
20451496922,8
20451497228,5
20451498461,22
20451499514,17
20451506235,7
20451522516,5
20451522869,5
20451525451,6
20451527232,19
20451528123,10
20451528557,7
20451530535,24
20451534107,15
20451535413,8
20451539087,21
20451540336,9
20451546458,5
20451547420,24
20451550137,5
20451550561,10
20451553071,5
20451558383,22
20451561503,5
20451561686,5
20451568851,18
20451575989,9
20451577175,9
20451579895,6
20451579976,9
20451581016,9
20451583060,22
20451584899,9
20451586913,23
20451589343,5
20451600096,7
20451600339,23
20451603435,5
20451609719,5
20451615280,18
20451619196,7
20451626303,22
20451630831,6
20451633342,15
20451642929,14
20451658175,5
20451659651,5
20451660749,9
20451662954,6
20451679849,5
20451682637,22
20451690494,14
20451691628,22
20451699793,18
20451703901,23
20451706323,9
20451721128,7
20451721802,21
20451722108,9
20451726278,5
20451726863,6
20451738284,5
20451741315,10
20451741404,5
20451745817,8
20451750497,7
20451760611,11
20451761189,5
20451775210,22
20451776887,22
20451777930,6
20451778316,23
20451779711,27
20451780302,7
20451787145,13
20451794435,6
20451800699,5
20451805224,9
20451806972,29
20451811208,5
20451813324,6
20451820614,21
20451826817,8
20451829085,5
20451845447,7
20451849191,6
20451871286,36
20451899881,26
20451942485,13
20451952286,11
20451993471,9
20452027471,15
20452052238,7
20452223229,24
20452225353,9
20452225868,5
20452225949,13
20452227640,7
20452228298,6
20452229006,22
20452233887,10
20452235073,14
20452235316,19
20452239818,9
20452243688,8
20452245974,10
20452262399,36
20452262470,9
20452268834,9
20452271461,11
20452274133,10
20452279283,19
20452290929,11
20452295998,8
20452299047,8
20452302951,16
20452305896,5
20452306515,10
20452308992,6
20452311276,12
20452316740,13
20452318106,8
20452320771,8
20452333245,10
20452336007,13
20452339286,11
20452340021,10
20452342236,8
20452343399,6
20452347033,6
20452350921,14
20452357420,12
20452357772,13
20452371252,8
20452371414,14
20452373620,12
20452379661,10
20452387418,6
20452387507,10
20452390630,27
20452391105,12
20452391521,14
20452393493,16
20452400376,6
20452401852,5
20452405769,5
20452410762,8
20452417694,7
20452418151,16
20452430950,12
20452431760,14
20452438268,7
20452440831,20
20452440912,10
20452442966,19
20452450713,15
20452453909,12
20452454972,7
20452455197,5
20452456916,10
20452457726,11
20452460948,14
20452467284,16
20452467870,11
20452468418,11
20452473764,8
20452474736,8
20452477328,12
20452478723,15
20452485002,13
20452486661,5
20452491746,6
20452498244,16
20452500087,6
20452506875,10
20452518377,17
20452522137,10
20452523451,13
20452525233,8
20452529140,9
20452533414,12
20452534062,6
20452535891,5
20452539293,10
20452540381,5
20452547806,13
20452548012,10
20452552800,8
20452556201,11
20452558751,18
20452562864,15
20452564727,11
20452565707,10
20452571936,6
20452597650,8
20452598206,12
20452605938,10
20452608104,5
20452609763,6
20452613361,7
20452614503,5
20452614767,24
20452617600,9
20452622948,11
20452624487,11
20452624991,14
20452625025,11
20452626935,12
20452629284,36
20452630886,15
20452631424,11
20452634873,10
20452638861,6
20452640334,25
20452647428,16
20452649129,5
20452650569,10
20452652006,8
20452655366,10
20452655447,6
20452656257,11
20452657903,8
20452659272,8
20452663032,10
20452665833,12
20452666309,5
20452669405,11
20452669740,14
20452673267,25
20452674239,9
20452675391,10
20452675715,12
20452675804,14
20452682258,9
20452685192,6
20452688612,19
20452692211,10
20452694698,13
20452697875,13
20452698766,8
20452702119,13
20452702381,10
20452703271,11
20452704081,8
20452707692,10
20452708231,11
20452708583,7
20452709393,7
20452709474,8
20452712009,14
20452713404,16
20452714125,6
20452714982,11
20452720362,12
20452724783,9
20452725321,11
20452725836,8
20452726646,15
20452732701,7
20452733341,5
20452734665,7
20452737508,17
20452741874,29
20452743061,7
20452744890,36
20452745608,9
20452745781,7
20452746671,8
20452748534,11
20452749778,6
20452752051,8
20452756120,9
20452756553,8
20452758769,6
20452764068,9
20452770548,6
20452772087,8
20452773725,7
20452774616,18
20452774705,9
20452777399,14
20452777984,9
20452778875,17
20452781078,5
20452786541,6
20452791031,22
20452795028,6
20452795532,9
20452798981,10
20452801362,9
20452804469,11
20452805198,9
20452809347,8
20452812216,11
20452812992,9
20452814936,13
20452815070,5
20452818095,6
20452819491,7
20452820235,6
20452823170,13
20452827086,16
20452827671,13
20452830036,5
20452831784,10
20452833990,15
20452839769,24
20452843529,15
20452847354,6
20452857236,17
20452861853,10
20452899745,5
20453110584,12
20453262767,6
20453308775,9
20453325432,10
20453410201,6
20453422632,9
20453493068,12
20453503047,15
20453527493,5
20453537537,22
20453552846,25
20453556086,20
20453564348,23
20453639968,5
20453646581,5
20453649840,11
20453656200,5
20453661114,17
20453661629,5
20453661891,5
20453661971,23
20453662439,14
20453663753,11
20453666426,7
20453668631,19
20453668984,29
20453670709,6
20453677118,7
20453678947,11
20453679757,18
20453680097,14
20453687423,18
20453689809,9
20453689981,23
20453691536,10
20453692851,18
20453693822,8
20453694985,13
20453695957,5
20453696171,7
20453698204,5
20453700896,7
20453702244,5
20453704611,17
20453708528,13
20453715061,7
20453721893,7
20453722351,16
20453724213,23
20453728120,10
20453735177,11
20453743439,5
20453743862,12
20453755101,12
20453757146,19
20453766561,6
20453769071,14
20453770754,14
20453773851,8
20453774318,7
20453778739,10
20453782761,11
20453786081,11
20453789854,23
20453795153,5
20453796397,10
20453807267,7
20453808824,11
20453815103,5
20453817068,10
20453819192,9
20453827454,17
20453830323,22
20453832709,14
20453848451,13
20453849008,14
20453851240,7
20453856047,9
20453860231,22
20453861989,5
20453866191,21
20453867596,23
20453868053,5
20453868304,6
20453871194,15
20453872913,17
20453880347,9
20453886035,20
20453886892,10
20453888674,8
20453899285,6
20453902685,9
20453904971,22
20453908535,14
20453910513,15
20453914268,15
20453914772,18
20453918689,19
20453919499,6
20453919651,28
20453926274,10
20453928722,15
20453930891,8
20453931600,6
20453935346,9
20453936237,10
20453939171,8
20453941311,12
20453945147,21
20453948243,9
20453957153,7
20453957749,13
20453959016,9
20453960375,6
20453960707,14
20453961347,14
20453962408,16
20453962581,8
20453964524,21
20453967035,13
20453967469,9
20453972977,18
20453974163,10
20453974244,20
20453975640,7
20453978746,20
20453989861,10
20453991769,9
20453995241,7
20454008244,10
20454011971,9
20454012438,17
20454016344,8
20454016425,12
20454017821,18
20454022824,7
20454030096,17
20454036701,17
20454042183,12
20454043660,18
20454047657,5
20454048033,16
20454054271,17
20454054785,9
20454062532,18
20454063423,7
20454067682,28
20454073143,25
20454075511,17
20454076673,26
20454077645,19
20454077998,15
20454079699,8
20454083459,15
20454083963,11
20454085150,22
20454086555,8
20454088094,12
20454094221,11
20454097166,5
20454098138,6
20454100566,23
20454102933,5
20454104472,9
20454108117,6
20454108206,6
20454109512,19
20454109865,8
20454114354,11
20454117884,15
20454117965,11
20454118422,6
20454118694,17
20454119402,6
20454121059,11
20454124236,6
20454126441,7
20454129548,8
20454131950,7
20454133146,23
20454133812,14
20454135432,23
20454143290,17
20454146477,5
20454149905,7
20454153171,16
20454157673,9
20454157835,9
20454158050,19
20454159455,20
20454162324,18
20454164297,9
20454166311,18
20454170858,15
20454175141,10
20454176546,15
20454180811,21
20454181116,5
20454183917,19
20454184131,10
20454186002,24
20454190026,18
20454197209,28
20454200358,13
20454201087,5
20454203969,6
20454206046,22
20454207107,18
20454217595,17
20454227477,17
20454229178,14
20454237197,27
20454239050,17
20454250029,10
20454254105,18
20454256141,11
20454257899,6
20454261659,19
20454262116,22
20454262892,15
20454263431,5
20454264755,20
20454266022,6
20454269129,8
20454271026,12
20454272189,9
20454273231,16
20454275447,15
20454276176,11
20454276761,27
20454277067,9
20454292376,10
20454293348,13
20454297416,7
20454299460,16
20454300654,16
20454304056,16
20454306423,12
20454308809,7
20454311346,21
20454313632,5
20454315414,9
20454316062,23
20454316810,14
20454318197,5
20454319592,21
20454322623,7
20454324910,17
20454331291,8
20454337736,13
20454339518,11
20454342730,11
20454344945,11
20454351640,12
20454351992,5
20454355807,18
20454359462,8
20454359896,5
20454362170,19
20454369000,7
20454369263,9
20454373457,16
20454377878,10
20454382791,19
20454388055,15
20454390114,12
20454390629,6
20454390971,15
20454391439,25
20454396155,7
20454399847,8
20454403542,15
20454405324,9
20454418574,16
20454422253,21
20454422504,33
20454422920,7
20454427301,12
20454431759,10
20454432216,9
20454434189,13
20454434855,18
20454439491,19
20454442793,8
20454444222,18
20454450117,11
20454452161,5
20454456581,20
20454457472,5
20454464410,11
20454465149,21
20454475373,9
20454477236,12
20454479794,7
20454480709,13
20454483040,10
20454490259,5
20454498233,20
20454498586,6
20454500581,18
20454503920,6
20454508051,11
20454508727,5
20454516151,16
20454516746,5
20454518102,17
20454519761,7
20454522801,22
20454529481,8
20454533080,25
20454537743,10
20454538634,14
20454539282,5
20454540612,6
20454547030,5
20454548516,8
20454552971,27
20454553277,26
20454554672,14
20454554834,6
20454566506,13
20454567570,21
20454574941,16
20454577451,13
20454577613,10
20454578261,9
20454583770,19
20454587171,11
20454588810,6
20454589549,6
20454591446,14
20454594038,10
20454597134,7
20454601930,14
20454603479,24
20454612036,8
20454612460,6
20454620641,5
20454626843,27
20454630875,6
20454639589,8
20454640161,17
20454642024,7
20454645635,19
20454645805,6
20454647417,12
20454650043,18
20454651015,19
20454655274,8
20454664001,5
20454667957,6
20454673256,5
20454673337,11
20454673418,9
20454674813,16
20454676603,10
20454682671,8
20454683481,7
20454686153,7
20454688440,18
20454689331,5
20454689926,10
20454692714,12
20454696621,20
20454702531,27
20454703007,12
20454710470,6
20454711018,21
20454713061,27
20454715510,8
20454717130,5
20454720947,12
20454722567,11
20454724691,11
20454725825,6
20454726121,25
20454726554,5
20454730152,12
20454735111,20
20454736789,26
20454741430,12
20454742321,22
20454742754,10
20454743483,16
20454744617,8
20454744706,6
20454751583,12
20454759720,7
20454759991,6
20454767404,8
20454770022,18
20454770961,6
20454772823,22
20454780419,7
20454785992,10
20454786379,18
20454788151,7
20454788231,5
20454788584,7
20454791887,24
20454792697,7
20454792859,16
20454804377,19
20454810695,5
20454811233,22
20454814178,16
20454817436,17
20454817789,7
20454820658,8
20454823169,8
20454823240,6
20454823916,23
20454825455,9
20454826699,18
20454835337,18
20454836066,12
20454838514,19
20454839243,15
20454839758,13
20454839839,5
20454845057,17
20454845219,14
20454848587,6
20454851961,6
20454858540,19
20454870591,23
20454871481,10
20454879032,11
20454888376,16
20454902549,14
20454902972,9
20454903430,9
20454909128,8
20454910215,15
20454912340,5
20454915101,8
20454925166,18
20454926561,7
20454928343,15
20454935803,15
20454937091,14
20454937920,13
20454938144,17
20454938730,5
20454941447,21
20454943571,13
20454944543,24
20454947992,6
20454948450,17
20454959061,19
20454963505,7
20454967322,9
20454969376,5
20454974370,13
20454975261,17
20454979843,7
20454980426,13
20454980931,5
20454981155,22
20454988753,10
20454990499,17
20454991894,13
20454995962,8
20455000981,17
20455004978,5
20455005869,16
20455006750,26
20455009775,6
20455016399,16
20455017522,9
20455021040,9
20455021473,5
20455022101,7
20455023417,18
20455024901,7
20455025380,7
20455025975,24
20455026602,5
20455034532,7
20455035423,5
20455039330,5
20455049564,7
20455053243,7
20455053677,6
20455060291,10
20455060703,12
20455063478,16
20455065098,17
20455065501,18
20455067465,36
20455070415,25
20455071811,17
20455072973,11
20455073279,11
20455074241,17
20455075646,7
20455083746,9
20455091170,10
20455092494,11
20455094942,10
20455099316,12
20455100853,6
20455102805,14
20455104506,12
20455108323,6
20455108838,7
20455112606,13
20455114307,9
20455114722,6
20455122237,14
20455124281,7
20455127034,5
20455133786,5
20455135568,19
20455139717,10
20455141291,6
20455154601,10
20455157022,5
20455161135,18
20455169977,8
20455175781,7
20455177210,10
20455177724,9
20455178291,25
20455183457,18
20455188688,18
20455189145,12
20455192448,8
20455196273,9
20455197598,12
20455208468,12
20455210101,5
20455213895,6
20455216568,17
20455225044,12
20455226288,18
20455230714,14
20455232768,13
20455234892,12
20455237301,12
20455237565,13
20455239002,6
20455244189,11
20455247447,19
20455250740,12
20455251631,15
20455258058,9
20455258309,7
20455259453,19
20455261431,5
20455266310,8
20455268525,9
20455270775,17
20455273791,18
20455275734,5
20455277435,5
20455278326,35
20455278679,7
20455278750,23
20455287074,12
20455290539,9
20455290610,25
20455296812,28
20455307954,30
20455311048,14
20455313687,5
20455314900,5
20455317321,6
20455318727,8
20455319618,15
20455320977,9
20455323569,11
20455324701,22
20455326070,12
20455326151,12
20455328871,5
20455329257,10
20455341460,5
20455346771,14
20455362629,10
20455367264,8
20455369127,15
20455369470,11
20455372004,8
20455372268,6
20455374554,24
20455384193,21
20455385327,22
20455386561,11
20455391131,12
20455394075,11
20455394661,14
20455394741,26
20455397848,9
20455408394,15
20455411000,18
20455414955,14
20455418519,5
20455421226,6
20455430489,5
20455434123,9
20455439940,17
20455440522,15
20455442223,8
20455442495,12
20455442657,6
20455447888,16
20455448345,20
20455453691,17
20455459541,18
20455463140,17
20455465606,13
20455472211,5
20455474931,16
20455475156,17
20455476985,6
20455477876,13
20455477957,5
20455481393,19
20455483337,6
20455484571,5
20455485461,6
20455486948,27
20455487162,15
20455489882,9
20455493995,9
20455494614,10
20455494967,21
20455502650,6
20455514828,15
20455515042,5
20455526320,6
20455527211,18
20455534772,6
20455539731,23
20455539812,21
20455540152,19
20455540403,13
20455546274,6
20455550891,8
20455551782,20
20455554536,19
20455554889,16
20455557551,6
20455562555,11
20455562989,14
20455572356,10
20455576181,14
20455580022,15
20455580375,19
20455586144,5
20455590508,17
20455605548,17
20455610541,9
20455611947,16
20455612161,6
20455614881,12
20455624500,13
20455630062,5
20455631620,6
20455632944,15
20455633673,6
20455639442,7
20455639957,5
20455642079,7
20455643555,6
20455654085,12
20455654671,17
20455655561,18
20455656614,9
20455660646,6
20455663319,9
20455664391,18
20455665281,5
20455666253,9
20455678936,7
20455680914,15
20455682020,8
20455682704,6
20455683697,10
20455684405,16
20455685398,8
20455690120,6
20455698457,13
20455699691,10
20455702233,15
20455703558,24
20455707111,14
20455708193,18
20455717427,18
20455719985,9
20455720991,7
20455725012,22
20455725284,19
20455726256,8
20455728461,20
20455730792,27
20455731845,6
20455731926,5
20455732574,8
20455732736,14
20455733112,17
20455740241,12
20455742294,6
20455742375,19
20455746877,7
20455749469,14
20455750475,7
20455753571,16
20455753733,15
20455753903,7
20455754624,6
20455755353,6
20455756082,7
20455756830,6
20455764697,9
20455767106,20
20455768170,9
20455777594,11
20455779295,10
20455787042,6
20455789509,21
20455792399,18
20455795576,13
20455796114,5
20455796891,14
20455801215,6
20455807418,11
20455807841,11
20455813736,19
20455818371,9
20455821755,10
20455823456,16
20455823880,26
20455825742,26
20455830665,11
20455835624,11
20455836787,18
20455837678,8
20455844020,11
20455852987,22
20455856460,10
20455859728,22
20455861625,6
20455866007,12
20455866694,8
20455868981,7
20455870969,24
20455874794,18
20455879591,6
20455883432,10
20455887004,13
20455890307,6
20455890561,5
20455891702,10
20455893667,18
20455905851,8
20455908958,7
20455911401,21
20455911584,7
20455911665,19
20455912394,7
20455926000,22
20455928550,8
20455928711,9
20455929955,8
20455930619,10
20455933715,19
20455934011,15
20455935173,15
20455937974,19
20455944679,24
20455948313,6
20455948747,5
20455950211,7
20455959943,25
20455962227,16
20455962731,16
20455969311,10
20455972885,8
20455973342,11
20455981795,20
20455994421,12
20455995231,23
20455995401,9
20455996393,21
20456003860,20
20456004327,6
20456005307,11
20456012699,16
20456016503,9
20456017496,5
20456020446,5
20456022571,14
20456026215,11
20456027700,8
20456028421,10
20456028773,17
20456029079,23
20456029826,7
20456040633,9
20456042334,15
20456042920,13
20456058761,8
20456063765,8
20456072675,10
20456085149,8
20456091033,15
20456094130,8
20456099441,10
20456101870,22
20456102256,21
20456102922,9
20456105352,9
20456108025,12
20456108882,16
20456116711,12
20456122877,10
20456123172,15
20456123253,9
20456124811,18
20456127917,22
20456133488,6
20456141235,20
20456141740,10
20456143793,8
20456151206,14
20456151893,20
20456152431,10
20456161007,26
20456161341,12
20456162071,19
20456164448,16
20456164952,6
20456166653,18
20456168788,10
20456174834,22
20456175997,10
20456182691,9
20456185011,5
20456187146,8
20456187901,17
20456190520,8
20456195912,7
20456196480,5
20456197451,5
20456200266,5
20456201742,12
20456205811,10
20456209565,6
20456210229,18
20456214721,6
20456220453,15
20456221859,10
20456226061,13
20456226818,10
20456230416,6
20456234918,10
20456239049,11
20456239715,7
20456240055,6
20456242856,18
20456246762,15
20456247220,13
20456254781,9
20456255249,6
20456260838,7
20456265473,9
20456270558,8
20456274201,8
20456274545,18
20456275355,8
20456275860,18
20456278885,8
20456281754,6
20456281835,8
20456287361,18
20456288091,8
20456291393,11
20456298720,11
20456302182,11
20456306501,22
20456309519,5
20456310363,15
20456310959,7
20456311921,20
20456315918,14
20456318429,16
20456323007,28
20456327258,9
20456334033,10
20456334971,15
20456337059,6
20456339183,21
20456340271,20
20456340785,5
20456344004,11
20456345078,13
20456345663,19
20456383751,7
20456424881,19
20456477811,14
20456523278,18
20456600795,7
20456659765,19
20456684018,5
20456754831,6
20456840915,5
20456851445,5
20456865152,22
20457003219,13
20457010266,6
20457031344,18
20457055103,5
20457088532,6
20457090944,7
20457142413,13
20457209003,11
20457230118,9
20457362294,15
20457394731,6
20457457597,6
20457516518,8
20457576171,7
20457738090,8
20457753641,16
20457783711,8
20457805382,20
20457820004,10
20457836261,10
20457875089,21
20458062511,5
20458067237,7
20458074101,22
20458119300,7
20458127400,8
20458280348,5
20458362077,9
20458378747,27
20458379395,22
20458418803,26
20458462454,21
20458503401,21
20458534382,21
20458538701,31
20458546631,5
20458563307,22
20458583243,5
20458602132,9
20458605662,17
20458623482,6
20458630268,6
20458640492,6
20458642789,11
20458680524,10
20458681415,19
20458743038,18
20458775746,11
20458785385,5
20458810673,26
20458841714,27
20458865907,7
20458923443,15
20458937151,23
20458949671,5
20459088106,7
20459090003,21
20459098837,7
20459099213,19
20459141350,18
20459151584,22
20459270249,5
20459277332,24
20459316842,6
20459346750,20
20459350439,22
20459388673,5
20459424734,15
20459442635,21
20459481967,21
20459485369,31
20459515292,17
20459647792,8
20459669095,6
20459743325,15
20459750291,14
20459759833,6
20459802437,7
20459804219,12
20459821652,21
20459858572,21
20459935151,7
20459949535,24
20459960695,21
20459980963,25
20460005109,19
20460011923,10
20460161577,5
20460169128,5
20460221901,5
20460238898,9
20460270350,8
20460277796,8
20460278504,6
20460345031,6
20460352674,26
20460360260,6
20460371032,8
20460419418,6
20460436771,22
20460534942,9
20460584290,7
20460598835,23
20460600597,9
20460666008,8
20460699518,18
20460704457,6
20460718164,5
20460796122,19
20460803358,7
20461009990,7
20461076832,11
20461090231,6
20461111174,15
20461171827,20
20461297766,11
20461420045,5
20461479015,19
20461481851,5
20461482156,22
20461504907,6
20461524762,8
20461592768,10
20461642706,36
20461665820,22
20461677836,20
20461681191,16
20461767584,5
20461771697,5
20461842896,18
20461851887,11
20461948881,5
20461957791,6
20461958339,5
20462041587,21
20462111895,26
20462173491,7
20462190159,6
20462256940,9
20462262087,13
20462279991,8
20462287233,9
20462335653,7
20462379863,13
20462441178,7
20462509236,23
20462511214,5
20462526165,18
20462527137,25
20462539577,9
20462540745,9
20462544902,7
20462604735,13
20462608056,22
20462735244,22
20462772441,33
20462792396,24
20462793791,19
20462829737,24
20462871008,7
20463001651,7
20463059064,6
20463136409,5
20463145734,22
20463225924,14
20463271101,7
20463337218,6
20463339342,5
20463344851,5
20463378089,5
20463447820,8
20463455768,6
20463461903,21
20463476765,5
20463541681,17
20463564621,20
20463595004,5
20463600792,22
20463703508,5
20463722472,24
20463863297,7
20463901130,20
20463958590,30
20463969877,22
20464000543,7
20464032071,5
20464192353,6
20464259440,7
20464265504,22
20464350102,5
20464408623,9
20464428730,23
20464722841,7
20464918079,21
20464961594,12
20464993879,10
20465062356,5
20465084911,8
20465101190,5
20465261634,22
20465480603,8
20465557754,15
20465646692,7
20465657899,6
20465722119,19
20465874482,16
20465948788,18
20465976561,12
20466014321,7
20466213871,7
20466241734,19
20466246370,23
20466261255,20
20466327612,21
20466331482,5
20466355071,5
20466453162,18
20466477771,23
20466483584,24
20466590747,23
20466776336,28
20466890465,27
20466929426,20
20467028759,22
20467063236,8
20467089464,6
20467144660,6
20467225155,23
20467225406,11
20467291883,5
20467305931,10
20467349717,9
20467400178,18
20467463684,22
20467491467,7
20467534026,35
20467539842,24
20467561694,7
20467675436,34
20467682726,11
20467685661,6
20467737300,5
20467905377,21
20467936337,8
20467998871,19
20468068088,6
20468070651,20
20468084105,7
20468095301,19
20468147387,20
20468150175,5
20468208432,7
20468257212,6
20468261082,22
20468268508,21
20468340977,19
20468363080,8
20468366186,9
20468448824,5
20468450217,10
20468530831,10
20468536014,6
20468581745,8
20468664527,12
20468700779,5
20468734673,21
20468770475,17
20468787360,22
20468826951,22
20468862167,8
20468881544,22
20468985757,24
20469028314,5
20469072054,6
20469147593,7
20469295274,7
20469317855,14
20469378561,8
20469447554,21
20469492347,8
20469632297,8
20469653707,25
20469675778,7
20469727085,10
20469748597,18
20469785875,5
20469936164,7
20469962246,30
20469995411,25
20470025914,5
20470059738,21
20470102765,18
20470145065,20
20470145901,22
20470234599,23
20470325047,5
20470358484,22
20470389363,5
20470407442,27
20470526379,22
20470531968,23
20470700662,5
20470722470,5
20470732866,5
20470783851,21
20470831252,5
20470867958,5
20470982625,8
20470987856,23
20471083144,21
20471093379,6
20471132021,22
20471133770,24
20471202844,9
20471203816,9
20471229700,8
20471254305,10
20471261182,5
20471281451,17
20471333604,21
20471366952,23
20471398218,5
20471476898,22
20471505073,18
20471514064,22
20471697479,5
20471742792,21
20471744493,27
20471791068,23
20471814459,6
20471861619,6
20471884741,6
20471955354,7
20471969223,7
20471988368,23
20472020430,5
20472086457,19
20472109171,10
20472172701,6
20472237099,23
20472315154,5
20472323921,5
20472395832,5
20472397029,11
20472404416,22
20472497325,7
20472498305,5
20472539184,9
20472564618,6
20472567803,25
20472604423,22
20472619374,5
20472645707,19
20472687531,22
20472699629,5
20472757254,5
20472845030,6
20472896297,5
20472915933,22
20472933087,6
20472933672,6
20473082595,12
20473139376,21
20473159644,22
20473199514,6
20473214840,6
20473283736,5
20473438012,9
20473495598,21
20473530253,5
20473538408,11
20473541964,7
20473542006,7
20473558859,21
20473592950,7
20473773156,5
20473868611,5
20473902738,15
20473922259,6
20473935407,9
20474001122,7
20474102158,13
20474229735,5
20474233686,5
20474252800,22
20474301193,12
20474360955,18
20474456049,24
20474529291,23
20474536581,6
20474537120,6
20474666876,17
20474674208,7
20474691986,23
20474697593,22
20474765343,25
20474799671,5
20474807101,23
20474865488,9
20474868312,26
20474902600,18
20474917542,16
20474948006,8
20474956955,8
20475051867,7
20475109881,9
20475120001,23
20475225521,7
20475231504,5
20475260199,18
20475295901,7
20475306369,18
20475307764,12
20475309899,24
20475316241,6
20475419058,9
20475428634,29
20475476876,5
20475554346,5
20475592272,8
20475731655,8
20475738234,20
20475767331,7
20475796781,5
20475799535,12
20475805101,6
20475812655,20
20475815247,21
20475824319,8
20475833229,17
20475835604,22
20475844344,21
20475852797,7
20475853921,21
20475878672,5
20475890290,5
20475927550,27
20475986645,5
20476115711,6
20476152594,5
20476229058,6
20476247030,22
20476268541,5
20476268975,19
20476423539,23
20476571309,16
20476580120,5
20476633932,23
20476640041,22
20476661472,17
20476721556,22
20476754136,23
20476763127,8
20476798770,18
20477150242,18
20477152539,6
20477159894,7
20477159975,5
20477160710,10
20477162330,5
20477162844,12
20477163654,7
20477167307,17
20477167561,11
20477168702,9
20477174770,6
20477176551,10
20477181121,10
20477183761,13
20477184813,7
20477190112,5
20477191941,16
20477194886,14
20477207961,8
20477208348,15
20477208771,7
20477210750,20
20477216952,8
20477222766,9
20477223223,13
20477224891,5
20477232052,5
20477233458,22
20477236040,6
20477236805,12
20477242791,5
20477250387,13
20477253564,16
20477256822,14
20477258957,10
20477259252,13
20477261231,6
20477261826,8
20477262555,9
20477262636,15
20477263284,7
20477263365,10
20477264256,15
20477264507,9
20477266542,22
20477267271,12
20477268162,15
20477272356,15
20477273328,9
20477277072,7
20477281932,5
20477293515,10
20477297774,9
20477298827,5
20477300821,9
20477305386,14
20477306439,12
20477315268,14
20477320695,6
20477324411,6
20477325735,7
20477329218,9
20477329994,7
20477330909,5
20477335455,8
20477339795,10
20477340025,5
20477340378,10
20477342826,11
20477343474,8
20477349243,17
20477350845,8
20477361618,7
20477366415,9
20477372491,14
20477374787,16
20477375911,12
20477376721,5
20477377883,8
20477378421,8
20477380833,8
20477381996,7
20477382887,10
20477383859,11
20477386106,6
20477387331,5
20477394117,10
20477398457,11
20477399933,10
20477402152,10
20477402233,10
20477402586,5
20477413863,6
20477414916,9
20477419390,7
20477421025,5
20477421611,6
20477431501,23
20477433384,10
20477434437,7
20477435590,6
20477436057,9
20477437452,11
20477438009,8
20477441565,5
20477451951,6
20477452419,9
20477454039,8
20477455353,8
20477455434,5
20477455868,10
20477456163,7
20477456911,10
20477458883,9
20477459693,7
20477464263,15
20477466631,7
20477467289,11
20477470409,6
20477475389,16
20477478728,13
20477480463,13
20477482326,7
20477482598,7
20477482750,11
20477483641,7
20477484531,13
20477486071,7
20477486666,8
20477489096,5
20477490001,7
20477494847,6
20477496548,5
20477497358,5
20477508147,11
20477513736,6
20477514970,9
20477516328,5
20477520864,8
20477528253,9
20477529497,6
20477530665,10
20477542833,18
20477547479,10
20477549412,6
20477550003,5
20477550429,5
20477555811,14
20477558675,6
20477562869,5
20477566775,11
20477567402,16
20477569791,7
20477569952,17
20477570454,5
20477571345,5
20477580760,5
20477582461,6
20477585052,9
20477585486,15
20477585567,6
20477591702,19
20477595015,10
20477595449,14
20477598898,6
20477599193,5
20477600116,9
20477601350,11
20477604294,14
20477604961,7
20477611070,6
20477613951,8
20477614176,12
20477617434,5
20477627316,5
20477629955,6
20477630961,6
20477634011,6
20477635092,9
20477635254,8
20477644326,5
20477644911,5
20477645489,9
20477647775,11
20477648232,6
20477650300,7
20477650644,14
20477652001,6
20477652264,15
20477652931,9
20477653236,5
20477654631,7
20477655441,6
20477657819,5
20477658891,13
20477659943,6
20477669230,9
20477670165,5
20477671722,9
20477674314,6
20477677411,8
20477677682,10
20477679979,6
20477680471,10
20477683810,16
20477685511,11
20477689699,7
20477691677,7
20477692991,6
20477694005,11
20477697012,17
20477698418,9
20477705562,11
20477705724,12
20477707697,6
20477707930,10
20477713409,6
20477715100,10
20477715525,7
20477716335,6
20477719784,8
20477720791,7
20477721177,7
20477721681,7
20477727531,7
20477731482,6
20477731563,14
20477743731,12
20477746595,7
20477746757,10
20477748296,5
20477757872,7
20477760318,28
20477763091,6
20477763929,10
20477767754,6
20477770623,18
20477777393,21
20477780424,14
20477783954,6
20477784764,23
20477792864,9
20477793674,25
20477801791,6
20477802843,6
20477814850,23
20477823506,10
20477826271,15
20477828648,7
20477839844,6
20477851119,7
20477851976,16
20477857826,5
20477865926,6
20477867970,23
20477877347,7
20477883312,21
20477885102,14
20477886095,9
20477886176,5
20477886761,21
20477886923,5
20477890289,5
20477891846,7
20477893466,5
20477894195,14
20477900420,6
20477905731,5
20477906380,20
20477909214,7
20477915966,6
20477917233,9
20477922661,23
20477926143,9
20477929169,5
20477930922,8
20477933786,5
20477936530,21
20477936700,22
20477936882,20
20477940642,5
20477941291,5
20477947141,16
20477948384,5
20477952811,17
20477958428,6
20477964231,7
20477970711,5
20477976329,5
20477980351,6
20477983708,23
20477985743,8
20477989731,5
20477993410,6
20477995544,5
20477999701,8
20478002000,6
20478002930,10
20478005017,21
20478005289,14
20478007907,21
20478008890,5
20478010878,5
20478011769,19
20478025808,6
20478034548,11
20478035358,11
20478043458,5
20478044772,8
20478046554,22
20478047798,5
20478050667,6
20478052287,5
20478053178,19
20478061430,22
20478067551,6
20478069171,7
20478075651,7
20478076623,7
20478083671,8
20478085967,6
20478087820,5
20478088800,22
20478089440,6
20478091266,7
20478099241,24
20478110589,21
20478111712,5
20478118130,5
20478120622,8
20478121513,5
20478124709,5
20478145960,19
20478154284,23
20478155256,6
20478158948,22
20478167777,5
20478171022,5
20478171294,21
20478171537,20
20478172428,20
20478175524,20
20478177900,7
20478178973,5
20478190591,7
20478194405,5
20478203676,16
20478203757,8
20478203838,6
20478205377,7
20478217898,11
20478218274,7
20478220171,11
20478729791,21
20478734957,21
20478735767,6
20478767961,9
20478962232,6
20478967544,22
20478968435,5
20478968940,7
20479062022,7
20479086045,7
20479091553,20
20479100641,7
20479102776,5
20479104981,12
20479105015,8
20479108201,7
20479354406,22
20479361798,6
20479363901,6
20479364207,12
20479376639,19
20479377953,9
20479378330,14
20479378411,23
20479378763,22
20479379735,16
20479381390,6
20479388998,9
20479403113,15
20479423653,11
20479436470,15
20479437875,15
20479441988,10
20479442101,14
20479452599,13
20479456667,5
20479457710,25
20479461156,7
20479462390,16
20479467863,9
20479482153,19
20479490334,12
20479490415,14
20479492035,6
20479496537,9
20479504068,18
20479507245,12
20479513300,23
20479514616,21
20479518361,12
20479526037,5
20479534218,11
20479541184,6
20479548511,12
20479548600,10
20479549916,24
20479556882,12
20479566250,14
20479569861,6
20479577618,6
20479578932,6
20479581640,10
20479582450,11
20479584401,5
20479594628,16
20479594971,10
20479595276,9
20479597139,20
20479601934,7
20479605336,7
20479622346,14
20479627143,12
20479631094,5
20479635910,7
20479636215,12
20479636304,15
20479637459,7
20479639231,6
20479640166,10
20479641723,11
20479647250,6
20479647501,9
20479653225,17
20479658456,5
20479661678,18
20479675971,16
20479676276,8
20479683728,16
20479690937,12
20479692476,16
20479694843,6
20479694924,12
20479714461,9
20479722138,18
20479729141,28
20479731391,11
20479733172,5
20479735892,18
20479738565,14
20479744298,7
20479744964,12
20479745260,14
20479748102,25
20479749419,6
20479752983,7
20479758167,13
20479760226,13
20479770027,5
20479772151,12
20479779598,9
20479782386,5
20479790303,13
20479796921,6
20479798894,8
20479801275,8
20479802328,6
20479802913,6
20479808873,10
20479811408,6
20479813877,20
20479835501,12
20479840688,5
20479849553,5
20479852856,10
20479855286,9
20479862738,12
20479868426,6
20479870323,7
20479872962,13
20479878901,9
20479879541,5
20479880981,9
20479885860,5
20479895237,7
20479898091,14
20479898503,9
20479900338,5
20479900681,5
20479906701,21
20479912425,7
20479925241,12
20479928852,19
20479929077,9
20479929310,13
20479936952,6
20479942766,12
20479942847,16
20479945196,22
20479945943,6
20479951081,5
20479954691,7
20479958921,11
20479961981,8
20479966355,7
20479967246,7
20479970468,6
20479970549,9
20479973483,6
20479977390,13
20479986208,6
20479986381,8
20479988839,16
20479996939,8
20479999016,8
20480003803,5
20480013868,11
20480014678,19
20480017189,8
20480023235,14
20480024711,7
20480025106,15
20480027494,19
20480029195,7
20480030444,11
20480031335,15
20480032731,13
20480036132,8
20480037961,11
20480038267,17
20480040750,18
20480044151,7
20480050551,9
20480050984,10
20480052090,15
20480054891,6
20480057130,5
20480058705,7
20480059850,12
20480065825,15
20480067950,8
20480076789,9
20480078218,5
20480081511,7
20480082321,6
20480082673,19
20480083998,16
20480085184,16
20480086075,10
20480086237,10
20480087047,8
20480087985,8
20480089333,16
20480093012,7
20480094507,7
20480096208,14
20480097352,10
20480099215,5
20480099568,5
20480099720,21
20480107501,6
20480108222,6
20480123299,10
20480127286,9
20480127791,29
20480128096,5
20480141947,5
20480149174,6
20480156979,18
20480157436,7
20480158165,12
20480161468,7
20480162278,18
20480162600,12
20480167237,11
20480168390,9
20480171188,17
20480172150,21
20480172826,6
20480174284,10
20480175680,10
20480177038,6
20480177623,7
20480182201,22
20480185308,6
20480185995,12
20480188404,5
20480191537,22
20480192932,9
20480200382,6
20480207395,9
20480209762,5
20480214928,10
20480215819,11
20480227825,6
20480229011,9
20480229283,15
20480230451,24
20480232314,8
20480234368,8
20480237898,8
20480239912,9
20480246960,8
20480248156,7
20480253826,5
20480259352,5
20480261411,8
20480268424,7
20480270160,5
20480276010,12
20480277253,11
20480281790,5
20480282095,5
20480285787,7
20480286163,5
20480294263,9
20480297289,16
20480298412,7
20480299575,9
20480300255,6
20480300336,7
20480307420,9
20480312261,8
20480314396,7
20480319860,16
20480325088,18
20480333005,13
20480335989,6
20480339976,7
20480347138,9
20480348967,21
20480351089,11
20480354002,6
20480363257,6
20480365039,7
20480365543,7
20480366434,5
20480373562,7
20480380003,11
20480381581,13
20480385579,21
20480386460,8
20480393679,17
20480397232,17
20480402252,5
20480402414,9
20480402929,17
20480403496,21
20480408455,7
20480408960,14
20480409346,12
20480413700,7
20480416555,5
20480418256,13
20480420404,5
20480427913,9
20480431431,13
20480432755,5
20480433999,9
20480435932,7
20480446624,11
20480454210,10
20480455453,7
20480457235,12
20480483821,12
20480486090,10
20480487908,7
20480492901,5
20480497881,5
20480505493,11
20480506031,8
20480510144,21
20480514212,8
20480516851,15
20480523556,6
20480524366,20
20480537425,14
20480539801,7
20480542429,5
20480544804,6
20480548206,12
20480548621,7
20480557027,6
20480558694,11
20480560672,7
20480562616,15
20480562969,11
20480564660,24
20480568061,7
20480582561,16
20480583885,5
20480586558,12
20480586710,5
20480590407,22
20480603665,6
20480606176,14
20480606842,5
20480607148,7
20480617372,9
20480617704,5
20480623771,6
20480623933,9
20480625391,15
20480635940,5
20480639422,6
20480644698,5
20480645406,15
20480646127,8
20480650825,11
20480651554,7
20480652364,15
20480656432,10
20480657323,10
20480659881,12
20480663218,10
20480666071,13
20480666403,16
20480667124,15
20480670931,8
20480678321,8
20480683839,17
20480684991,6
20480686692,5
20480689446,11
20480691009,7
20480693630,5
20480696906,9
20480697112,5
20480699085,8
20480704691,7
20480706391,6
20480706987,7
20480714653,11
20480718306,16
20480718560,13
20480719299,16
20480725931,11
20480729090,6
20480731230,10
20480738676,12
20480751265,7
20480757115,5
20480757204,14
20480766297,9
20480770723,11
20480772777,10
20480775016,10
20480775105,10
20480783388,11
20480783621,7
20480788771,5
20480791305,13
20480797257,6
20480799977,13
20480803672,11
20480804997,8
20480810377,11
20480811934,8
20480812582,7
20480821573,7
20480823355,14
20480823941,8
20480825722,5
20480833822,13
20480836252,18
20480859031,9
20480861524,5
20480864469,19
20480865198,12
20480871082,10
20480873026,17
20480873611,18
20480876122,9
20480880154,20
20480881631,8
20480882874,10
20480884494,8
20480893302,5
20480896743,7
20480897804,11
20480898100,5
20480898363,8
20480898444,5
20480904606,18
20480911998,8
20480914822,13
20480918143,6
20480918224,12
20480919387,10
20480919468,6
20480920555,6
20480922094,9
20480926910,10
20480927304,19
20480928611,5
20480930780,5
20480933703,12
20480941803,6
20480943687,23
20480947089,6
20480947755,6
20480952830,8
20480962983,5
20480965222,11
20480971460,10
20480971621,5
20480977239,12
20480978634,12
20480980451,7
20480981775,11
20480981937,17
20480982747,11
20480985339,5
20480986653,11
20480990090,16
20480990685,13
20480991142,9
20480994915,5
20480998660,6
20481006431,5
20481011273,9
20481013217,5
20481015422,9
20481016151,8
20481017638,15
20481020345,9
20481020426,10
20481022984,8
20481024171,6
20481027196,6
20481027781,12
20481030146,13
20481031037,5
20481033676,7
20481035458,5
20481036420,6
20481041008,8
20481045411,9
20481045500,13
20481045682,16
20481047201,11
20481048606,10
20481052115,12
20481054169,5
20481054673,5
20481058407,11
20481059713,17
20481065799,27
20481066094,12
20481066680,6
20481066922,11
20481069603,8
20481071501,6
20481077291,9
20481077371,5
20481079153,9
20481081212,6
20481089540,14
20481092681,14
20481098701,10
20481101264,5
20481101931,7
20481102821,9
20481105928,6
20481107629,15
20481114676,12
20481115648,10
20481115729,9
20481117187,16
20481121966,20
20481122342,16
20481123586,12
20481124981,12
20481131333,8
20481131414,11
20481131503,15
20481132658,10
20481135754,7
20481136483,8
20481138851,6
20481145393,7
20481146012,12
20481146365,5
20481146951,14
20481150630,6
20481151873,15
20481151954,5
20481155437,25
20481156671,10
20481157308,7
20481160431,16
20481160511,9
20481160945,11
20481163707,9
20481166391,5
20481173681,11
20481175896,6
20481179964,6
20481186154,9
20481188955,22
20481190003,5
20481192049,10
20481192804,8
20481201561,12
20481204152,18
20481206104,11
20481208816,10
20481210128,10
20481211957,6
20481214549,12
20481218021,11
20481221162,19
20481222053,10
20481222649,10
20481223378,12
20481226555,7
20481228680,7
20481231559,19
20481234574,10
20481235899,7
20481236194,8
20481236275,8
20481236607,6
20481240035,9
20481252122,12
20481252637,16
20481253102,11
20481258830,12
20481261890,13
20481265704,22
20481266182,9
20481267235,7
20481267740,9
20481270619,8
20481272409,8
20481275254,5
20481275840,6
20481278431,9
20481280177,5
20481282544,9
20481285217,8
20481285306,6
20481297223,8
20481297576,10
20481299609,5
20481309841,10
20481310424,8
20481310858,6
20481312125,10
20481313440,11
20481320900,9
20481321892,6
20481323836,9
20481324727,7
20481327319,11
20481327742,8
20481328633,11
20481329362,6
20481330298,14
20481330611,14
20481330964,6
20481331693,13
20481332401,11
20481333122,5
20481338787,11
20481339911,7
20481340501,6
20481340765,5
20481349126,19
20481349550,14
20481349801,10
20481352003,11
20481357901,5
20481360103,11
20481361762,10
20481375127,7
20481382093,11
20481382417,10
20481386323,5
20481388458,16
20481388709,8
20481394181,7
20481394423,6
20481397287,14
20481400920,11
20481401144,6
20481402621,13
20481402892,14
20481405301,11
20481407266,11
20481409714,8
20481413151,10
20481413746,7
20481415790,6
20481424942,17
20481425329,7
20481431485,11
20481435049,11
20481440719,10
20481441286,10
20481442339,15
20481442509,5
20481443068,6
20481445940,11
20481446326,6
20481449007,5
20481449422,10
20481450196,8
20481450277,11
20481450358,6
20481450510,23
20481451320,5
20481456712,7
20481460582,8
20481461635,14
20481462950,5
20481464570,6
20481465975,7
20481467161,5
20481467595,6
20481468648,14
20481470383,6
20481472831,11
20481473722,5
20481474451,8
20481475342,19
20481477710,7
20481480427,7
20481487944,8
20481490571,6
20481492433,11
20481493081,16
20481493677,8
20481495963,12
20481499284,13
20481502927,5
20481507996,11
20481509859,6
20481511594,9
20481515824,5
20481520585,5
20481523509,10
20481536821,10
20481537551,8
20481537984,9
20481538280,6
20481542805,12
20481542988,8
20481547271,9
20481547513,5
20481548161,9
20481548323,6
20481550816,5
20481555371,14
20481555702,19
20481556342,10
20481559015,9
20481559872,5
20481560889,7
20481561265,13
20481562741,5
20481564361,11
20481569169,5
20481574162,7
20481574677,13
20481577005,22
20481577854,12
20481584125,8
20481584397,13
20481590281,8
20481592063,6
20481593205,10
20481593973,5
20481597537,8
20481597707,7
20481605491,6
20481606625,5
20481608598,22
20481608750,10
20481609136,10
20481610495,10
20481611548,10
20481612196,5
20481612358,6
20481622582,11
20481623392,16
20481624526,12
20481626065,10
20481627118,12
20481627975,6
20481628351,12
20481629323,6
20481633606,7
20481635561,6
20481637342,9
20481642265,27
20481642770,9
20481644802,7
20481650870,15
20481651507,9
20481652902,7
20481655839,8
20481660832,8
20481661481,28
20481662452,12
20481662533,9
20481662703,14
20481663939,8
20481665711,5
20481666016,9
20481666105,11
20481668817,23
20481671109,8
20481672253,6
20481672768,7
20481673659,15
20481674388,7
20481680272,13
20481681325,17
20481682135,9
20481682216,11
20481682721,12
20481688761,19
20481688923,16
20481691126,5
20481692521,9
20481692793,7
20481694818,9
20481695113,5
20481696861,5
20481698562,6
20481701709,15
20481708461,11
20481715599,6
20481716056,6
20481718423,11
20481720169,8
20481720754,5
20481741328,12
20481742995,6
20481744424,13
20481744858,11
20481745749,9
20481746397,9
20481747521,14
20481748764,13
20481750823,6
20481751471,6
20481752010,5
20481753415,7
20481754578,6
20481754659,12
20481760462,9
20481763721,6
20481764611,6
20481768951,13
20481769508,8
20481772126,11
20481773793,5
20481775575,11
20481776466,5
20481777942,15
20481781117,12
20481781389,6
20481784132,7
20481784213,10
20481787310,13
20481787743,17
20481787824,5
20481789282,13
20481789363,7
20481790027,8
20481790612,9
20481791694,6
20481796653,11
20481799245,6
20481800600,12
20481802131,18
20481802564,11
20481805407,10
20481810311,5
20481814651,9
20481818991,7
20481821861,5
20481827397,5
20481828016,8
20481828792,5
20481828954,12
20481829411,13
20481829683,6
20481834091,6
20481840733,10
20481841624,15
20481841977,8
20481842353,5
20481842515,14
20481844305,5
20481852073,8
20481857202,17
20481858195,8
20481859914,6
20481864080,7
20481866538,9
20481868662,6
20481871027,10
20481871965,8
20481872341,9
20481875448,5
20481879192,8
20481882908,7
20481885168,6
20481886300,8
20481886997,8
20481887021,14
20481890161,5
20481890919,8
20481892024,11
20481892296,15
20481902356,10
20481914796,15
20481918350,8
20481918783,7
20481918864,6
20481919321,15
20481921491,17
20481922543,14
20481923949,5
20481924325,13
20481925216,6
20481925721,10
20481931534,7
20481934983,9
20481937222,6
20481938385,6
20481939357,6
20481940959,10
20481944431,8
20481945241,10
20481945675,10
20481952965,16
20481958149,6
20481960127,21
20481960801,13
20481964033,7
20481966672,16
20481967300,15
20481973610,10
20481977526,8
20481980586,5
20481981043,19
20481988307,10
20481996237,17
20481997390,13
20482000445,5
20482007458,5
20482008268,5
20482011307,9
20482013423,10
20482015043,6
20482017925,5
20482018140,6
20482019383,13
20482019626,11
20482029770,5
20482032487,17
20482035311,8
20482036555,5
20482036717,12
20482036989,8
20482042288,14
20482049371,10
20482054880,7
20482056823,14
20482057129,6
20482059091,5
20482059687,10
20482059920,6
20482060855,12
20482061827,7
20482062122,6
20482062980,6
20482063790,7
20482064842,6
20482069135,5
20482074724,26
20482075291,9
20482076425,13
20482077235,6
20482078801,5
20482079521,11
20482081933,12
20482084444,24
20482089594,11
20482091572,9
20482091904,5
20482093354,13
20482095993,7
20482096370,11
20482097007,17
20482100407,15
20482103414,13
20482106278,9
20482107240,12
20482107321,9
20482113215,5
20482114882,6
20482117041,5
20482119256,7
20482123873,10
20482125493,10
20482128085,13
20482132601,11
20482133593,5
20482137319,14
20482138714,13
20482141006,8
20482141260,10
20482143475,8
20482144790,9
20482160647,12
20482162003,14
20482162429,10
20482165959,8
20482172815,6
20482172904,14
20482174192,8
20482177531,22
20482181482,11
20482181997,9
20482182292,10
20482183698,7
20482193570,7
20482196595,9
20482199934,15
20482201343,16
20482204440,10
20482206141,16
20482211730,8
20482213279,8
20482215999,5
20482217266,10
20482225447,14
20482228110,11
20482228624,6
20482230955,11
20482237291,13
20482241647,9
20482244310,5
20482245715,11
20482247173,5
20482247840,12
20482257217,10
20482260510,6
20482261249,6
20482262130,10
20482262725,8
20482266470,6
20482268251,9
20482268332,9
20482269061,10
20482271040,19
20482275894,5
20482281355,6
20482284371,6
20482285938,12
20482291661,10
20482292471,5
20482298916,12
20482299050,12
20482299564,14
20482300678,9
20482304584,10
20482304665,9
20482309209,16
20482309381,10
20482312501,8
20482328688,12
20482333509,8
20482335382,6
20482339612,9
20482341277,7
20482344373,14
20482355812,9
20482360492,8
20482361031,6
20482365613,8
20482368558,10
20482372407,18
20482375252,8
20482376909,5
20482380761,8
20482381732,6
20482383271,5
20482385053,5
20482386459,10
20482386882,14
20482386963,6
20482390057,10
20482396250,5
20482403132,12
20482405933,11
20482408282,12
20482409505,10
20482422781,6
20482425616,15
20482425705,17
20482429280,7
20482432311,5
20482438602,14
20482439757,14
20482440844,7
20482441654,7
20482444327,12
20482444912,11
20482447423,14
20482449477,6
20482453237,10
20482460799,7
20482465243,11
20482468188,6
20482468692,8
20482469079,9
20482470590,12
20482475982,16
20482477179,12
20482480714,11
20482485511,12
20482485945,11
20482487131,7
20482492135,17
20482502203,5
20482503862,5
20482504087,13
20482506021,12
20482510052,6
20482511377,6
20482520287,6
20482520953,5
20482522069,6
20482522816,6
20482523464,10
20482523898,9
20482527966,13
20482528695,14
20482529748,10
20482531301,26
20482532374,13
20482533427,7
20482535713,14
20482539549,5
20482543571,9
20482543651,8
20482548459,5
20482548530,15
20482549005,13
20482551166,5
20482552723,5
20482553291,11
20482554777,5
20482554858,11
20482557792,7
20482559736,10
20482560742,21
20482564811,8
20482570543,6
20482571604,11
20482572830,12
20482578102,10
20482583106,12
20482587276,15
20482587608,6
20482591206,13
20482596933,11
20482599797,10
20482602330,7
20482607056,5
20482608613,5
20482610944,14
20482611240,11
20482613960,7
20482614699,14
20482615237,15
20482618171,11
20482618767,10
20482620079,7
20482621474,6
20482622101,7
20482623680,5
20482627081,6
20482628487,14
20482631275,10
20482636072,13
20482641823,16
20482644849,6
20482646388,21
20482647198,7
20482651624,5
20482652868,9
20482656260,12
20482659366,7
20482664793,9
20482668357,8
20482674918,13
20482684042,7
20482684557,14
20482687815,10
20482690875,11
20482697454,12
20482698850,17
20482699821,6
20482705228,13
20482705490,13
20482708243,5
20482715452,8
20482724010,6
20482726144,8
20482726900,14
20482728511,5
20482734597,6
20482743154,16
20482743669,13
20482744711,9
20482744983,22
20482746331,8
20482749861,5
20482751092,25
20482752650,7
20482752901,5
20482755161,5
20482763007,11
20482769897,6
20482775609,13
20482789731,11
20482798056,10
20482798137,11
20482798561,23
20482801456,12
20482802185,8
20482809431,13
20482810528,7
20482810951,8
20482814191,14
20482814604,17
20482821481,6
20482824740,9
20482827684,5
20482829113,7
20482836594,10
20482837485,6
20482838881,5
20482843299,13
20482844694,15
20482845747,5
20482849904,8
20483174137,7
20483261536,6
20483291281,13
20483322349,13
20483377321,8
20483432951,23
20483436514,13
20483449179,8
20483503726,10
20483585439,7
20483599499,18
20483641878,7
20483765682,14
20483768789,9
20483773600,12
20483789867,15
20483794437,23
20483797029,7
20483802804,13
20483803797,13
20483807270,5
20483807601,8
20483814641,8
20483815370,8
20483820705,6
20483822660,7
20483827033,9
20483829672,13
20483830336,5
20483835648,5
20483836610,11
20483840641,16
20483851171,21
20483853972,19
20483868651,12
20483882212,6
20483885581,9
20483886803,12
20483893681,9
20483894814,19
20483898305,13
20483899379,18
20483901969,5
20483912146,7
20483912227,6
20483919159,13
20483932414,20
20483939931,7
20483940433,9
20483943459,8
20483956780,6
20483957590,23
20483971746,9
20483973951,6
20483977191,6
20483981202,6
20483987235,8
20483991003,17
20483994363,9
20483996811,5
20483998270,26
20484002216,23
20484002488,20
20484007366,8
20484011631,14
20484014494,11
20484020460,5
20484027987,11
20484033952,5
20484034258,10
20484034339,8
20484036897,6
20484038679,11
20484043320,8
20484043915,11
20484044644,13
20484044997,19
20484045373,7
20484048551,13
20484049361,6
20484051691,23
20484054445,10
20484054879,16
20484062031,19
20484079197,15
20484079944,6
20484081094,13
20484082228,6
20484084948,11
20484086134,6
20484086649,5
20484090590,5
20484092371,14
20484094668,18
20484096369,10
20484100901,11
20484107310,15
20484111180,10
20484115177,13
20484132691,9
20484136689,6
20484138461,15
20484139351,23
20484141411,13
20484150240,18
20484163902,9
20484164542,6
20484166839,8
20484171671,12
20484174424,18
20484180157,16
20484182796,7
20484183920,8
20484186864,5
20484194026,18
20484195693,13
20484195855,5
20484204439,15
20484209741,19
20484210161,10
20484210676,15
20484213187,5
20484214663,22
20484217255,9
20484218731,11
20484221953,6
20484223816,6
20484225193,16
20484227641,6
20484228290,5
20484232131,12
20484234265,5
20484235156,6
20484236128,16
20484241041,16
20484241474,14
20484242365,14
20484249530,9
20484251861,22
20484252247,9
20484259764,15
20484270067,15
20484276260,8
20484277401,16
20484279871,9
20484280291,16
20484282588,14
20484284874,18
20484285765,12
20484287466,14
20484290254,5
20484294756,20
20484296023,13
20484296376,13
20484297186,15
20484298158,7
20484301981,9
20484309451,17
20484309613,5
20484309702,5
20484314617,7
20484315184,5
20484316661,8
20484320692,5
20484321150,5
20484321745,13
20484322806,8
20484327948,23
20484333166,12
20484338982,10
20484342742,23
20484348279,15
20484448222,14
20484479616,18
20484742171,8
20484965120,6
20485021648,9
20485041240,6
20485086006,9
20485176099,16
20485180797,17
20485235796,10
20485263064,12
20485272560,6
20485584880,5
20485592556,7
20485686615,8
20485761251,5
20485830911,35
20485838652,9
20485840398,5
20485841017,15
20485846833,5
20485848372,6
20485851837,19
20485854852,7
20485862871,8
20485867245,13
20485874969,6
20485875931,12
20485878794,9
20485886975,6
20485894561,14
20485899015,11
20485917285,6
20485923501,5
20485925385,14
20485927914,23
20485928058,6
20485928724,15
20485933647,5
20485934538,13
20485935691,5
20485947273,21
20485948679,6
20485955373,21
20485956698,6
20485958127,11
20485962400,5
20485971069,5
20485976966,5
20485978233,10
20485980131,5
20485981536,5
20485988468,13
20485995596,5
20485996053,9
20485999745,6
20486002558,22
20486004411,9
20486006464,22
20486014645,23
20486017661,5
20486017741,5
20486021005,5
20486021773,10
20486024284,28
20486024446,6
20486026066,9
20486027895,5
20486028514,5
20486029839,9
20486034590,7
20486039800,10
20486051923,6
20486055163,8
20486056569,8
20486056640,31
20486061058,9
20486061643,8
20486064821,6
20486066289,5
20486067099,8
20486068494,5
20486075865,7
20486084261,13
20486085151,8
20486087791,6
20486091127,19
20486095971,15
20486097249,14
20486100215,10
20486100487,13
20486103079,9
20486107902,5
20486108461,9
20486109191,5
20486109603,13
20486111764,8
20486116642,7
20486117967,5
20486126109,8
20486127920,9
20486133733,5
20486135272,10
20486136830,28
20486137305,5
20486138611,7
20486144263,15
20486144697,8
20486145669,6
20486146398,10
20486148170,14
20486148251,7
20486149737,12
20486164370,7
20486171821,10
20486176033,6
20486179211,7
20486180901,11
20486182351,18
20486196069,6
20486198355,6
20486198789,5
20486199165,5
20486205238,6
20486205581,8
20486213681,18
20486218640,6
20486225344,11
20486226073,15
20486228106,8
20486228289,13
20486229099,17
20486229684,12
20486230771,18
20486230852,7
20486233100,16
20486235226,8
20486237946,8
20486238241,23
20486238322,10
20486243245,5
20486243326,5
20486245027,13
20486252317,7
20486252589,5
20486254441,12
20486255090,10
20486255171,21
20486256657,12
20486259834,14
20486262207,5
20486266539,8
20486267934,16
20486276763,6
20486277069,6
20486277905,10
20486279436,21
20486279860,12
20486284430,5
20486290910,19
20486291215,7
20486292378,10
20486293692,16
20486299038,5
20486299895,14
20486312239,9
20486314363,11
20486314525,8
20486318784,15
20486319161,17
20486321572,12
20486323192,8
20486329638,5
20486332779,5
20486340101,13
20486340283,5
20486344190,8
20486344785,5
20486348268,9
20486349159,9
20486353342,20
20486356449,11
20486358735,8
20486368617,6
20486369001,12
20486374773,20
20486379066,26
20486388995,12
20486390116,5
20486404273,9
20486407612,6
20486407965,16
20486408422,13
20486416794,10
20486417766,8
20486419891,5
20486420554,14
20486421950,12
20486427133,8
20486428610,9
20486437104,9
20486441713,22
20486443252,6
20486444143,8
20486449617,8
20486451191,8
20486455854,13
20486456583,18
20486456664,6
20486457393,9
20486464098,7
20486468913,16
20486469219,21
20486469308,12
20486469481,5
20486473160,9
20486476347,6
20486480450,11
20486484013,21
20486487039,12
20486496372,11
20486497344,18
20486498405,8
20486508303,8
20486508648,10
20486512327,11
20486519844,9
20486520931,5
20486529131,8
20486529645,7
20486530147,7
20486531976,5
20486534720,12
20486536854,10
20486538474,12
20486538806,8
20486539012,8
20486540452,11
20486541858,12
20486543478,12
20486543711,8
20486544369,7
20486544873,17
20486545098,13
20486546736,5
20486546906,7
20486547201,11
20486547627,5
20486549166,6
20486551144,5
20486554160,5
20486561964,8
20486562341,18
20486562855,8
20486564718,8
20486566338,6
20486584239,6
20486585120,5
20486588811,8
20486603802,10
20486606810,11
20486613867,11
20486624125,12
20486625440,8
20486625954,6
20486627141,16
20486632811,16
20486642701,11
20486644231,5
20486647842,14
20486654890,5
20486657481,5
20486660946,21
20486678560,18
20486681510,7
20486687712,5
20486688018,5
20486688956,10
20486699729,5
20486703262,6
20486704315,7
20486705630,8
20486708493,9
20486709970,11
20486717131,14
20486717484,7
20486726475,10
20486735032,11
20486735466,7
20486735890,6
20486745691,7
20486746581,23
20486750007,5
20486759721,15
20486762358,12
20486763591,12
20486764997,9
20486765454,23
20486766183,11
20486774011,16
20486774445,12
20486778271,6
20486785307,11
20486785994,13
20486792001,17
20486792770,6
20486792851,10
20486807122,5
20486809176,7
20486811316,6
20486812801,23
20486815061,5
20486817195,6
20486823756,8
20486826267,6
20486830965,5
20486833557,7
20486837463,11
20486848821,8
20486849399,5
20486850648,6
20486859602,8
20486860791,15
20486863626,21
20486867451,22
20486870673,5
20486873265,5
20486879204,10
20486886081,6
20486887304,15
20486896478,5
20486898926,5
20486905302,12
20486915791,15
20486922061,7
20486939380,9
20486941368,18
20486945355,6
20486946084,7
20486946165,5
20486952483,10
20486952998,11
20486954851,10
20486963761,8
20486968487,9
20486972247,5
20486973219,5
20486975939,5
20486981238,11
20486984687,9
20486984920,11
20486991896,7
20486995298,16
20486997312,5
20486998122,14
20487021556,10
20487032086,11
20487038017,10
20487040429,9
20487040933,7
20487041581,6
20487047512,13
20487058981,8
20487064280,7
20487070336,12
20487075991,12
20487077268,7
20487079392,8
20487079635,18
20487083829,5
20487093972,8
20487099407,6
20487102637,8
20487103102,18
20487105148,10
20487107949,12
20487110141,25
20487112357,8
20487112942,14
20487114562,8
20487122824,6
20487125921,13
20487130843,9
20487131220,6
20487131904,11
20487133788,6
20487134679,6
20487137341,7
20487138071,5
20487140997,9
20487151921,6
20487153118,5
20487157539,8
20487157881,6
20487158772,10
20487158853,6
20487166015,8
20487166520,8
20487170713,5
20487173658,8
20487177050,6
20487177301,5
20487179427,12
20487186555,7
20487187284,6
20487196275,8
20487197671,6
20487198138,6
20487211410,5
20487214273,6
20487214788,6
20487216217,18
20487221059,5
20487227251,19
20487244342,7
20487244423,20
20487245586,6
20487251128,13
20487251390,5
20487251985,9
20487255387,17
20487257673,5
20487260119,10
20487262758,5
20487263134,7
20487263720,6
20487268870,16
20487270262,6
20487278085,6
20487285294,6
20487288803,6
20487289877,11
20487292401,6
20487300196,8
20487301834,5
20487303021,8
20487310663,8
20487311805,8
20487317242,8
20487317757,6
20487325342,13
20487326314,7
20487332471,10
20487334929,9
20487335810,5
20487339211,13
20487341038,12
20487345025,5
20487357031,18
20487357465,10
20487368581,17
20487370488,8
20487375013,7
20487375951,5
20487376338,6
20487381765,9
20487382575,11
20487391051,10
20487396959,13
20487401031,14
20487404218,10
20487406776,5
20487416062,8
20487418278,6
20487419754,8
20487420337,17
20487422895,10
20487424677,6
20487430561,6
20487433820,18
20487434800,12
20487449408,5
20487454746,6
20487460045,5
20487460398,7
20487461106,5
20487467139,5
20487468534,14
20487469263,5
20487473881,5
20487476634,6
20487477363,10
20487478688,16
20487482791,8
20487487679,5
20487488055,5
20487493059,13
20487496406,6
20487499332,16
20487499685,19
20487501175,6
20487506568,15
20487511308,6
20487515125,16
20487515982,17
20487519112,14
20487520552,9
20487527646,11
20487537871,6
20487538419,12
20487540154,6
20487541126,5
20487548643,6
20487553302,9
20487554881,5
20487558878,12
20487560856,5
20487579522,7
20487587975,7
20487589919,14
20487592545,7
20487607593,11
20487607917,7
20487611191,8
20487616401,5
20487616746,8
20487620263,5
20487625061,18
20487626202,8
20487633675,10
20487638804,7
20487667146,8
20487681483,10
20487686019,19
20487689891,5
20487693490,7
20487700291,5
20487701000,7
20487703398,5
20487703983,9
20487706656,17
20487710173,12
20487723151,17
20487725286,12
20487729192,12
20487729273,5
20487731413,11
20487732576,5
20487737454,16
20487738698,10
20487741991,6
20487745635,20
20487748065,8
20487753573,13
20487759938,19
20487763021,5
20487768686,8
20487769909,14
20487772101,6
20487772799,11
20487784533,5
20487789764,8
20487792471,10
20487796540,9
20487796892,5
20487799051,5
20487800598,16
20487800831,8
20487809463,14
20487809978,5
20487812171,6
20487812685,7
20487814548,6
20487815358,5
20487823539,8
20487826040,9
20487828689,9
20487829901,12
20487832287,18
20487838218,8
20487840549,8
20487852717,11
20487854841,7
20487861465,12
20487865371,8
20487866777,14
20487869105,18
20487872319,7
20487873714,6
20487874796,6
20487879241,8
20487880842,7
20487881814,5
20487882039,11
20487886611,7
20487889980,16
20487895521,5
20487905934,6
20487908950,11
20487909689,9
20487910261,12
20487911667,9
20487913791,12
20487914844,5
20487915221,8
20487932150,5
20487936813,8
20487946614,14
20487949125,10
20487953408,6
20487954129,13
20487962733,10
20487962814,12
20487963462,10
20487969231,5
20487979113,7
20487980553,9
20487983145,8
20487989691,8
20487989852,14
20487998681,10
20488004833,14
20488011538,20
20488012429,8
20488016921,5
20488017498,7
20488018206,15
20488026641,10
20488037090,15
20488040988,12
20488041283,7
20488043731,11
20488052056,5
20488052722,13
20488069617,7
20488071603,8
20488081820,15
20488083873,6
20488084411,12
20488087194,5
20488091035,7
20488098471,8
20488101286,5
20488102843,9
20488111672,9
20488113373,5
20488120582,16
20488124901,13
20488141661,10
20488142802,7
20488147600,6
20488149211,9
20488232542,8
20488249356,16
20488255593,15
20488316649,13
20488346980,11
20488377788,6
20488387074,9
20488426584,9
20488429419,8
20488430425,6
20488439724,9
20488444728,10
20488543203,7
20488563654,8
20488631242,5
20488667191,17
20488669487,6
20488712161,5
20488766334,20
20488818318,6
20488854896,8
20488871634,11
20488962354,11
20488965965,10
20488969952,8
20489051291,5
20489061172,5
20489107938,9
20489117224,16
20489155070,8
20489174023,19
20489208963,9
20489250731,7
20489279551,5
20489284121,10
20489288894,11
20489290449,8
20489301823,13
20489305497,10
20489307279,5
20489307945,7
20489310571,9
20489320887,7
20489324955,15
20489325331,5
20489332621,26
20489333431,25
20489338743,6
20489348625,10
20489355249,12
20489358698,10
20489359741,6
20489367255,10
20489373654,5
20489380863,10
20489383536,6
20489396514,6
20489396786,5
20489396867,6
20489398720,7
20489401020,5
20489409608,9
20489409942,10
20489411092,5
20489412579,21
20489414946,13
20489418267,5
20489418348,8
20489418691,27
20489418771,11
20489424071,10
20489432090,5
20489432413,8
20489438705,23
20489440432,8
20489445400,12
20489451124,8
20489454654,9
20489458056,10
20489461600,7
20489466156,15
20489466741,8
20489468795,11
20489472121,10
20489473284,6
20489473365,5
20489475651,21
20489480141,5
20489486858,6
20489496659,9
20489500605,7
20489508681,8
20489508924,12
20489509149,15
20489522242,6
20489528011,6
20489530261,17
20489532981,8
20489533953,6
20489535654,5
20489536979,7
20489544998,8
20489550530,6
20489551854,6
20489554951,6
20489566371,11
20489572428,9
20489575010,21
20489578116,6
20489581681,7
20489583896,9
20489585325,18
20489586054,12
20489586216,6
20489596521,5
20489600901,12
20489603323,7
20489611695,22
20489612586,19
20489612748,20
20489614015,16
20489625645,5
20489625998,8
20489627427,7
20489629551,18
20489635799,6
20489637571,7
20489640288,9
20489643627,8
20489670519,5
20489673968,11
20489675073,7
20489678765,6
20489679222,20
20489682363,11
20489683173,7
20489683921,5
20489685541,5
20489689961,7
20489699924,9
20489700019,9
20489709318,6
20489715393,5
20489729181,8
20489730864,10
20489736552,8
20489739900,8
20489740231,12
20489749701,6
20489951101,8
20489952760,7
20489966981,5
20489971713,5
20489972108,7
20489974909,7
20489978726,5
20489988446,7
20489988527,6
20489994411,7
20489994845,5
20489998085,5
20490002350,9
20490005022,10
20490006690,7
20490006771,13
20490007661,7
20490010026,6
20490013394,5
20490013718,6
20490017039,6
20490021907,5
20490026968,22
20490027344,7
20490027859,6
20490032771,7
20490037145,7
20490040952,7
20490041339,7
20490046306,8
20490052705,7
20490054236,7
20490056522,8
20490057090,8
20490063227,9
20490067303,5
20490072994,6
20490076710,5
20490077368,11
20490077953,6
20490080156,5
20490083503,5
20490088211,11
20490091786,7
20490093487,5
20490094700,6
20490095421,18
20490098799,6
20490099094,8
20490102818,5
20490104195,11
20490106309,5
20490106996,9
20490107372,9
20490108859,5
20490110756,9
20490111647,12
20490112619,7
20490115804,19
20490119541,7
20490121529,11
20490127217,15
20490130510,12
20490141392,10
20490141554,14
20490142283,12
20490143093,7
20490149024,7
20490150201,5
20490153480,7
20490159097,5
20490159844,6
20490162551,6
20490169645,5
20490176692,23
20490178474,23
20490183630,7
20490186221,11
20490186906,9
20490189671,6
20490208560,6
20490212249,6
20490212753,6
20490221663,10
20490222473,5
20490222716,5
20490224336,7
20490226975,16
20490231111,8
20490231545,9
20490233327,5
20490237586,6
20490244281,7
20490246739,7
20490249088,13
20490254910,14
20490257188,13
20490267221,13
20490272730,12
20490277961,12
20490282298,9
20490287923,5
20490288067,13
20490288903,10
20490294113,7
20490295195,6
20490299930,11
20490300458,6
20490301853,6
20490304101,8
20490306227,7
20490311816,5
20490312383,6
20490314670,6
20490315994,10
20490322346,5
20490324713,10
20490330446,5
20490331841,7
20490334271,7
20490335324,7
20490336053,5
20490337700,8
20490338773,5
20490345559,8
20490346016,7
20490348574,7
20490348817,5
20490350714,13
20490357131,15
20490359002,16
20490364006,6
20490366556,9
20490374907,5
20490381431,7
20490382322,5
20490384457,6
20490385348,12
20490385852,12
20490399993,5
20490406361,23
20490408496,10
20490408739,5
20490413732,8
20490415603,6
20490419692,9
20490422481,7
20490422995,5
20490427105,6
20490428845,5
20490430823,5
20490437593,8
20490438565,7
20490440462,13
20490448951,6
20490456547,7
20490470299,11
20490478605,6
20490481223,11
20490492004,5
20490492187,6
20490492772,13
20490503057,12
20490504967,7
20490517431,9
20490518917,11
20490520491,10
20490522787,14
20490523244,10
20490525701,7
20490531425,13
20490536737,5
20490536907,5
20490537113,6
20490538519,5
20490539914,6
20490565591,6
20490568850,9
20490571486,7
20490575392,5
20490575554,6
20490586084,7
20490587218,5
20490589857,10
20490592301,9
20490593293,11
20490593536,9
20490596713,6
20490596802,7
20490597795,19
20490608401,8
20490616170,11
20490619942,7
20490631560,12
20490632701,6
20490634402,9
20490636791,5
20490637924,14
20490638491,5
20490642090,9
20490645277,11
20490645510,6
20490647644,6
20490648535,9
20490651161,8
20490652991,9
20490653377,9
20490675184,9
20490676407,7
20490677713,15
20490680188,6
20490681664,6
20490681745,6
20490683527,9
20490684256,9
20490690906,9
20490691031,6
20490697749,11
20490702173,6
20490702921,12
20490705351,5
20490706756,13
20490709771,7
20490713612,13
20490721801,12
20490727672,7
20490729021,8
20490729969,5
20490730118,6
20490733729,12
20490736400,5
20490737554,6
20490737716,10
20490743287,9
20490744097,5
20490744178,8
20490747355,5
20490764284,6
20490766228,10
20490766490,5
20490766651,13
20490767461,9
20490768948,5
20490769910,7
20490770098,5
20490771060,6
20490773275,13
20490775723,8
20490781294,8
20490787578,10
20490790013,6
20490791681,8
20490793624,8
20490799070,5
20490805223,8
20490811894,6
20490813242,10
20490813919,10
20490814133,6
20490816187,5
20490817825,5
20490821695,8
20490823477,5
20490830848,9
20490831577,11
20490838580,7
20490839390,5
20490851331,9
20490853384,12
20490856308,7
20490857371,5
20490858181,5
20490860241,7
20490860674,5
20490862961,7
20490863690,6
20490864661,8
20490867768,6
20490870475,5
20490872508,10
20490873067,12
20490879189,5
20490882058,8
20490883704,6
20490895206,10
20490898728,7
20490899961,6
20490902008,15
20490904558,6
20490906097,8
20490907905,5
20490908979,5
20490912739,9
20490916564,11
20490917293,5
20490919156,6
20490929119,10
20490931521,10
20490932179,7
20490936751,5
20490939009,7
20490939939,9
20490946048,5
20490946471,6
20490947362,8
20490952790,7
20490953842,6
20490958721,9
20490959026,5
20490963562,5
20490966235,9
20490967983,8
20490976541,5
20490986180,7
20490989952,5
20490991779,7
20490992406,7
20490994107,7
20490998609,5
20491008921,13
20491009650,7
20491016788,5
20491019299,9
20491019370,10
20491019612,6
20491021439,8
20491025931,13
20491026406,5
20491026741,7
20491028522,20
20491030853,8
20491033011,5
20491034174,5
20491035570,7
20491044137,5
20491047403,8
20491047586,9
20491048710,6
20491050960,6
20491051001,8
20491051851,9
20491053390,8
20491057034,7
20491059835,5
20491064839,6
20491068079,11
20491074397,7
20491085241,5
20491085836,14
20491086131,6
20491092531,7
20491096790,5
20491100576,7
20491101548,5
20491108712,8
20491114526,5
20491118432,5
20491133237,6
20491135523,9
20491139197,6
20491139430,10
20491141418,6
20491142813,7
20491144867,5
20491145081,7
20491147025,5
20491152371,12
20491158655,7
20491162172,9
20491165783,5
20491166674,6
20491166836,10
20491175584,7
20491177790,8
20491184494,12
20491188309,10
20491188562,14
20491189372,6
20491189887,11
20491192756,15
20491193566,9
20491198525,6
20491203545,6
20491216108,12
20491217171,12
20491217503,5
20491222175,10
20491223147,12
20491224461,6
20491231166,6
20491231328,7
20491232057,5
20491234424,10
20491241391,7
20491253135,6
20491264170,7
20491268671,14
20491268914,6
20491277409,8
20491278120,8
20491280299,10
20491281775,6
20491286904,17
20491287200,5
20491291738,10
20491292548,12
20491298155,7
20491305119,11
20491305542,8
20491321661,7
20491328321,8
20491328917,6
20491331543,11
20491332515,11
20491333597,5
20491337827,6
20491338807,10
20491346737,8
20491353865,6
20491354322,5
20491355213,5
20491358077,6
20491358158,9
20491358743,12
20491366339,5
20491375834,8
20491376211,5
20491383772,6
20491384744,6
20491388901,7
20491389380,7
20491394201,8
20491399938,21
20491405091,20
20491408431,6
20491414244,6
20491419556,9
20491552639,10
20491552981,14
20491553791,8
20491554763,5
20491555140,16
20491560496,25
20491562782,15
20491576902,17
20491592690,12
20491593823,13
20491603306,14
20491610264,5
20491612046,5
20491612470,5
20491617358,7
20491619644,6
20491628040,6
20491631342,9
20491643197,9
20491647265,14
20491651611,8
20491656761,17
20491657651,10
20491658542,14
20491658623,12
20491660440,18
20491667967,6
20491671646,11
20491673851,14
20491674076,6
20491677172,7
20491681447,6
20491685434,6
20491688298,10
20491688701,12
20491689855,13
20491691833,11
20491695073,9
20491695235,10
20491696398,5
20491697289,10
20491712342,6
20491715872,13
20491716682,14
20491717221,10
20491718201,13
20491719193,11
20491722062,5
20491735121,5
20491740800,9
20491741288,12
20491742179,10
20491743141,6
20491753294,13
20491755238,5
20491756986,6
20491760151,23
20491768992,11
20491781409,12
20491781824,12
20491783878,5
20491794721,7
20491799103,9
20491799791,5
20491801281,7
20491802767,16
20491804468,6
20491805278,5
20491809346,6
20491819813,5
20491823098,5
20491823411,5
20491823683,8
20491824141,5
20491826861,5
20491832674,17
20491834375,10
20491850222,5
20491853248,7
20491854058,5
20491854481,12
20491858398,6
20491867541,5
20491867621,7
20491878585,5
20491891336,21
20491896303,6
20491898853,18
20491899663,5
20491900696,11
20491901072,14
20491905141,8
20491918471,8
20491920531,5
20491920611,6
20491932032,7
20491932202,13
20491934671,15
20491935058,5
20491936704,5
20491939479,5
20491942348,19
20491943581,6
20491947731,20
20491952815,5
20491956560,7
20491959828,19
20491963850,10
20491965046,6
20491967413,17
20491969386,5
20491975513,25
20491975602,19
20491980193,22
20491980355,23
20491984776,7
20491985071,6
20491987368,8
20491993171,5
20491998211,9
20492003744,6
20492006506,5
20492009866,5
20492015165,22
20492015831,5
20492016307,6
20492017613,22
20492017702,7
20492018857,8
20492023265,6
20492026523,15
20492031799,11
20492043371,19
20492044696,7
20492046044,17
20492047873,7
20492049655,23
20492050742,11
20492055973,7
20492057321,7
20492060977,12
20492061868,11
20492062163,5
20492064298,8
20492064611,23
20492070859,5
20492082199,5
20492084728,7
20492092313,24
20492093042,6
20492098516,6
20492099679,6
20492100863,15
20492104346,8
20492106047,6
20492111636,19
20492111717,23
20492112365,5
20492112527,8
20492116433,7
20492117758,9
20492118134,7
20492130771,5
20492131661,8
20492134091,20
20492137350,8
20492144305,9
20492149871,6
20492156656,9
20492165213,6
20492165990,6
20492170560,8
20492181847,7
20492183548,6
20492184609,7
20492185087,21
20492189589,25
20492191133,22
20492197336,6
20492197417,16
20492199118,16
20492205886,23
20492211690,20
20492212076,5
20492212581,23
20492218511,6
20492221571,9
20492228401,7
20492230210,5
20492233316,7
20492236251,21
20492239276,21
20492242811,9
20492246132,19
20492246566,22
20492246647,5
20492255719,22
20492258904,8
20492262928,6
20492271757,10
20492277879,5
20492280314,9
20492281639,9
20492288137,10
20492290891,8
20492294293,21
20492302571,10
20492307298,19
20492307883,24
20492307964,7
20492316289,9
20492317684,18
20492318656,19
20492320634,7
20492331598,5
20492337952,6
20492353214,24
20492353303,11
20492353486,7
20492353648,24
20492356230,8
20492366031,22
20492369137,6
20492374301,20
20492376699,21
20492377661,5
20492392031,23
20492393275,15
20492400662,22
20492402797,10
20492404064,16
20492404901,24
20492408213,6
20492416747,5
20492418952,23
20492421406,8
20492422551,6
20492425223,27
20492430227,20
20492435962,7
20492438473,5
20492438635,19
20492439101,9
20492440702,7
20492455050,7
20492457770,9
20492464636,5
20492465527,29
20492470873,26
20492471098,17
20492474607,8
20492478009,10
20492481131,5
20492484661,5
20492493491,10
20492498701,22
20492499421,6
20492499936,6
20492505847,6
20492515052,7
20492515133,7
20492516024,20
20492518311,25
20492518582,13
20492519040,19
20492521371,6
20492529789,8
20492531767,7
20492534359,20
20492537889,5
20492539822,22
20492540081,16
20492548147,5
20492550800,7
20492552331,7
20492556671,22
20492557057,10
20492558886,7
20492565319,22
20492565742,5
20492571556,5
20492574067,10
20492578305,14
20492579450,7
20492582591,7
20492592049,8
20492592634,6
20492595498,10
20492599647,13
20492600599,6
20492606015,5
20492608654,7
20492611523,5
20492611795,7
20492612767,5
20492616673,6
20492618374,7
20492627870,5
20492641431,10
20492647633,6
20492648281,8
20492653102,6
20492658244,5
20492669106,10
20492669441,6
20492672077,5
20492673120,11
20492673804,7
20492679080,5
20492679918,13
20492681220,20
20492683940,6
20492687180,8
20492694801,9
20492695875,9
20492697061,21
20492699781,27
20492716970,21
20492719308,7
20492719642,5
20492721469,6
20492725537,9
20492730701,11
20492735842,22
20492738604,5
20492744833,32
20492746887,7
20492747930,5
20492753581,6
20492773345,6
20492779629,5
20492783651,9
20492784622,11
20492794008,6
20492801063,9
20492803601,14
20492804593,20
20492806294,7
20492806456,5
20492812693,14
20492816338,6
20492822907,8
20492829669,8
20492834158,6
20492836282,21
20492838226,21
20492841014,7
20492846911,7
20492849937,5
20492852997,17
20492856551,5
20492858766,5
20492861635,5
20492865894,6
20492867081,14
20492868729,8
20492876667,11
20492878015,10
20492878287,10
20492881661,10
20492883281,7
20492883523,21
20492883957,21
20492884686,15
20492895378,23
20492896269,22
20492897664,8
20492909344,8
20492911675,6
20492912132,8
20492916472,10
20492918173,7
20492920666,9
20492922367,7
20492925030,9
20492925463,5
20492926869,22
20492935931,6
20492941400,23
20492942121,7
20492942392,6
20492946541,20
20492952436,23
20492952789,5
20492953246,5
20492957314,20
20492959520,6
20492962318,6
20492967620,10
20492971651,5
20492977005,22
20492978311,5
20492979041,21
20492979717,6
20492988546,6
20492989437,6
20492990524,7
20492993388,18
20492993973,6
20492994945,10
20492995593,5
20493002636,7
20493006976,5
20493010493,12
20493018125,8
20493020618,28
20493021932,5
20493029160,5
20493040309,24
20493040643,23
20493047575,21
20493048890,22
20493049438,7
20493049519,9
20493055161,5
20493056647,7
20493058348,6
20493065395,11
20493085663,22
20493089570,7
20493091396,6
20493093844,6
20493096436,20
20493098994,18
20493099885,10
20493104633,7
20493106415,5
20493111681,26
20493117531,6
20493120752,23
20493124154,6
20493126874,8
20493130120,22
20493138881,9
20493139003,17
20493143612,8
20493153251,16
20493156439,6
20493160118,17
20493167392,20
20493179480,17
20493183240,19
20493187580,7
20493188632,8
20493190611,24
20493192079,8
20493196902,8
20493201329,14
20493203453,14
20493205405,10
20493215893,6
20493215974,6
20493218566,12
20493221192,6
20493223641,19
20493223721,9
20493223993,11
20493233361,7
20493243838,6
20493246772,16
20493258274,7
20493264916,8
20493271025,10
20493307666,12
20493326296,19
20493328400,16
20493342062,16
20493346301,17
20493346645,6
20493348184,13
20493348770,7
20493352297,12
20493360800,5
20493364899,6
20493380827,22
20493382528,6
20493384067,6
20493384491,22
20493387163,10
20493387597,17
20493388721,10
20493390385,7
20493391438,9
20493393996,10
20493394020,5
20493396740,6
20493398521,14
20493406486,7
20493412371,6
20493427645,16
20493428536,27
20493429770,14
20493431758,9
20493433025,14
20493436121,7
20493437365,18
20493439490,6
20493467353,5
20493468244,6
20493468678,7
20493477669,9
20493484878,16
20493485505,7
20493489161,18
20493490924,15
20493495217,10
20493496027,13
20493500741,8
20493507673,11
20493508645,24
20493524179,11
20493528671,9
20493538633,7
20493545257,12
20493546733,10
20493558235,10
20493571096,14
20493580591,21
20493584821,23
20493588657,13
20493593065,17
20493604105,13
20493605501,5
20493620721,21
20493625951,13
20493627903,17
20493631684,6
20493643852,12
20493646797,21
20493650042,8
20493651529,7
20493652843,16
20493654463,28
20493668332,10
20493681274,9
20493684371,5
20493721161,10
20493725824,6
20493737911,5
20493748018,5
20493753526,6
20493760735,16
20493762789,27
20493763165,9
20493764561,8
20493781651,12
20493784162,16
20493800893,7
20493808525,11
20493813014,7
20493817273,7
20493817869,10
20493819721,8
20493822609,7
20493824563,9
20493824725,11
20493825292,7
20493827741,9
20493829361,15
20493835921,6
20493850998,5
20493858387,6
20493867963,7
20493869401,13
20493874587,5
20493875711,12
20493882687,13
20493885431,8
20493895401,5
20493896041,8
20493903609,10
20493905300,6
20493908317,14
20493909399,8
20493910052,10
20493912420,5
20493915445,11
20493916174,9
20493917651,13
20493918541,6
20493921097,7
20493930240,7
20493930321,17
20493943732,7
20493949421,12
20493950518,6
20493950861,8
20493963091,6
20493978447,13
20493982983,7
20493988329,5
20493989058,5
20493995295,16
20494003229,5
20494004039,13
20494007054,6
20494007488,33
20494013534,5
20494017017,10
20494022797,19
20494028485,9
20494033721,6
20494034884,9
20494039843,9
20494040001,16
20494044251,13
20494046033,6
20494047943,6
20494053838,11
20494056004,6
20494056187,6
20494056934,6
20494057663,6
20494063639,6
20494064104,7
20494071496,5
20494078075,6
20494079713,14
20494079802,6
20494084041,5
20494085951,5
20494087651,7
20494088208,5
20494089191,5
20494089352,7
20494089867,11
20494090954,5
20494093384,9
20494097029,11
20494097452,16
20494097533,6
20494099153,6
20494099404,13
20494100429,6
20494101239,6
20494103525,5
20494106893,11
20494108080,8
20494109132,9
20494109485,10
20494118395,10
20494119103,5
20494124522,5
20494127629,10
20494135486,11
20494137772,8
20494142857,16
20494143748,6
20494146259,8
20494147069,6
20494147140,9
20494147816,5
20494151333,9
20494153549,9
20494155169,10
20494155240,6
20494158851,8
20494159661,6
20494164745,7
20494168651,11
20494172098,8
20494173906,17
20494185076,8
20494189144,9
20494191637,11
20494192366,9
20494199964,12
20494200997,9
20494201535,10
20494206502,13
20494207495,8
20494209862,9
20494210445,7
20494212901,9
20494214190,16
20494217458,14
20494220246,9
20494224314,12
20494225124,7
20494230985,7
20494233577,20
20494238617,27
20494242215,8
20494244773,6
20494245311,9
20494246474,5
20494246806,9
20494252521,31
20494253926,11
20494254141,7
20494263484,13
20494268796,11
20494269920,13
20494270189,18
20494275652,6
20494282942,7
20494285020,9
20494289017,9
20494293634,10
20494295335,9
20494297206,7
20494299918,9
20494302722,9
20494303966,6
20494306043,10
20494306558,6
20494309573,14
20494310318,5
20494310822,7
20494311047,11
20494316944,24
20494318483,30
20494321786,11
20494326231,5
20494328799,14
20494329337,7
20494333873,8
20494337941,9
20494339057,6
20494341973,28
20494345294,25
20494347742,11
20494350026,11
20494351855,7
20494355095,12
20494357039,11
20494359911,7
20494364591,8
20494365139,6
20494368821,8
20494371457,19
20494374472,8
20494376505,14
20494378893,11
20494380014,8
20494382815,13
20494384605,16
20494388007,7
20494389151,8
20494390753,10
20494391725,11
20494394660,8
20494397090,18
20494397685,19
20494398819,9
20494399386,21
20494400902,11
20494402191,10
20494402433,12
20494403596,5
20494405459,9
20494407150,7
20494408041,12
20494415501,24
20494417384,7
20494419166,18
20494419247,10
20494424089,8
20494430569,19
20494436508,9
20494436761,23
20494437903,5
20494440441,5
20494441170,8
20494443466,12
20494453003,10
20494462681,7
20494464544,6
20494467306,8
20494467721,16
20494469180,15
20494472725,9
20494478332,30
20494479142,11
20494485118,8
20494486351,8
20494488303,15
20494488486,8
20494491193,7
20494492327,22
20494493137,8
20494498104,29
20494506131,5
20494506565,31
20494513006,7
20494516013,5
20494537444,9
20494540151,5
20494543762,7
20494548306,10
20494553644,7
20494554535,12
20494556236,7
20494561663,14
20494564689,5
20494567351,8
20494569648,12
20494571383,22
20494573165,12
20494576181,8
20494579872,20
20494582741,5
20494586810,25
20494589916,7
20494591813,6
20494594758,10
20494595568,15
20494595991,10
20494597421,7
20494609453,9
20494619173,12
20494619416,7
20494624096,6
20494626030,11
20494626897,11
20494626978,17
20494629055,21
20494629306,8
20494629721,10
20494632439,8
20494635535,9
20494638712,11
20494639875,9
20494642078,14
20494645093,19
20494646651,19
20494647622,6
20494648602,5
20494652979,15
20494657938,11
20494663075,12
20494665523,8
20494671256,9
20494676304,7
20494676649,12
20494678269,9
20494680590,7
20494689627,18
20494690048,7
20494690552,9
20494690714,26
20494691524,16
20494710171,8
20494711223,5
20494713277,9
20494719127,16
20494720729,12
20494725526,9
20494729351,10
20494733979,7
20494736641,5
20494738423,17
20494740673,26
20494743265,9
20494746281,15
20494748224,14
20494748909,18
20494756324,10
20494759188,9
20494762561,9
20494766982,25
20494768926,13
20494770238,9
20494770661,7
20494771552,10
20494775469,7
20494776864,8
20494777241,5
20494781353,14
20494783640,10
20494784450,8
20494792126,11
20494793289,11
20494794251,9
20494795494,6
20494800323,24
20494800595,17
20494800757,7
20494800838,23
20494814979,8
20494815355,12
20494820430,5
20494824931,24
20494827019,13
20494828686,5
20494832527,5
20494834228,9
20494836603,8
20494849411,12
20494854172,13
20494854768,8
20494858089,5
20494860229,10
20494865964,7
20494867827,7
20494869102,21
20494871930,9
20494879329,19
20494881579,7
20494884594,5
20494887267,21
20494889804,14
20494895448,7
20494896096,13
20494897815,11
20494899940,20
20494900387,9
20494901359,9
20494911826,10
20494914094,10
20494916381,5
20494918910,19
20494927315,6
20494934109,10
20494934877,11
20494942896,15
20494944830,7
20494946611,10
20494947774,24
20494951020,5
20494951453,7
20494953316,10
20494959195,8
20494963117,8
20494965080,7
20494972531,7
20494973007,22
20494973422,11
20494973937,7
20494978653,14
20494979111,7
20494980801,27
20494982171,5
20494993709,7
20494996040,12
20494996473,8
20495003192,10
20495005217,21
20495005489,21
20495007261,10
20495008402,10
20495014551,11
20495017061,11
20495019196,9
20495019439,5
20495020445,11
20495022651,5
20495031307,9
20495039545,8
20495042171,25
20495042333,23
20495043143,7
20495048960,10
20495051910,8
20495053297,15
20495057101,8
20495057527,13
20495062016,6
20495080693,10
20495083528,12
20495085491,5
20495085903,9
20495090061,5
20495090141,10
20495095020,9
20495096930,7
20495097073,18
20495099793,12
20495105866,20
20495107991,5
20495109004,5
20495110193,7
20495110355,12
20495118178,8
20495122108,9
20495123333,8
20495127169,12
20495129889,10
20495136231,8
20495138365,6
20495141587,6
20495150659,9
20495151035,6
20495152511,9
20495162584,17
20495171494,33
20495175210,16
20495176615,7
20495177778,9
20495179045,18
20495179801,9
20495181538,10
20495183409,11
20495183662,10
20495187731,6
20495191258,7
20495192572,5
20495195598,10
20495200001,9
20495300995,13
20495330126,6
20495368107,15
20495443915,6
20495593305,13
20495602142,5
20495605672,8
20495606997,10
20495615040,14
20495617689,8
20495622844,7
20495623816,18
20495625606,10
20495627307,5
20495627722,7
20495629776,9
20495635822,23
20495644228,13
20495645038,12
20495647324,27
20495648215,21
20495648568,16
20495648649,5
20495657630,14
20495659179,7
20495660266,13
20495660347,12
20495661238,10
20495663877,5
20495665811,5
20495666973,13
20495668089,17
20495677401,10
20495680968,6
20495683983,9
20495684017,10
20495684874,14
20495686656,10
20495687466,12
20495687890,10
20495688438,10
20495696961,19
20495698239,10
20495699391,6
20495700071,13
20495706355,13
20495706789,17
20495706941,6
20495707165,15
20495710034,11
20495713564,17
20495717802,6
20495718361,17
20495718957,7
20495720269,17
20495728758,7
20495730060,7
20495733328,8
20495735291,7
20495737234,5
20495740022,9
20495741851,5
20495742238,8
20495743048,5
20495743986,15
20495750176,8
20495751229,7
20495755054,6
20495762930,9
20495764398,7
20495764550,12
20495764801,6
20495765955,10
20495774865,17
20495776213,10
20495782299,14
20495783856,7
20495783937,6
20495790801,13
20495795439,18
20495805094,7
20495807208,22
20495807461,5
20495810250,11
20495810501,6
20495811736,6
20495815057,7
20495824714,10
20495827063,10
20495831176,10
20495835759,9
20495836135,7
20495843182,7
20495847099,26
20495859771,7
20495868410,5
20495869734,18
20495870236,12
20495871712,5
20495873090,8
20495873171,10
20495879021,13
20495882838,12
20495888950,6
20495902022,6
20495902375,24
20495903932,7
20495905552,10
20495913733,23
20495916830,8
20495931472,12
20495931987,5
20495932797,15
20495934498,9
20495940111,9
20495954090,8
20495960146,11
20495960731,7
20495965024,11
20495970451,5
20495975097,11
20495976221,9
20495986374,13
20495997651,9
20496000201,12
20496003722,5
20496009259,9
20496010184,6
20496017359,9
20496021038,9
20496025025,8
20496028121,6
20496029012,7
20496029799,9
20496034873,5
20496035331,15
20496038861,5
20496040091,14
20496042388,7
20496042621,5
20496043783,11
20496045212,12
20496060289,5
20496061331,13
20496070675,15
20496073003,8
20496085354,13
20496091672,9
20496096631,14
20496106963,5
20496108664,21
20496109636,7
20496111291,6
20496112343,5
20496114044,10
20496114559,18
20496114630,5
20496115440,18
20496121920,12
20496137419,6
20496141289,7
20496141521,9
20496149425,11
20496150512,13
20496161042,11
20496166273,14
20496173059,23
20496175698,10
20496175779,7
20496176236,5
20496181230,6
20496187190,5
20496188595,16
20496198981,7
20496485450,14
20496535066,7
20496651481,12
20496651562,14
20496814020,20
20496895861,21
20496918071,5
20496934866,7
20496950128,16
20496996543,24
20497062781,24
20497104026,27
20497123675,5
20497159351,13
20497173346,8
20497219940,16
20497230161,10
20497261555,10
20497406383,6
20497409561,18
20497417237,11
20497420378,19
20497508381,12
20497582190,5
20497637431,33
20497670561,21
20497728071,15
20497746486,7
20497746648,15
20497784817,21
20497803463,27
20497804192,14
20497811211,21
20497821011,18
20497897263,16
20497947384,20
20497979821,6
20498018310,7
20498034277,10
20498039155,18
20498046364,6
20498049975,23
20498052925,13
20498053905,6
20498061088,9
20498063617,7
20498064427,16
20498073094,21
20498074732,13
20498078215,5
20498088369,6
20498092391,11
20498099051,14
20498100164,9
20498100245,24
20498104666,17
20498109463,11
20498111018,8
20498114203,6
20498122052,20
20498123296,22
20498126473,8
20498127798,19
20498129065,8
20498133682,8
20498134654,6
20498136606,19
20498140620,7
20498141600,6
20498141782,9
20498150421,8
20498152121,13
20498152636,11
20498152989,13
20498153799,8
20498164057,21
20498168125,16
20498174958,14
20498175920,14
20498176225,14
20498183868,10
20498185305,18
20498186379,8
20498187936,31
20498188584,13
20498189041,23
20498189394,8
20498189637,41
20498189718,24
20498192930,23
20498197061,6
20498203214,6
20498205268,16
20498208950,10
20498213953,6
20498216545,17
20498225455,16
20498230530,5
20498245481,21
20498246371,5
20498246886,8
20498248153,14
20498249630,5
20498250131,18
20498255109,10
20498258116,16
20498260366,21
20498261761,10
20498263381,8
20498269231,6
20498274669,27
20498277684,6
20498279628,6
20498279890,9
20498279971,22
20498280553,11
20498280634,19
20498293612,8
20498295313,11
20498296395,8
20498298339,6
20498299653,27
20498301739,26
20498307699,24
20498309713,12
20498311700,20
20498311963,27
20498314474,22
20498319786,10
20498323546,9
20498325247,6
20498332618,21
20498334238,8
20498334823,17
20498344462,14
20498352139,12
20498356126,7
20498356711,8
20498357017,12
20498359061,16
20498362797,19
20498368728,23
20498371354,22
20498375937,17
20498385223,5
20498390227,6
20498394303,18
20498395458,17
20498397159,9
20498399101,7
20498402098,7
20498403493,20
20498405518,13
20498412212,14
20498412727,23
20498416986,20
20498418415,13
20498418920,24
20498422013,8
20498425462,12
20498443282,9
20498448161,6
20498452940,19
20498453245,18
20498455370,18
20498456856,24
20498456937,23
20498459791,9
20498459952,24
20498460021,16
20498464956,9
20498467971,15
20498469591,8
20498471227,12
20498472622,6
20498475052,8
20498476539,10
20498485791,14
20498486411,24
20498486500,17
20498490795,10
20498492224,13
20498493468,9
20498502637,19
20498509305,7
20498510575,7
20498513833,22
20498519360,10
20498519874,14
20498535721,9
20498540130,15
20498542264,21
20498552227,15
20498555161,6
20498560831,12
20498561307,13
20498564233,10
20498568654,11
20498570632,6
20498571108,8
20498571523,21
20498575511,22
20498575782,8
20498575944,11
20498576088,5
20498583378,12
20498587012,5
20498589813,21
20498590587,12
20498599291,16
20498604634,10
20498608036,7
20498611681,10
20498614605,21
20498619747,24
20498624589,15
20498625046,12
20498630392,29
20498635432,12
20498642561,9
20498643028,21
20498650318,9
20498650741,15
20498655468,26
20498662910,21
20498670777,12
20498672478,28
20498673521,22
20498673873,5
20498674098,6
20498680144,17
20498681035,13
20498681388,14
20498682601,22
20498683593,5
20498690379,12
20498693718,16
20498693807,21
20498695681,13
20498697381,31
20498710663,23
20498730770,10
20498752234,10
20498790837,6
20498791728,20
20498848428,22
20498873457,13
20498918817,12
20498944907,24
20499030810,5
20499102071,21
20499131331,5
20499133899,5
20499146010,5
20499281065,8
20499282622,7
20499309253,8
20499310189,18
20499432021,22
20499591927,10
20499709944,26
20499759615,12
20499859164,22
20499862203,6
20499935286,21
20500066386,8
20500123797,7
20500189119,5
20500193906,5
20500242966,22
20500269732,21
20500294508,5
20500333414,6
20500453827,23
20500523540,11
20500578794,5
20500644762,20
20500662159,8
20500732891,21
20500732971,5
20500794578,21
20500864703,9
20500869501,6
20500906805,23
20500929252,18
20500964911,21
20500985322,27
20501057682,33
20501097633,6
20501155692,10
20501158012,19
20501165141,21
20501259552,21
20501262260,24
20501312461,9
20501334279,7
20501345122,22
20501369579,22
20501380386,6
20501401995,5
20501409627,12
20501411281,5
20501411524,9
20501416917,5
20501418961,5
20501420949,9
20501426041,20
20501429733,6
20501433501,23
20501439020,29
20501440389,6
20501457869,25
20501458164,28
20501462862,24
20501463915,12
20501477622,21
20501480844,6
20501482626,18
20501487695,22
20501493156,10
20501495795,9
20501511740,9
20501512126,6
20501516113,16
20501518914,6
20501519481,14
20501523756,6
20501523837,27
20501524132,17
20501524302,5
20501529363,11
20501532151,5
20501534103,22
20501543277,23
20501545997,6
20501549801,23
20501550052,6
20501574237,7
20501577252,18
20501578143,6
20501580474,24
20501584623,6
20501591247,6
20501592995,5
20501596397,24
20501597873,6
20501618897,21
20501619940,6
20501620107,23
20501621685,7
20501622819,26
20501623629,8
20501625672,20
20501641368,5
20501643573,6
20501645517,11
20501646246,6
20501649008,8
20501649261,21
20501650511,8
20501680347,16
20501680771,6
20501683109,7
20501683443,6
20501684091,14
20501687783,12
20501688593,20
20501701956,24
20501707725,5
20501708454,7
20501709183,14
20501717950,5
20501719227,6
20501730468,9
20501741079,5
20501742636,7
20501749991,11
20501751384,10
20501760961,23
20501768864,7
20501781020,27
20501781291,22
20501785441,5
20501798933,5
20501804411,6
20501814726,22
20501819795,8
20501820025,24
20501821340,6
20501824284,21
20501827623,23
20501837424,10
20501842347,7
20501842771,19
20501843742,5
20501844986,5
20501845010,6
20501848116,9
20501853110,20
20501860329,14
20501864405,17
20501867412,20
20501871444,6
20501881750,28
20501883531,6
20501887286,22
20501889068,13
20501894576,6
20501900487,11
20501901297,8
20501902421,6
20501911501,16
20501918343,21
20501923428,21
20501929621,16
20501937992,11
20501946398,6
20501955389,23
20501961869,18
20501972984,21
20501980812,21
20501987825,5
20501992829,7
20501996140,6
20502002300,5
20502007018,22
20502009738,23
20502011121,24
20502021789,16
20502022912,21
20502026586,8
20502028015,25
20502034503,7
20502036549,8
20502041623,5
20502053711,6
20502062388,5
20502064241,5
20502068238,13
20502072006,22
20502073401,16
20502078110,5
20502082575,17
20502090161,20
20502095553,23
20502097840,6
20502102517,8
20502104561,6
20502105613,10
20502110374,19
20502114108,7
20502117549,23
20502117972,23
20502122461,14
20502128150,5
20502129806,20
20502130723,9
20502132343,5
20502136926,18
20502141768,22
20502143973,8
20502148002,10
20502148347,22
20502150678,16
20502153421,10
20502162765,6
20502165942,6
20502169263,6
20502183258,21
20502184220,5
20502194616,21
20502196236,5
20502197399,6
20502198522,6
20502202732,23
20502203208,6
20502203461,24
20502215711,7
20502221796,25
20502230604,5
20502234693,8
20502242289,19
20502243927,20
20502245032,11
20502247086,31
20502252918,21
20502253302,22
20502257634,7
20502257987,24
20502258011,6
20502258100,6
20502267354,6
20502301552,22
20502303253,7
20502304225,5
20502306279,19
20502308999,9
20502312830,22
20502318528,20
20502323106,5
20502329058,5
20502329562,6
20502334990,22
20502339282,5
20502344367,23
20502344871,7
20502350251,10
20502351908,30
20502362853,14
20502374517,20
20502375084,7
20502380673,6
20502381211,17
20502382706,21
20502385390,23
20502385632,5
20502386523,6
20502388143,19
20502393147,18
20502400372,5
20502400534,6
20502403983,6
20502405412,8
20502407385,11
20502409914,5
20502414837,9
20502435672,30
20502445805,21
20502446364,5
20502454111,23
20502459261,24
20502468767,5
20502472284,8
20502472446,6
20502475623,19
20502476271,20
20502476948,5
20502482751,23
20502483561,5
20502486749,13
20502491157,5
20502504828,8
20502510470,24
20502520947,9
20502526988,6
20502527283,21
20502535111,6
20502538722,5
20502541944,28
20502546237,5
20502555651,19
20502560221,22
20502561384,27
20502562356,22
20502574109,23
20502575504,18
20502583868,6
20502585216,5
20502585488,5
20502588151,5
20502590643,8
20502595521,5
20502600975,22
20502601271,20
20502601947,5
20502605934,26
20502608526,11
20502608798,9
20502610695,11
20502612710,6
20502616201,5
20502625706,20
20502628128,14
20502629876,21
20502630378,24
20502640179,9
20502647009,9
20502649630,8
20502650212,5
20502653076,5
20502654048,5
20502656334,22
20502660871,5
20502664353,10
20502682921,14
20502691598,24
20502698096,9
20502699491,23
20502705050,8
20502705131,15
20502707770,18
20502719948,21
20502726057,6
20502731727,9
20502733851,12
20502740807,21
20502741871,10
20502746911,11
20502749855,6
20502755073,5
20502755316,24
20502758170,11
20502759575,17
20502765206,25
20502780779,8
20502786891,7
20502788320,19
20502788753,21
20502790731,24
20502794648,11
20502795709,7
20502797230,26
20502799283,8
20502800397,5
20502802179,11
20502811674,7
20502813537,13
20502814428,5
20502819730,17
20502821718,5
20502823419,9
20502824733,23
20502825624,6
20502828216,6
20502828992,21
20502846206,24
20502846460,15
20502847784,9
20502852273,5
20502853750,19
20502854136,21
20502868196,6
20502868439,8
20502871146,19
20502873513,6
20502886259,8
20502891767,5
20502899318,5
20502900936,24
20502907434,7
20502911385,6
20502913752,24
20502914562,20
20502921348,25
20502926731,22
20502927036,6
20502954602,6
20502956567,20
20502976169,23
20502985311,5
20502994060,8
20503021561,6
20503028655,22
20503039347,16
20503045401,7
20503048842,18
20503062756,8
20503063485,9
20503064708,8
20503076382,10
20503089794,11
20503090377,19
20503095174,7
20503101913,22
20503125936,22
20503127718,9
20503130182,11
20503135907,8
20503140226,5
20503141389,23
20503155096,21
20503159911,5
20503180449,22
20503181925,11
20503183898,10
20503192021,6
20503203082,6
20503224080,10
20503243971,11
20503253853,20
20503254078,8
20503271592,21
20503278171,20
20503320399,8
20503321280,9
20503322090,6
20503322251,9
20503324033,11
20503344735,10
20503354374,5
20503355265,9
20503368910,5
20503370574,23
20503371899,23
20503376009,7
20503382319,6
20503382408,21
20503382742,21
20503384524,8
20503386730,6
20503405629,6
20503431972,5
20503435960,5
20503438713,6
20503440530,6
20503442745,5
20503448786,5
20503452970,21
20503454166,5
20503454913,7
20503458234,21
20503463823,20
20503464129,8
20503468116,5
20503478421,9
20503482291,17
20503484316,21
20503486955,6
20503490391,7
20503496161,21
20503496241,6
20503497990,22
20503500532,6
20503503558,6
20503503639,12
20503522340,6
20503523150,7
20503535328,5
20503555604,20
20503561248,5
20503561752,12
20503562481,8
20503572878,10
20503576431,6
20503578485,19
20503584027,5
20503586151,7
20503595819,8
20503606446,12
20503606799,5
20503611792,7
20503613574,7
20503617308,5
20503623880,6
20503623961,13
20503630827,32
20503632528,22
20503641942,6
20503644968,11
20503650771,22
20503662788,6
20503662869,25
20503671850,6
20503682118,18
20503684242,11
20503693586,22
20503700892,11
20503704294,10
20503724058,18
20503727405,21
20503729521,14
20503741220,7
20503742544,10
20503744245,11
20503748747,6
20503758114,22
20503758971,14
20503788706,5
20503790271,22
20503794692,22
20503795079,26
20503801575,21
20503801818,23
20503824605,20
20503835127,6
20503835984,7
20503839033,7
20503839548,5
20503840121,35
20503842689,6
20503859905,6
20503863333,5
20503865204,6
20503865549,5
20503866600,6
20503870542,13
20503876150,18
20503876231,15
20503877121,20
20503891973,10
20503893241,16
20503896185,5
20503900981,6
20503902410,14
20503908299,8
20503909007,19
20503909937,6
20503919908,10
20503920311,7
20503927919,11
20503928648,6
20503934885,8
20503936667,19
20503942471,8
20503946891,7
20503955882,5
20503957231,20
20503957583,31
20503965179,22
20503969832,21
20503983827,6
20503991331,22
20503994438,9
20504004415,26
20504006892,6
20504007864,10
20504007945,11
20504009212,23
20504015531,5
20504015883,11
20504021182,22
20504024289,7
20504029833,24
20504036961,17
20504039120,29
20504041027,21
20504047904,5
20504051332,20
20504055249,6
20504055915,9
20504056059,8
20504061052,19
20504065121,13
20504068146,14
20504073069,22
20504074464,21
20504075355,13
20504082564,11
20504086390,8
20504088333,5
20504094571,8
20504107141,6
20504107494,29
20504109195,6
20504109781,19
20504112650,14
20504115594,10
20504116728,7
20504119824,5
20504123694,6
20504123856,6
20504126286,5
20504126367,11
20504126791,5
20504131875,6
20504138292,23
20504145159,6
20504161863,22
20504166318,20
20504169848,22
20504170692,5
20504175228,12
20504178081,6
20504178839,6
20504187234,7
20504187587,22
20504194796,20
20504197469,24
20504203370,5
20504205232,24
20504208410,21
20504208843,29
20504218644,11
20504245374,9
20504254951,5
20504276849,18
20504278892,9
20504292968,22
20504299628,15
20504311342,5
20504312403,23
20504317545,5
20504324835,6
20504326617,17
20504326960,9
20504329551,8
20504330720,5
20504334041,6
20504337571,5
20504342060,5
20504342574,19
20504342817,7
20504360041,8
20504362338,5
20504363903,17
20504367721,5
20504379575,6
20504379818,10
20504387322,5
20504389295,6
20504389708,22
20504398871,11
20504407536,22
20504414826,6
20504424899,22
20504424970,10
20504429262,7
20504429939,7
20504431160,13
20504432727,5
20504432999,7
20504436552,9
20504458521,24
20504461743,9
20504464416,5
20504465498,6
20504473245,22
20504474136,5
20504482660,18
20504499716,17
20504502105,22
20504517048,7
20504524176,22
20504524419,9
20504541267,6
20504550177,21
20504560211,12
20504561292,6
20504565522,21
20504565794,38
20504568203,11
20504591957,22
20504593909,18
20504595863,22
20504606229,27
20504638422,23
20504645046,25
20504645984,23
20504649386,8
20504652841,23
20504653499,6
20504653570,19
20504658296,6
20504679960,5
20504680623,23
20504688284,23
20504703933,5
20504714382,22
20504718027,22
20504728766,5
20504729908,23
20504730078,6
20504730663,10
20504733921,9
20504743307,11
20504747981,20
20504753795,23
20504756468,9
20504757511,8
20504774288,17
20504794394,15
20504795790,6
20504798209,6
20504800114,11
20504800386,5
20504803644,6
20504817602,6
20504822274,24
20504832661,7
20504833713,5
20504838782,5
20504838863,8
20504851703,5
20504851967,17
20504863116,23
20504868428,20
20504874401,18
20504885781,6
20504892485,24
20504892728,23
20504893295,5
20504894429,5
20504898173,27
20504900097,7
20504905137,6
20504910998,9
20504913075,6
20504913661,5
20504917577,12
20504921256,10
20504921761,6
20504927611,5
20504930913,10
20504950604,10
20504950868,22
20504954189,6
20504956637,6
20504963927,24
20504965547,12
20504967329,6
20504968058,22
20504968996,21
20504970541,5
20504973990,23
20504979092,21
20504980694,22
20504990657,9
20504991467,5
20504996850,21
20505006675,22
20505017367,20
20505018509,17
20505018924,18
20505021046,5
20505021984,5
20505024223,9
20505027591,22
20505034024,9
20505039689,14
20505043015,8
20505057822,21
20505062826,10
20505068603,11
20505070179,22
20505075723,21
20505079559,8
20505080131,20
20505084129,7
20505089945,23
20505099584,20
20505103280,7
20505108672,24
20505110651,24
20505120702,14
20505121342,22
20505122403,7
20505125844,23
20505126069,10
20505129327,10
20505132468,6
20505132620,5
20505133430,10
20505139047,9
20505141297,5
20505149271,11
20505150016,9
20505160674,7
20505167415,22
20505172419,11
20505174896,36
20505178611,7
20505199023,17
20505203071,6
20505203586,6
20505203748,6
20505205791,19
20505208626,18
20505209193,13
20505212739,19
20505222297,5
20505223421,23
20505224826,6
20505228571,7
20505234465,5
20505235356,26
20505238703,16
20505239262,15
20505243537,18
20505250401,9
20505263643,6
20505264453,7
20505270348,11
20505274688,7
20505293127,19
20505304188,6
20505310072,9
20505312873,8
20505313098,23
20505315970,24
20505317751,7
20505322321,5
20505322674,21
20505327552,5
20505328281,5
20505328877,5
20505329687,10
20505330260,6
20505335903,21
20505337434,18
20505337515,11
20505348983,8
20505352077,6
20505358512,8
20505359080,15
20505364164,5
20505365136,8
20505365217,25
20505370130,23
20505377142,8
20505378629,24
20505388187,7
20505389744,6
20505394152,5
20505401035,7
20505407661,5
20505409010,6
20505420099,6
20505426615,5
20505434804,11
20505437226,6
20505455712,6
20505461364,5
20505469420,21
20505470941,21
20505482108,21
20505489706,10
20505491271,12
20505501501,5
20505502222,8
20505504781,5
20505505752,9
20505506481,29
20505511051,12
20505520638,32
20505526598,20
20505534183,13
20505536984,5
20505539819,8
20505543174,6
20505550111,24
20505561318,19
20505566468,7
20505570651,21
20505578806,21
20505579799,21
20505580291,21
20505582587,5
20505587899,5
20505601808,22
20505602952,16
20505603096,5
20505605111,7
20505605463,6
20505606435,19
20505606516,13
20505608641,8
20505612087,5
20505612753,8
20505616741,7
20505618280,9
20505632355,7
20505636857,5
20505640536,10
20505642156,23
20505645252,6
20505651902,6
20505653514,22
20505655215,23
20505664478,6
20505666683,5
20505668627,8
20505669607,13
20505670443,24
20505672578,9
20505675836,22
20505676301,14
20505678932,9
20505685041,6
20505688903,28
20505689624,21
20505698887,20
20505706651,7
20505711069,5
20505712111,9
20505715307,24
20505716702,5
20505719396,11
20505721889,5
20505723661,17
20505725361,21
20505754388,6
20505755279,6
20505756593,12
20505767285,6
20505769148,10
20505772360,6
20505773170,27
20505773846,9
20505779291,6
20505779887,8
20505782080,5
20505785933,16
20505787553,22
20505789092,24
20505789688,15
20505790341,6
20505792042,27
20505795815,7
20505796200,7
20505797516,21
20505804237,5
20505810121,19
20505823533,16
20505830076,23
20505830319,23
20505836431,7
20505837755,23
20505841353,5
20505842325,22
20505846665,22
20505851316,20
20505853521,5
20505858086,21
20505867077,6
20505868634,22
20505871775,7
20505875843,7
20505880171,21
20505883862,7
20505897812,18
20505911661,23
20505912803,24
20505918674,22
20505920067,21
20505924640,21
20505926341,8
20505927827,6
20505935684,8
20505938519,23
20505945213,12
20505958111,23
20505958625,24
20505959273,5
20505960361,23
20505961502,25
20505963114,17
20505964862,13
20505969074,10
20505969406,9
20505970323,18
20505974078,5
20505978731,6
20505991916,5
20505995741,14
20506002975,8
20506003351,20
20506005133,10
20506006024,25
20506007268,5
20506011371,6
20506012695,7
20506019860,5
20506021333,14
20506028931,8
20506035121,43
20506037507,7
20506039542,20
20506040044,6
20506046751,20
20506052301,6
20506058687,7
20506063257,5
20506064814,10
20506065896,22
20506085064,5
20506086389,6
20506087601,5
20506106169,7
20506112487,5
20506118922,16
20506133051,9
20506140421,7
20506142041,9
20506146039,5
20506147353,23
20506150907,5
20506151547,26
20506152519,5
20506160457,6
20506160961,5
20506161691,21
20506162743,5
20506174831,7
20506195595,6
20506197539,7
20506199744,21
20506199825,5
20506203440,8
20506204683,8
20506205493,11
20506216932,6
20506220531,11
20506221421,5
20506223394,24
20506224871,18
20506228515,22
20506230501,6
20506231494,9
20506231656,5
20506241881,19
20506244634,6
20506248036,10
20506250103,6
20506254940,20
20506265470,24
20506266875,11
20506279187,24
20506285314,25
20506285586,7
20506288178,7
20506292361,16
20506293333,12
20506296359,5
20506300569,8
20506300721,10
20506301531,5
20506301611,5
20506303746,7
20506309272,16
20506312907,10
20506319235,21
20506322619,6
20506322708,18
20506331014,7
20506333491,17
20506336245,6
20506342563,7
20506346712,6
20506347522,6
20506363480,11
20506370001,5
20506370346,12
20506377600,24
20506385882,20
20506392234,22
20506394369,28
20506395179,8
20506421781,26
20506427046,8
20506427551,15
20506431311,9
20506432473,5
20506436037,22
20506438919,8
20506443165,6
20506453047,27
20506468664,20
20506475288,26
20506478384,8
20506483205,7
20506485836,6
20506491216,22
20506500908,9
20506510539,6
20506512400,5
20506513392,10
20506520763,22
20506524327,7
20506535442,19
20506535876,12
20506537062,5
20506541841,9
20506548188,10
20506548421,5
20506550328,24
20506552452,5
20506558221,6
20506559201,6
20506564469,22
20506568707,9
20506576637,20
20506578508,20
20506579067,10
20506581983,5
20506591431,5
20506592675,19
20506601330,22
20506601411,17
20506601925,6
20506602069,20
20506602654,21
20506604274,10
20506613699,13
20506614407,13
20506615128,20
20506619034,6
20506626758,18
20506626910,10
20506628963,22
20506629188,23
20506630518,5
20506633614,7
20506634777,5
20506639655,13
20506641803,6
20506652082,5
20506656746,10
20506662045,5
20506662711,21
20506664412,10
20506666032,11
20506671974,5
20506675457,32
20506676267,23
20506679011,11
20506681856,16
20506682828,6
20506684448,7
20506684952,18
20506685177,5
20506689326,8
20506690928,6
20506705038,9
20506706948,8
20506717044,17
20506730229,5
20506733244,8
20506736341,8
20506738718,11
20506741930,7
20506744521,10
20506748608,7
20506750688,23
20506755051,11
20506759804,17
20506760721,22
20506765529,7
20506766096,21
20506766762,8
20506768030,26
20506768544,5
20506774862,5
20506778426,9
20506782610,22
20506790809,7
20506793573,5
20506794898,6
20506803633,10
20506808350,8
20506813191,24
20506814830,6
20506832498,21
20506840831,5
20506840911,24
20506841560,20
20506848149,12
20506848734,8
20506852766,5
20506855196,13
20506867101,6
20506883301,23
20506885851,10
20506886156,22
20506894680,7
20506896038,27
20506908061,20
20506912921,11
20506921831,7
20506925071,9
20506926981,5
20506927529,7
20506934061,23
20506936439,22
20506936781,6
20506939535,10
20506945268,5
20506945934,5
20506949506,5
20506956201,14
20506957274,9
20506959056,9
20506962278,6
20506963754,13
20506968802,6
20506982465,22
20506985057,12
20506985308,23
20506992002,6
20506992185,21
20506996253,7
20507010343,16
20507011820,5
20507016627,5
20507016899,9
20507018085,7
20507022601,10
20507024051,24
20507027823,11
20507028471,19
20507028986,21
20507038949,5
20507044833,5
20507050990,5
20507051295,19
20507053743,5
20507055363,7
20507058117,7
20507062653,22
20507065326,22
20507073183,7
20507074074,17
20507086838,23
20507099069,7
20507100253,6
20507102035,21
20507102469,24
20507118896,19
20507119787,6
20507125833,8
20507127372,8
20507141103,9
20507141791,20
20507157794,11
20507165461,22
20507173137,10
20507179411,22
20507180770,7
20507189726,24
20507191895,12
20507195963,7
20507201017,6
20507205781,10
20507222529,7
20507230203,6
20507237984,7
20507248676,11
20507249214,11
20507257403,7
20507258477,6
20507259449,7
20507259520,19
20507264108,22
20507270761,8
20507281967,10
20507282181,21
20507294198,10
20507294350,7
20507295674,22
20507296999,5
20507299319,5
20507301232,16
20507305734,9
20507306200,5
20507306897,5
20507309721,5
20507312277,23
20507312781,20
20507312943,21
20507313672,11
20507316183,17
20507320610,6
20507324011,6
20507324364,23
20507334751,6
20507338748,13
20507340131,6
20507341706,6
20507346767,20
20507351841,13
20507356720,7
20507360751,22
20507371281,10
20507375198,14
20507375431,21
20507387102,5
20507389571,18
20507390235,9
20507392017,13
20507410791,20
20507418776,10
20507427767,7
20507428143,19
20507429891,20
20507430555,23
20507432256,9
20507433651,6
20507437720,8
20507444181,19
20507447369,16
20507453687,8
20507458051,5
20507462911,5
20507463305,5
20507468102,21
20507469761,6
20507472479,6
20507474251,10
20507478248,8
20507480811,15
20507481974,22
20507483837,20
20507488987,20
20507491856,28
20507505075,6
20507508503,19
20507520546,6
20507522085,6
20507522913,17
20507526404,6
20507528873,5
20507529764,8
20507542604,5
20507553711,22
20507558276,9
20507560254,16
20507570217,6
20507574395,7
20507583467,7
20507586130,9
20507590323,26
20507591303,6
20507605703,26
20507610022,7
20507614524,6
20507614796,6
20507621814,6
20507633154,23
20507634479,14
20507643541,6
20507644512,20
20507646051,21
20507646728,23
20507650245,6
20507656367,15
20507657762,6
20507659463,17
20507661441,9
20507667725,14
20507672648,5
20507682015,9
20507683500,21
20507694889,16
20507710752,6
20507711724,8
20507715479,6
20507717765,11
20507719466,13
20507722092,8
20507723226,10
20507730605,21
20507745629,9
20507746862,8
20507750380,20
20507751866,8
20507751947,8
20507753052,8
20507759093,9
20507762809,20
20507767193,20
20507767860,6
20507775889,21
20507780882,24
20507781773,22
20507790179,17
20507795642,20
20507800662,7
20507801634,6
20507807322,6
20507815937,5
20507821660,10
20507822046,6
20507827196,9
20507828915,32
20507830901,5
20507836187,8
20507839283,10
20507839950,5
20507840613,14
20507842403,5
20507845500,29
20507846735,6
20507848941,5
20507849165,23
20507849912,19
20507850091,30
20507851143,7
20507852549,20
20507858156,11
20507859985,8
20507865951,9
20507867228,9
20507870369,7
20507873627,10
20507878343,12
20507880089,20
20507883266,5
20507884823,22
20507885391,19
20507891366,7
20507892681,5
20507893148,9
20507901183,6
20507904280,6
20507907114,21
20507907386,8
20507908943,10
20507913785,21
20507920722,18
20507926844,25
20507928898,7
20507931171,7
20507932909,7
20507933468,5
20507939580,26
20507943188,10
20507943340,8
20507953221,5
20507956166,5
20507958291,5
20507963375,23
20507965581,11
20507969811,9
20507975110,21
20507975977,26
20507985000,21
20507985182,10
20507987550,6
20507989099,9
20507991662,7
20507995498,15
20508008067,20
20508008229,15
20508009977,26
20508010479,5
20508022566,25
20508027100,20
20508031395,9
20508037831,8
20508037911,6
20508038721,9
20508047984,6
20508050691,15
20508052716,5
20508057785,5
20508061201,24
20508074281,30
20508082119,22
20508096845,10
20508097141,5
20508097574,22
20508097906,17
20508104961,5
20508108282,11
20508126183,8
20508127821,5
20508136227,10
20508136499,10
20508153822,22
20508158891,5
20508159863,21
20508161418,7
20508163461,6
20508164191,9
20508165081,7
20508166568,5
20508167459,7
20508169079,11
20508178906,19
20508179031,9
20508181796,20
20508185601,7
20508185864,22
20508186089,10
20508191597,5
20508195584,22
20508196475,20
20508200847,7
20508207264,7
20508208074,8
20508210214,5
20508218118,6
20508221844,19
20508224517,6
20508242680,16
20508243813,5
20508245603,13
20508246677,12
20508251247,23
20508257954,24
20508263091,5
20508268051,6
20508269880,5
20508271353,5
20508277637,5
20508278447,6
20508286971,5
20508294302,22
20508294647,10
20508301791,13
20508302097,6
20508302411,22
20508306246,16
20508306831,6
20508315741,15
20508316985,8
20508318333,5
20508322012,7
20508322870,23
20508325038,16
20508326433,6
20508326786,10
20508326948,5
20508332913,10
20508340002,21
20508346388,7
20508353759,10
20508357151,5
20508368276,6
20508368519,22
20508368942,5
20508370092,7
20508371901,7
20508372206,11
20508383747,5
20508384981,6
20508386410,5
20508393114,22
20508398264,10
20508402636,5
20508404094,9
20508408758,7
20508416009,9
20508416262,22
20508425091,22
20508425504,10
20508430681,21
20508432381,7
20508432543,20
20508438746,8
20508440210,5
20508442697,21
20508450797,7
20508453541,5
20508454351,6
20508454865,19
20508456051,6
20508457457,21
20508461489,6
20508462884,13
20508464071,19
20508474891,20
20508493411,8
20508497084,16
20508499885,19
20508500999,7
20508507730,6
20508511176,6
20508513381,19
20508516640,7
20508518341,8
20508520671,6
20508523344,6
20508524669,15
20508525479,5
20508529890,22
20508530391,10
20508540605,26
20508550821,12
20508552107,5
20508557087,7
20508558997,20
20508562676,20
20508565691,8
20508565934,23
20508569760,5
20508571152,23
20508571829,5
20508580062,5
20508585293,27
20508588128,9
20508592401,6
20508595094,6
20508596732,30
20508596902,7
20508597208,5
20508599910,14
20508607106,11
20508607874,12
20508610409,10
20508612878,19
20508617918,10
20508619538,18
20508622326,5
20508626402,5
20508626828,6
20508630345,19
20508634090,12
20508642866,8
20508643676,7
20508644303,9
20508645539,21
20508645709,7
20508647159,20
20508647311,14
20508647400,21
20508650613,14
20508651695,19
20508653558,9
20508657111,16
20508663511,21
20508665483,18
20508668580,20
20508669632,5
20508669802,19
20508671378,18
20508673231,6
20508677571,8
20508689404,21
20508691301,12
20508696010,13
20508699035,10
20508704055,20
20508704217,8
20508711001,7
20508720174,23
20508720255,12
20508720921,5
20508730480,21
20508730561,7
20508733314,9
20508735449,8
20508740361,15
20508745169,5
20508745592,6
20508748699,20
20508751568,5
20508753692,5
20508763141,12
20508766751,22
20508768533,7
20508772646,5
20508774771,21
20508778849,11
20508778920,7
20508779225,19
20508780746,7
20508782013,21
20508783338,17
20508783761,6
20508783842,7
20508790202,10
20508790971,24
20508793210,5
20508794968,13
20508802651,18
20508807377,6
20508810912,34
20508813938,8
20508818221,21
20508818816,6
20508824115,7
20508824972,21
20508833611,19
20508834005,7
20508839651,20
20508840404,20
20508841397,9
20508843411,8
20508848138,22
20508851783,6
20508851945,6
20508852674,11
20508853727,23
20508855851,5
20508872357,5
20508873914,46
20508879441,5
20508889080,8
20508891149,39
20508891815,7
20508894083,5
20508894679,19
20508894911,6
20508896701,7
20508900318,5
20508906511,7
20508908645,22
20508910895,6
20508911786,7
20508914882,8
20508916664,7
20508929723,20
20508931621,22
20508932350,14
20508932864,7
20508936932,6
20508937661,5
20508939362,12
20508940883,5
20508941421,22
20508956020,26
20508966335,22
20508967226,21
20508968389,21
20508969512,24
20508972734,29
20508972815,13
20508982454,22
20508983264,5
20508985551,7
20508993065,5
20508996323,12
20508997567,11
20509007463,5
20509008192,6
20509019984,5
20509023663,21
20509030791,10
20509031500,21
20509031682,6
20509050636,5
20509051527,22
20509053571,14
20509054208,8
20509059188,10
20509065072,6
20509066125,21
20509068179,13
20509071048,7
20509072877,6
20509073920,5
20509075205,22
20509076945,22
20509078727,6
20509089681,28
20509089923,24
20509090263,5
20509091235,22
20509093521,20
20509098671,15
20509106011,22
20509111520,5
20509113069,20
20509113573,19
20509117480,5
20509119857,8
20509121592,9
20509125407,7
20509128686,13
20509138053,19
20509139700,16
20509143561,5
20509149179,21
20509152552,23
20509159051,9
20509166693,7
20509167746,12
20509168637,7
20509173801,7
20509174106,20
20509175501,8
20509179167,5
20509182974,25
20509184837,15
20509190560,5
20509192694,9
20509193828,5
20509196681,7
20509197220,6
20509201359,5
20509203050,24
20509208361,6
20509212474,6
20509214337,5
20509217514,12
20509224642,8
20509228711,7
20509235920,20
20509239089,6
20509244163,7
20509250139,11
20509252000,19
20509262579,6
20509264512,9
20509268691,10
20509273341,6
20509277843,11
20509279544,6
20509283657,21
20509293377,7
20509295663,10
20509300179,7
20509303518,5
20509307262,7
20509310301,6
20509312428,6
20509314471,19
20509315443,5
20509322148,6
20509332291,10
20509333344,11
20509342092,15
20509343226,9
20509344974,7
20509356808,12
20509358177,22
20509361984,9
20509372838,5
20509376078,24
20509376744,5
20509379841,10
20509409260,20
20509410781,6
20509411671,25
20509413291,8
20509413704,10
20509417017,17
20509421634,5
20509422444,21
20509429538,8
20509430625,9
20509430978,5
20509437981,6
20509439843,7
20509447439,6
20509448915,7
20509449644,15
20509450146,6
20509453161,19
20509457159,9
20509460532,21
20509466735,5
20509468606,9
20509481530,5
20509492221,5
20509502715,5
20509504769,21
20509507199,22
20509507865,7
20509510149,10
20509512605,10
20509512869,21
20509514217,21
20509514641,21
20509515370,10
20509515451,20
20509516341,10
20509522236,23
20509526495,6
20509526908,6
20509527033,21
20509528510,14
20509532622,22
20509534838,6
20509538400,10
20509540307,5
20509546411,6
20509547492,18
20509550361,12
20509550795,9
20509551767,27
20509552496,11
20509553034,20
20509555835,6
20509556301,12
20509560596,18
20509572683,5
20509577561,5
20509580350,6
20509585661,8
20509587109,21
20509587958,19
20509589497,5
20509597163,25
20509602001,15
20509602183,13
20509608467,20
20509615595,5
20509622451,10
20509622885,7
20509623342,19
20509627259,16
20509629111,6
20509630128,20
20509638374,5
20509638706,5
20509640352,15
20509643530,5
20509647012,6
20509648256,5
20509654060,9
20509654141,9
20509654817,8
20509659967,6
20509667129,28
20509668443,6
20509669253,6
20509670260,23
20509675491,7
20509675903,5
20509678678,10
20509685615,9
20509693987,5
20509697036,6
20509700789,10
20509702561,5
20509709573,23
20509711047,9
20509718483,14
20509719293,18
20509721271,5
20509723304,10
20509738328,8
20509740225,6
20509740811,9
20509745375,7
20509752231,20
20509753041,8
20509756814,5
20509767263,5
20509767930,27
20509771376,7
20509777145,10
20509778974,20
20509783625,24
20509788422,19
20509788694,7
20509793931,10
20509795712,19
20509797766,6
20509801038,16
20509801623,8
20509802271,9
20509811009,17
20509811858,21
20509814521,5
20509815501,25
20509816655,9
20509820334,7
20509828157,16
20509831026,19
20509831531,23
20509831701,5
20509836508,5
20509839353,7
20509844357,7
20509844861,11
20509848697,7
20509852619,5
20509853771,7
20509857688,8
20509859541,22
20509862843,23
20509864382,22
20509864897,6
20509867560,20
20509869180,9
20509876712,20
20509880311,7
20509882101,22
20509882950,19
20509883689,20
20509887676,5
20509889024,6
20509895776,9
20509896829,5
20509897043,23
20509900877,23
20509901172,12
20509906646,5
20509907618,6
20509913260,20
20509917338,6
20509918148,6
20509921441,22
20509928615,5
20509928704,8
20509936804,7
20509943096,5
20509943339,9
20509943410,7
20509947911,10
20509954373,5
20509959171,7
20509959766,19
20509962392,23
20509968838,5
20509971626,6
20509972517,6
20509976695,5
20509978710,11
20509983985,36
20509985503,6
20509996459,8
20509997340,22
20510000138,18
20510002009,8
20510003153,19
20510005521,11
20510005792,23
20510012900,17
20510014198,10
20510014279,21
20510019076,6
20510022531,7
20510024665,6
20510027419,21
20510027508,6
20510027681,21
20510029462,5
20510032684,7
20510033494,16
20510033737,6
20510036671,7
20510037562,22
20510042990,21
20510044933,7
20510046553,21
20510049064,5
20510049226,20
20510051395,21
20510052014,23
20510055625,5
20510061277,5
20510062915,5
20510063725,11
20510069251,25
20510070187,22
20510075901,5
20510077190,11
20510082274,6
20510089368,5
20510091770,5
20510093471,5
20510094795,7
20510100604,9
20510103531,22
20510106394,10
20510110405,11
20510114494,6
20510115385,6
20510127553,8
20510132557,10
20510134339,13
20510139560,5
20510141971,8
20510142439,5
20510143753,6
20510146698,20
20510149280,6
20510151420,5
20510153040,21
20510154101,5
20510160763,5
20510161069,24
20510161492,16
20510162545,6
20510164246,5
20510165561,21
20510167695,5
20510168829,7
20510169043,21
20510171455,7
20510171706,21
20510174047,22
20510182571,11
20510186991,7
20510189664,5
20510199465,7
20510201036,22
20510205376,8
20510216220,16
20510227779,22
20510229631,7
20510238380,9
20510241097,13
20510242735,7
20510247028,7
20510256361,9
20510257171,10
20510257767,25
20510260555,5
20510264542,22
20510270861,5
20510274009,22
20510280157,15
20510280319,9
20510280823,5
20510282362,15
20510286783,12
20510290110,23
20510291353,6
20510293305,7
20510294531,20
20510298013,13
20510302908,8
20510303386,8
20510304781,5
20510307705,5
20510308264,5
20510314078,16
20510334699,8
20510340079,11
20510347243,6
20510348215,5
20510354291,8
20510355181,22
20510359764,11
20510359845,5
20510360428,29
20510360932,12
20510362048,23
20510377584,5
20510389833,5
20510390254,6
20510394080,6
20510394918,22
20510396376,11
20510398158,22
20510398239,6
20510400233,22
20510400667,12
20510406274,23
20510409613,7
20510410972,23
20510413483,24
20510421583,10
20510422121,24
20510430655,22
20510432518,21
20510434219,6
20510435452,5
20510438711,5
20510439954,7
20510444010,8
20510444109,9
20510452209,10
20510455054,6
20510459980,19
20510462697,6
20510468032,7
20510487410,8
20510495781,6
20510497482,5
20510498888,5
20510508271,6
20510511574,5
20510511655,7
20510511906,22
20510517777,22
20510522266,7
20510528540,8
20510529864,5
20510530951,14
20510533977,6
20510538189,5
20510538855,6
20510541724,21
20510542968,5
20510550553,23
20510555946,9
20510556594,22
20510557132,9
20510564937,19
20510565313,10
20510570155,10
20510579454,21
20510593449,7
20510601565,5
20510602880,5
20510603002,6
20510605552,6
20510613652,22
20510625235,22
20510626398,16
20510628501,12
20510631715,29
20510636784,6
20510640030,7
20510640897,5
20510641354,5
20510641516,17
20510643306,6
20510644451,7
20510644965,5
20510645261,26
20510647476,10
20510648871,6
20510656629,11
20510661622,5
20510666349,5
20510670613,9
20510673124,6
20510673710,24
20510675097,8
20510680171,7
20510683359,11
20510684592,7
20510689047,8
20510692421,21
20510692773,5
20510693826,5
20510696680,5
20510698542,8
20510702086,6
20510704291,26
20510709099,14
20510713282,6
20510713363,24
20510715498,7
20510715650,22
20510716893,6
20510724136,6
20510731779,21
20510731931,7
20510737033,7
20510738862,19
20510742461,14
20510743271,8
20510743785,6
20510745214,5
20510746539,6
20510746881,19
20510751532,22
20510752938,20
20510756411,10
20510758898,6
20510759606,21
20510761686,6
20510789424,18
20510793375,5
20510795157,5
20510796986,6
20510797109,9
20510797524,16
20510798687,6
20510803435,8
20510809395,6
20510812931,5
20510815522,23
20510830246,22
20510835710,5
20510841281,5
20510844034,11
20510845600,7
20510846169,5
20510849770,15
20510850603,6
20510850948,7
20510852134,5
20510862440,5
20510863501,15
20510865627,24
20510866275,9
20510871783,7
20510873727,6
20510874022,6
20510874456,8
20510879415,5
20510879920,7
20510882807,10
20510885229,28
20510885733,9
20510886209,23
20510886462,21
20510893329,7
20510898126,7
20510904894,5
20510906757,8
20510910517,22
20510913371,19
20510913532,5
20510915748,8
20510927754,15
20510928998,17
20510930038,10
20510930895,5
20510931514,23
20510934611,5
20510935340,10
20510936401,9
20510942559,22
20510944764,34
20510945736,11
20510957238,5
20510957581,11
20510970684,9
20510973942,23
20510976887,24
20510982348,7
20510983662,13
20510984553,19
20510988893,17
20510990448,7
20510992149,6
20510997370,10
20511004251,11
20511005061,7
20511008086,6
20511013080,6
20511015961,5
20511027382,6
20511030685,10
20511031576,6
20511032114,7
20511037001,8
20511037183,11
20511038317,10
20511039470,22
20511040729,7
20511044121,8
20511045526,21
20511048207,14
20511050520,7
20511053031,6
20511055912,18
20511063184,21
20511066957,6
20511067333,5
20511070121,5
20511072418,7
20511080518,8
20511080861,5
20511082219,6
20511084343,6
20511091803,7
20511095540,7
20511096279,15
20511097321,6
20511099537,7
20511106762,9
20511106843,7
20511107904,7
20511108200,25
20511110522,5
20511110875,24
20511112908,7
20511113891,6
20511117373,12
20511122458,9
20511125040,6
20511128146,22
20511129461,6
20511129975,9
20511130124,6
20511131287,24
20511134031,6
20511140197,8
20511141754,13
20511144851,8
20511162751,22
20511163481,7
20511165181,28
20511169331,9
20511172633,9
20511176540,7
20511183911,22
20511184992,6
20511193711,6
20511199086,8
20511208255,8
20511210152,28
20511213682,5
20511227985,5
20511229252,6
20511230188,5
20511230935,29
20511232717,7
20511233446,8
20511233527,5
20511235066,23
20511236208,20
20511244138,5
20511245614,6
20511246009,22
20511248044,8
20511248800,7
20511249792,5
20511255172,6
20511256578,10
20511258601,8
20511259836,5
20511261571,21
20511265216,24
20511267341,5
20511268401,5
20511271453,24
20511293180,6
20511298068,6
20511305960,7
20511313717,21
20511314870,6
20511315337,5
20511315922,25
20511317038,21
20511319162,20
20511331707,23
20511342571,8
20511344787,5
20511346216,24
20511348855,8
20511353425,14
20511356441,6
20511358061,8
20511358907,22
20511365865,17
20511366161,14
20511369186,9
20511374261,7
20511375666,22
20511375828,10
20511380660,5
20511380741,10
20511382018,5
20511388563,7
20511393303,21
20511393648,7
20511394296,7
20511396400,19
20511400521,6
20511402655,22
20511404780,5
20511405166,6
20511414408,22
20511414661,17
20511416877,12
20511417253,6
20511419540,16
20511424896,36
20511429774,15
20511433020,6
20511433704,20
20511436983,19
20511437360,23
20511437441,7
20511442011,6
20511447918,7
20511448647,18
20511450544,6
20511451354,25
20511455775,6
20511456747,9
20511457719,6
20511464766,11
20511465061,21
20511466386,6
20511466629,19
20511467609,7
20511469644,8
20511470146,10
20511472432,7
20511478121,6
20511480702,22
20511489912,16
20511490252,5
20511495998,5
20511497184,21
20511501718,23
20511505039,8
20511515182,9
20511520003,9
20511520186,21
20511525579,22
20511525811,6
20511529647,6
20511532516,18
20511535612,6
20511538476,7
20511549249,8
20511555133,5
20511555729,22
20511569274,6
20511576564,19
20511578346,6
20511584079,24
20511584583,7
20511587175,11
20511591016,15
20511591521,19
20511596590,5
20511598371,6
20511599262,5
20511599696,5
20511599858,8
20511600023,21
20511603049,6
20511605254,21
20511608865,5
20511609675,6
20511612897,6
20511619981,5
20511627061,12
20511632731,23
20511643342,11
20511647259,24
20511650551,6
20511653810,8
20511653909,24
20511656088,7
20511662649,6
20511665079,8
20511665150,23
20511670072,14
20511672954,11
20511676275,5
20511685347,17
20511686157,7
20511686238,8
20511693285,22
20511701482,9
20511712174,22
20511717214,20
20511717567,22
20511717729,5
20511717991,6
20511718458,20
20511722722,22
20511724857,5
20511736359,20
20511741514,9
20511743720,8
20511750424,5
20511751404,6
20511752397,23
20511752711,7
20511754411,6
20511759481,22
20511760144,23
20511762350,5
20511763089,5
20511763755,6
20511772312,16
20511791881,6
20511793743,6
20511800626,9
20511800898,9
20511801606,7
20511803994,8
20511804451,11
20511804702,8
20511810184,5
20511814686,7
20511816972,6
20511817359,22
20511818088,5
20511820490,18
20511821542,12
20511823162,20
20511823839,10
20511825378,5
20511826340,6
20511836221,20
20511836817,5
20511841811,6
20511843783,21
20511846456,5
20511851298,18
20511855366,20
20511858110,12
20511862494,5
20511862907,6
20511864195,21
20511866210,15
20511866481,19
20511866996,5
20511871485,15
20511883904,11
20511895821,5
20511904162,17
20511906530,5
20511908401,11
20511912858,22
20511914125,28
20511914397,7
20511916926,6
20511918546,22
20511922578,21
20511925593,15
20511929076,6
20511931216,8
20511937176,6
20511937419,16
20511938229,5
20511940479,7
20511941521,11
20511943575,7
20511946591,21
20511947058,7
20511954852,5
20511956391,7
20511963339,12
20511973997,5
20511977712,21
20511978018,5
20511978794,16
20511984174,10
20511988161,11
20511988757,5
20511993670,7
20511995028,24
20511995702,11
20511997586,10
20512002090,38
20512011919,24
20512012303,10
20512013962,9
20512014853,23
20512017526,11
20512021477,8
20512027751,8
20512029885,5
20512030387,5
20512031782,7
20512032916,6
20512034617,6
20512035427,23
20512047352,10
20512048839,10
20512051384,7
20512058478,5
20512058800,7
20512063986,6
20512066144,7
20512079556,5
20512081372,22
20512084479,5
20512086331,6
20512090878,10
20512099662,9
20512099824,5
20512100776,9
20512101152,7
20512105221,10
20512108670,8
20512110143,20
20512122311,23
20512126651,7
20512126813,5
20512128271,5
20512132546,7
20512134166,6
20512134590,5
20512144633,21
20512147225,20
20512156054,20
20512158006,9
20512158189,11
20512161210,5
20512162291,13
20512163425,5
20512164073,21
20512165126,7
20512170120,24
20512173901,20
20512175512,5
20512176241,9
20512178376,6
20512190660,7
20512193766,5
20512201611,17
20512204717,7
20512208119,23
20512217452,27
20512217533,21
20512218424,25
20512220755,18
20512225986,22
20512226281,6
20512232176,11
20512235787,10
20512238883,10
20512244000,5
20512244263,8
20512246045,7
20512246126,22
20512246479,15
20512254579,5
20512258990,9
20512260978,5
20512261940,25
20512263641,6
20512270779,21
20512272470,12
20512283242,9
20512286349,18
20512293639,21
20512297111,15
20512303961,7
20512306391,5
20512306633,6
20512307443,5
20512308253,11
20512321357,20
20512327631,7
20512336974,6
20512345612,5
20512350705,16
20512356657,7
20512362541,6
20512363785,8
20512365648,12
20512365991,5
20512369716,7
20512369988,5
20512371613,5
20512375287,11
20512375953,11
20512378979,7
20512394826,20
20512406425,5
20512408983,6
20512410619,11
20512412158,5
20512413987,10
20512415173,8
20512419837,16
20512420843,11
20512423516,7
20512423940,7
20512428232,19
20512432264,13
20512432779,10
20512432931,7
20512433821,30
20512436090,18
20512437738,8
20512441174,35
20512444513,23
20512450165,21
20512451056,22
20512460802,5
20512464387,11
20512467726,7
20512469427,5
20512469770,5
20512474269,19
20512475150,9
20512478680,8
20512478841,23
20512481125,21
20512483683,8
20512491198,7
20512493484,20
20512497986,6
20512503382,22
20512503544,7
20512508775,24
20512509313,5
20512510168,22
20512510320,7
20512512021,8
20512512373,5
20512514821,7
20512516794,21
20512518738,7
20512519467,17
20512524380,21
20512528458,49
20512550381,19
20512550976,5
20512551191,6
20512557393,6
20512560777,7
20512563954,6
20512566546,20
20512573160,28
20512574212,24
20512605037,5
20512609458,25
20512610979,7
20512611517,11
20512613218,21
20512613994,22
20512617396,6
20512624503,5
20512627278,9
20512632433,8
20512635025,7
20512636005,23
20512636854,5
20512638393,22
20512639870,18
20512639951,18
20512640452,7
20512645764,6
20512648861,19
20512650334,13
20512657002,7
20512661298,5
20512664637,20
20512664807,5
20512671251,6
20512675752,21
20512680594,13
20512682376,7
20512683771,24
20512686878,16
20512691529,22
20512697306,6
20512700293,7
20512700617,5
20512701851,14
20512706577,22
20512707204,6
20512709088,8
20512709754,10
20512714162,6
20512715568,5
20512718150,5
20512719717,6
20512722009,16
20512726411,20
20512736484,22
20512736727,5
20512738185,13
20512739238,7
20512741305,5
20512741569,9
20512743260,5
20512747176,21
20512750479,12
20512752501,22
20512759778,19
20512761080,7
20512762990,5
20512772952,5
20512773924,23
20512778993,9
20512780114,29
20512781196,5
20512786821,11
20512787046,7
20512790004,33
20512794417,21
20512802533,20
20512808141,9
20512812504,16
20512814892,5
20512815601,18
20512823531,5
20512826394,5
20512829652,7
20512831983,29
20512834656,7
20512845348,9
20512853014,22
20512853529,9
20512857869,12
20512859993,5
20512861971,7
20512863672,20
20512864644,21
20512866001,8
20512866698,5
20512867741,20
20512868046,26
20512868801,5
20512873392,6
20512874879,9
20512875506,9
20512890050,8
20512896252,29
20512898891,5
20512899359,22
20512899511,8
20512900896,9
20512906231,12
20512910344,10
20512912801,5
20512921389,14
20512931775,7
20512932151,17
20512936149,25
20512936653,7
20512942629,6
20512942891,10
20512956417,6
20512957227,22
20512957570,6
20512965751,14
20512975985,10
20512976019,14
20512976108,10
20512977333,11
20512981012,6
20512987304,5
20512993291,10
20512999221,20
20513004592,6
20513005564,10
20513010134,19
20513013826,9
20513014121,24
20513014717,5
20513017147,7
20513020792,22
20513023627,5
20513028181,13
20513028343,6
20513029587,8
20513030241,8
20513031131,5
20513033690,7
20513040718,24
20513047721,6
20513052481,6
20513060239,6
20513066351,6
20513066431,24
20513067161,9
20513068485,6
20513068566,18
20513074370,22
20513080345,15
20513081236,22
20513087862,5
20513089725,6
20513091461,22
20513093323,6
20513105356,6
20513106832,8
20513108029,5
20513109009,6
20513109858,6
20513110198,8
20513112727,22
20513113456,21
20513114851,5
20513115742,5
20513118849,23
20513119900,5
20513122013,13
20513124067,22
20513124491,10
20513126434,5
20513132248,22
20513134615,24
20513137983,5
20513139846,16
20513143363,6
20513143444,5
20513144769,17
20513148322,19
20513149051,5
20513151978,15
20513155965,7
20513157747,21
20513160373,21
20513168358,23
20513171065,16
20513171651,20
20513176962,13
20513187492,7
20513188626,12
20513191503,8
20513192224,22
20513192810,15
20513198346,6
20513198851,6
20513203871,5
20513208597,22
20513210737,6
20513212942,6
20513215887,19
20513216859,5
20513219441,14
20513219955,8
20513221771,6
20513229080,9
20513238402,6
20513242850,9
20513247495,7
20513249439,8
20513249510,23
20513249609,7
20513250445,17
20513250526,6
20513251506,21
20513251760,5
20513253541,5
20513257610,21
20513263423,17
20513263695,5
20513270390,6
20513272848,23
20513276673,7
20513278293,6
20513278960,6
20513281758,5
20513286393,5
20513286989,6
20513293764,5
20513294574,7
20513295112,5
20513296861,5
20513299291,6
20513303824,6
20513307064,5
20513307579,6
20513313544,11
20513319828,5
20513320915,25
20513328495,20
20513328819,19
20513329114,10
20513346396,21
20513353252,16
20513353767,6
20513353848,5
20513362596,8
20513374411,5
20513383593,5
20513387408,5
20513397039,7
20513397543,8
20513398787,5
20513409657,8
20513412950,5
20513415037,5
20513419881,19
20513423307,21
20513423641,5
20513427710,20
20513428015,7
20513429411,5
20513433795,20
20513440651,20
20513440902,5
20513441208,19
20513447079,18
20513448393,5
20513452153,14
20513456493,22
20513456906,5
20513457384,5
20513458437,5
20513462388,25
20513469129,21
20513470305,5
20513473746,12
20513474122,6
20513478896,8
20513479868,5
20513480360,11
20513481927,21
20513482656,10
20513483385,10
20513491302,5
20513491485,5
20513491990,5
20513497769,10
20513501111,11
20513504561,21
20513511770,8
20513517891,22
20513519673,20
20513522208,18
20513524243,5
20513530481,22
20513530995,5
20513535105,7
20513536845,23
20513545593,8
20513546484,23
20513547707,7
20513549661,5
20513551721,5
20513552964,19
20513555718,5
20513560126,10
20513567139,23
20513571080,5
20513574691,6
20513575743,5
20513578416,12
20513583681,7
20513585382,21
20513592753,8
20513593211,16
20513596317,20
20513602490,18
20513605839,10
20513606649,6
20513610913,15
20513612371,5
20513612614,5
20513613009,21
20513613939,20
20513615800,6
20513621524,6
20513632569,21
20513634189,6
20513635746,5
20513639652,9
20513640316,23
20513641801,19
20513643765,5
20513644575,19
20513645547,21
20513646519,22
20513649887,21
20513654295,7
20513657634,19
20513658282,6
20513658363,5
20513665220,18
20513669136,7
20513669306,8
20513669560,7
20513679875,10
20513680377,6
20513681004,7
20513690178,5
20513690500,5
20513692111,11
20513696028,5
20513696885,7
20513697261,9
20513702958,20
20513705621,5
20513706198,19
20513706279,23
20513710381,25
20513713569,9
20513715855,20
20513723955,12
20513724846,18
20513735023,5
20513735295,5
20513735708,12
20513751738,5
20513752114,5
20513754672,20
20513758155,10
20513766093,5
20513772905,6
20513779152,8
20513786281,6
20513789620,23
20513790474,20
20513792507,16
20513792922,5
20513798459,6
20513799269,5
20513804017,5
20513808519,7
20513809914,21
20513815051,5
20513816538,7
20513820055,7
20513831847,9
20513838345,20
20513842296,5
20513842377,21
20513843004,6
20513848901,19
20513857218,20
20513860511,10
20513862211,8
20513864184,18
20513869658,6
20513877324,20
20513889331,5
20513893796,5
20513903180,5
20513906367,6
20513908220,6
20513908904,19
20513909382,5
20513913142,11
20513917997,20
20513923962,6
20513928174,5
20513941197,6
20513941430,8
20513943998,13
20513944021,5
20513949414,7
20513953012,22
20513955490,6
20513955813,19
20513958839,21
20513959134,26
20513961112,5
20513963085,34
20513967234,22
20513970537,5
20513985054,6
20513989475,22
20513992425,8
20513994983,6
20513997222,10
20513998385,15
20514001783,22
20514002089,5
20514002321,20
20514006661,11
20514006823,29
20514007714,11
20514016462,5
20514018830,19
20514020907,21
20514023167,5
20514023752,13
20514026859,8
20514035092,5
20514035505,20
20514038199,8
20514038601,35
20514039675,6
20514042382,5
20514044911,7
20514059196,9
20514059943,13
20514067377,24
20514067458,21
20514087483,18
20514089346,5
20514100099,5
20514118541,8
20514131563,5
20514134155,26
20514135712,10
20514136441,6
20514137685,8
20514140040,10
20514148377,19
20514148539,6
20514152137,10
20514160318,9
20514162281,22
20514163091,6
20514165972,25
20514167321,5
20514168726,21
20514172081,6
20514178527,6
20514178951,9
20514183369,6
20514184331,22
20514188590,6
20514189723,21
20514196428,26
20514200719,10
20514200808,5
20514207489,7
20514215741,5
20514217107,12
20514218502,7
20514219819,13
20514230898,5
20514232246,5
20514236403,7
20514238791,5
20514247197,17
20514248673,5
20514250228,20
20514255530,5
20514256188,6
20514261343,6
20514277428,5
20514279633,8
20514279986,7
20514287491,5
20514294519,23
20514294608,12
20514296724,7
20514298425,8
20514299235,7
20514299405,19
20514299669,8
20514302473,17
20514303879,12
20514308242,7
20514315885,14
20514317152,16
20514325333,6
20514325848,6
20514326062,7
20514326496,7
20514331571,6
20514343153,22
20514345440,7
20514347655,21
20514357022,6
20514357618,20
20514359076,5
20514360759,21
20514364665,20
20514370631,5
20514373222,22
20514374032,7
20514376086,6
20514378534,5
20514380270,6
20514398055,9
20514400645,23
20514401706,5
20514402346,6
20514403156,7
20514405442,5
20514420913,25
20514423181,9
20514424072,6
20514424315,14
20514426105,6
20514429384,22
20514430986,5
20514431109,20
20514431281,20
20514432768,10
20514441163,9
20514443531,23
20514448338,22
20514449814,6
20514451711,5
20514456195,21
20514464881,6
20514468011,6
20514469335,8
20514469505,24
20514471232,9
20514481114,7
20514486183,18
20514486850,7
20514488127,21
20514491187,5
20514491772,17
20514492825,18
20514496227,12
20514497380,5
20514497541,6
20514505820,17
20514506397,8
20514506630,21
20514508179,13
20514513172,32
20514514497,6
20514515469,8
20514517160,6
20514518484,5
20514520209,6
20514527475,23
20514533017,5
20514535222,10
20514544990,11
20514546267,7
20514553719,20
20514555843,10
20514560766,7
20514564087,11
20514568155,20
20514568406,5
20514574040,8
20514584789,25
20514586561,23
20514598224,12
20514604135,7
20514606774,26
20514608041,39
20514612073,17
20514618942,7
20514622893,5
20514627691,16
20514630993,18
20514636843,17
20514641090,10
20514644358,21
20514646300,8
20514648183,8
20514649741,8
20514650161,30
20514653187,6
20514657417,14
20514660396,24
20514661368,5
20514664464,20
20514674699,7
20514678929,7
20514680401,20
20514687839,7
20514691607,9
20514692913,5
20514699845,10
20514700959,9
20514703117,21
20514704199,8
20514706302,21
20514710598,20
20514710911,21
20514712965,5
20514714747,5
20514720127,5
20514723657,5
20514724033,8
20514724971,11
20514726591,21
20514731676,12
20514736392,6
20514736554,20
20514737879,21
20514739065,5
20514740152,5
20514745031,10
20514746355,21
20514747670,5
20514748218,5
20514749613,5
20514752240,6
20514753483,6
20514754293,16
20514761826,39
20514764094,19
20514766119,5
20514770141,5
20514772194,12
20514780294,14
20514781002,5
20514781851,5
20514783048,6
20514783986,15
20514784109,6
20514784796,11
20514791148,9
20514795054,9
20514797189,22
20514797341,6
20514800074,24
20514805033,6
20514807591,5
20514807915,21
20514811271,25
20514813133,5
20514816230,9
20514824500,6
20514828246,5
20514831620,23
20514836699,5
20514841692,7
20514841854,5
20514844951,6
20514851906,10
20514853780,16
20514854832,13
20514863408,18
20514867730,6
20514872067,5
20514883344,6
20514884405,5
20514887099,6
20514890634,8
20514894893,20
20514895865,12
20514898961,13
20514902233,10
20514903396,10
20514905097,10
20514905500,16
20514915211,5
20514921611,5
20514922005,10
20514929271,7
20514934437,5
20514934941,9
20514935328,23
20514938343,30
20514941212,5
20514944238,5
20514945986,5
20514947253,9
20514950041,6
20514950637,13
20514951366,5
20514958883,21
20514963887,22
20514968099,6
20514984299,5
20514990345,5
20514993956,5
20515001213,7
20515008145,5
20515010476,24
20515012509,21
20515015435,7
20515017489,8
20515018884,7
20515033841,5
20515035118,5
20515040201,7
20515055810,5
20515056468,25
20515057278,7
20515057511,22
20515060147,7
20515062271,6
20515065378,14
20515066773,5
20515069951,11
20515070452,6
20515074521,9
20515084593,5
20515086880,6
20515089803,8
20515090640,5
20515094394,8
20515100548,23
20515108794,11
20515112554,22
20515127071,20
20515130021,6
20515134019,5
20515134442,6
20515139321,6
20515146378,18
20515148664,5
20515156845,18
20515160877,21
20515161091,12
20515162578,16
20515164945,23
20515173855,6
20515177923,5
20515180983,20
20515181289,7
20515182927,9
20515183575,18
20515184113,21
20515190199,7
20515190946,5
20515192132,5
20515193961,7
20515196715,5
20515201140,5
20515203941,7
20515205056,5
20515205641,6
20515206451,5
20515225677,5
20515229745,6
20515235478,5
20515236954,6
20515240552,12
20515250868,21
20515253379,8
20515259067,5
20515259491,6
20515260588,7
20515263331,6
20515264061,19
20515266276,15
20515274376,5
20515276158,6
20515281402,6
20515290142,23
20515292781,16
20515298127,5
20515300121,24
20515301446,21
20515302761,22
20515306243,21
20515314424,16
20515319574,22
20515322109,9
20515326945,8
20515332759,16
20515339508,26
20515341073,23
20515345061,6
20515346113,27
20515349309,10
20515351389,5
20515358553,7
20515364952,6
20515365681,6
20515368354,22
20515368869,6
20515372467,6
20515372548,5
20515374087,10
20515375300,10
20515378236,9
20515381024,23
20515381539,18
20515382187,7
20515384988,5
20515386760,7
20515389190,9
20515390368,11
20515391500,10
20515396994,5
20515398423,6
20515414992,21
20515418041,24
20515419447,12
20515422154,12
20515422821,7
20515426494,7
20515427385,18
20515430505,23
20515430769,9
20515431579,8
20515439634,5
20515444808,20
20515447491,15
20515448382,15
20515456130,11
20515461133,22
20515464311,22
20515465988,5
20515468146,6
20515468499,21
20515469380,20
20515471104,5
20515473654,6
20515473735,21
20515479261,8
20515483706,5
20515487281,8
20515487361,8
20515488171,6
20515488686,6
20515490311,5
20515503316,8
20515504045,21
20515506251,8
20515513389,13
20515521217,17
20515525042,5
20515528734,23
20515531107,19
20515533061,5
20515536168,16
20515540947,6
20515547950,6
20515552872,25
20515557912,7
20515559885,5
20515560115,8
20515560891,7
20515569252,5
20515573365,5
20515573527,21
20515579991,24
20515586777,5
20515588800,7
20515595253,17
20515596900,6
20515601164,21
20515610741,11
20515610821,23
20515616510,11
20515621190,21
20515621602,8
20515622919,5
20515625349,7
20515630857,6
20515631829,8
20515632124,14
20515633368,8
20515633872,8
20515634411,9
20515634682,21
20515634763,9
20515644050,5
20515647580,22
20515648471,7
20515649795,8
20515650297,6
20515651854,7
20515657119,6
20515659324,25
20515660179,8
20515666452,23
20515667009,10
20515675524,6
20515685911,20
20515686721,10
20515687531,22
20515687701,6
20515690591,6
20515691562,6
20515694740,22
20515695126,22
20515696017,23
20515696441,12
20515703595,11
20515704729,6
20515706349,7
20515711008,5
20515712586,8
20515713124,5
20515718860,10
20515719165,25
20515720252,10
20515723430,5
20515723511,20
20515724754,8
20515724835,12
20515724916,16
20515734636,5
20515739433,5
20515740369,24
20515745166,6
20515745671,22
20515747703,7
20515748181,5
20515748696,6
20515750160,7
20515760041,5
20515761013,22
20515762761,10
20515763903,16
20515771671,5
20515773372,9
20515773534,7
20515774182,34
20515778170,7
20515780158,17
20515783092,5
20515784811,7
20515785621,6
20515788051,18
20515789295,10
20515792831,20
20515792911,10
20515797042,6
20515799258,21
20515802658,22
20515803204,5
20515804430,9
20515819542,5
20515822683,7
20515824899,13
20515826590,7
20515829424,8
20515830350,5
20515831160,6
20515836471,9
20515846949,5
20515848488,9
20515849531,18
20515852248,5
20515858360,21
20515874136,8
20515876937,9
20515879952,19
20515882317,6
20515890255,9
20515898744,21
20515903098,5
20515906607,15
20515909886,6
20515911198,20
20515915185,6
20515919768,26
20515920774,19
20515943049,5
20515949241,8
20515951572,6
20515953354,9
20515957261,5
20515960997,5
20515962426,11
20515963406,6
20515968467,10
20515971921,16
20515985396,12
20515992171,8
20515999770,8
20516004879,20
20516007894,5
20516014912,12
20516015480,34
20516020211,20
20516020301,20
20516024128,5
20516026686,9
20516028972,5
20516037611,6
20516039401,12
20516042533,8
20516045397,24
20516046954,12
20516052334,8
20516052687,8
20516056160,10
20516056755,6
20516057051,6
20516059428,11
20516059771,5
20516062305,22
20516069229,7
20516080206,7
20516082918,6
20516083647,26
20516086743,9
20516087120,5
20516092476,6
20516093367,20
20516094096,18
20516101301,9
20516102706,23
20516107503,7
20516109549,11
20516109620,6
20516128331,5
20516128683,7
20516132109,7
20516133687,20
20516134811,5
20516135469,5
20516136601,22
20516137674,22
20516145774,24
20516145855,27
20516147556,6
20516152479,6
20516153360,5
20516157519,7
20516160064,7
20516160226,8
20516164485,8
20516165619,7
20516175339,9
20516179831,5
20516180847,11
20516182386,8
20516184249,19
20516185211,24
20516193078,5
20516195879,7
20516196174,5
20516199190,6
20516201518,7
20516202832,20
20516203308,14
20516210428,6
20516212391,22
20516214415,6
20516223163,12
20516223911,5
20516224135,16
20516228394,21
20516233801,19
20516237466,7
20516244161,9
20516246961,5
20516256843,16
20516259516,28
20516260107,6
20516260875,5
20516261090,22
20516261928,6
20516267705,23
20516271052,8
20516277174,5
20516279975,6
20516285517,7
20516285860,20
20516288966,6
20516290511,13
20516292998,24
20516298091,6
20516300338,7
20516300419,18
20516303191,14
20516304911,8
20516305135,6
20516306379,6
20516307936,7
20516313821,23
20516316412,5
20516319608,7
20516325161,19
20516326051,26
20516331306,7
20516332701,11
20516333694,7
20516337096,8
20516343819,7
20516344548,5
20516344971,23
20516350351,11
20516350513,8
20516355230,6
20516356988,8
20516358417,9
20516367084,8
20516367670,25
20516368994,21
20516369371,6
20516372673,6
20516372754,15
20516377047,21
20516377551,19
20516378876,23
20516380854,5
20516381311,10
20516382041,18
20516385813,16
20516386976,6
20516390060,24
20516400472,22
20516403650,22
20516403811,18
20516410354,10
20516419572,5
20516422018,7
20516429292,19
20516431432,5
20516437473,6
20516438445,12
20516444178,13
20516444259,7
20516447606,5
20516450143,20
20516453835,24
20516454645,22
20516454726,19
20516456001,20
20516456265,6
20516463121,17
20516472899,22
20516477858,6
20516484391,7
20516485524,7
20516488973,25
20516493039,5
20516497379,8
20516502801,24
20516506114,21
20516511037,21
20516511975,26
20516517159,5
20516518392,8
20516519879,7
20516522233,6
20516522314,17
20516523809,7
20516529084,23
20516530686,22
20516530767,18
20516534592,21
20516534916,8
20516536021,9
20516545799,5
20516553112,23
20516556561,21
20516566877,7
20516567849,7
20516579189,5
20516579421,6
20516580781,6
20516587360,5
20516587441,6
20516587874,6
20516588765,23
20516596946,5
20516597918,5
20516603748,7
20516605104,9
20516609860,9
20516610019,5
20516615088,5
20516616131,5
20516618851,6
20516620324,23
20516625121,11
20516629381,5
20516630982,8
20516634970,24
20516638452,8
20516644771,7
20516645661,5
20516647796,6
20516651556,5
20516662833,6
20516663139,5
20516663643,21
20516667550,22
20516669846,6
20516680068,7
20516680491,6
20516684217,9
20516684721,8
20516688808,7
20516690705,5
20516697467,7
20516702649,19
20516705583,9
20516705826,15
20516711559,20
20516719967,9
20516722755,5
20516724022,6
20516724375,13
20516724618,5
20516741628,5
20516742276,6
20516748398,7
20516748983,6
20516750457,8
20516752310,9
20516752581,23
20516752662,5
20516758865,24
20516764831,11
20516765641,12
20516766027,23
20516770300,22
20516774399,7
20516775018,23
20516775875,23
20516776847,5
20516780526,9
20516784432,6
20516784513,7
20516788420,5
20516789159,10
20516791722,24
20516797763,16
20516799383,8
20516799898,5
20516804484,22
20516809524,17
20516815842,6
20516816067,5
20516818353,5
20516818868,24
20516820251,20
20516822202,26
20516826887,8
20516827425,7
20516833662,16
20516834804,6
20516842904,23
20516849828,22
20516851997,20
20516859548,20
20516859891,6
20516862506,10
20516865190,20
20516872307,14
20516872641,6
20516878925,5
20516884143,7
20516886359,9
20516886782,18
20516892324,7
20516903113,13
20516908930,14
20516912881,12
20516917335,8
20516920123,21
20516924625,8
20516924897,7
20516927306,7
20516927560,20
20516929261,5
20516929422,9
20516934426,5
20516935317,9
20516936631,17
20516938766,5
20516946602,6
20516946947,13
20516949377,10
20516957710,7
20516961661,5
20516966468,6
20516973324,12
20516975700,10
20516986655,21
20516991497,5
20516996961,7
20517007677,8
20517008568,8
20517009530,17
20517016820,5
20517031624,22
20517035701,8
20517035964,18
20517048519,12
20517048781,6
20517049086,8
20517053270,5
20517053351,6
20517053431,9
20517056708,12
20517063585,17
20517065871,26
20517070441,5
20517072576,6
20517072908,11
20517078850,5
20517078931,21
20517080323,21
20517088227,20
20517089037,24
20517092097,7
20517092763,10
20517092925,10
20517099181,22
20517101851,8
20517102823,7
20517103633,8
20517109836,5
20517115305,19
20517120058,5
20517125289,17
20517135322,7
20517135594,9
20517138186,9
20517142965,8
20517144747,9
20517150046,16
20517152332,8
20517153576,19
20517158969,6
20517160271,21
20517160432,16
20517166121,6
20517168174,6
20517171710,8
20517182673,23
20517182916,6
20517186661,5
20517187551,10
20517188957,11
20517206955,22
20517207331,24
20517213650,7
20517222560,21
20517227103,21
20517232522,5
20517233413,5
20517234738,22
20517242161,22
20517245268,21
20517247635,15
20517247716,7
20517252558,23
20517256031,22
20517262863,23
20517268551,5
20517272583,12
20517274527,22
20517279677,15
20517294714,7
20517305341,7
20517307719,21
20517308367,11
20517310183,17
20517313361,7
20517316971,6
20517318168,8
20517320570,24
20517322432,12
20517322513,6
20517328121,5
20517330613,21
20517332748,7
20517336140,6
20517336492,20
20517340503,21
20517342891,9
20517343511,19
20517345645,5
20517355951,9
20517356507,5
20517357902,11
20517358208,5
20517360954,21
20517361098,5
20517369072,7
20517372294,21
20517373185,10
20517373690,22
20517374661,27
20517384209,10
20517397289,5
20517400841,8
20517401146,8
20517407691,6
20517411613,24
20517413233,21
20517413667,6
20517426726,18
20517430596,5
20517432530,5
20517439623,21
20517441792,23
20517444465,10
20517445607,9
20517447219,22
20517448371,6
20517448533,8
20517455076,7
20517462528,13
20517466868,8
20517470971,8
20517473724,5
20517474704,6
20517476405,33
20517477550,15
20517482472,22
20517490904,6
20517494641,20
20517504468,5
20517504620,12
20517506754,7
20517506835,22
20517508455,8
20517509427,5
20517511677,17
20517513530,23
20517521044,20
20517522873,7
20517525627,10
20517537986,6
20517540260,7
20517540341,22
20517541827,7
20517545733,5
20517549992,11
20517562158,29
20517562239,8
20517564282,10
20517565254,10
20517573869,6
20517580644,5
20517583821,18
20517584399,22
20517584631,19
20517600424,19
20517602630,21
20517604764,6
20517607780,5
20517612511,21
20517613593,7
20517617319,7
20517617823,6
20517621341,6
20517630684,9
20517634329,7
20517636534,22
20517650871,22
20517651096,20
20517652491,20
20517656217,21
20517656489,11
20517656641,21
20517660249,5
20517661211,9
20517664741,7
20517666361,22
20517668657,23
20517671950,5
20517673731,7
20517676081,12
20517679420,21
20517680517,5
20517683371,6
20517698131,23
20517698645,9
20517700135,17
20517700640,23
20517705951,21
20517710955,8
20517711331,9
20517712737,6
20517713385,6
20517718778,11
20517719154,22
20517729206,22
20517736326,5
20517737560,20
20517738701,22
20517740781,13
20517745741,13
20517746046,26
20517748766,6
20517754499,17
20517756866,15
20517770427,8
20517772390,6
20517773361,6
20517774929,10
20517776387,5
20517777511,7
20517780732,9
20517793559,5
20517801241,6
20517805158,14
20517805662,19
20517808921,6
20517813509,5
20517816192,7
20517826821,21
20517830268,9
20517834255,21
20517834921,8
20517836461,5
20517836622,11
20517838676,22
20517842517,22
20517854523,16
20517855252,5
20517857620,10
20517860841,7
20517863948,11
20517864910,16
20517877574,11
20517878627,6
20517892026,6
20517895718,13
20517898067,5
20517900142,5
20517901033,8
20517901203,8
20517905454,24
20517909794,6
20517911187,9
20517915093,5
20517930998,22
20517932346,17
20517932851,7
20517933318,37
20517936686,6
20517940101,6
20517941337,22
20517952533,25
20517953262,23
20517958221,17
20517960129,18
20517966089,23
20517969266,5
20517976556,5
20517984494,6
20517993051,6
20517995429,13
20517996077,14
20517999688,7
20518000951,11
20518003381,7
20518006135,6
20518009584,5
20518010248,22
20518010329,5
20518011210,6
20518011724,8
20518019113,21
20518022173,5
20518022921,6
20518023579,15
20518023731,6
20518029691,23
20518036123,6
20518040155,5
20518043928,7
20518046609,5
20518050461,18
20518053991,8
20518055268,6
20518056311,12
20518061233,5
20518061748,21
20518064097,6
20518065140,6
20518068670,20
20518070577,11
20518070739,8
20518076184,22
20518080611,11
20518080963,13
20518083474,9
20518084101,14
20518086732,31
20518088786,19
20518090764,7
20518092201,5
20518093194,5
20518094590,7
20518095057,13
20518097009,6
20518107241,7
20518111516,6
20518117395,22
20518122127,6
20518125061,6
20518127510,5
20518128320,5
20518132947,6
20518135458,6
20518141776,21
20518145763,8
20518149165,16
20518150252,7
20518153197,5
20518153278,23
20518153600,8
20518155564,5
20518156706,12
20518160991,7
20518161459,6
20518164636,6
20518164717,12
20518165012,9
20518166337,20
20518167147,25
20518167902,6
20518170105,16
20518184076,9
20518185471,5
20518185552,18
20518194110,6
20518202406,23
20518203470,6
20518206819,5
20518210336,6
20518211065,5
20518220218,21
20518222423,13
20518224477,17
20518230876,10
20518241568,6
20518243773,6
20518245717,17
20518248902,12
20518251440,5
20518254970,20
20518257723,21
20518258886,7
20518261917,18
20518262131,5
20518262212,9
20518263375,7
20518267109,26
20518267958,7
20518279379,6
20518283643,5
20518295650,6
20518298241,6
20518304233,6
20518320603,7
20518321324,10
20518321596,21
20518326474,20
20518329732,8
20518332792,22
20518334906,17
20518336607,22
20518338995,22
20518339452,10
20518347391,5
20518350189,8
20518357353,8
20518360061,14
20518360907,20
20518363591,6
20518364139,25
20518365291,5
20518375173,23
20518375769,5
20518380762,21
20518381815,14
20518384083,5
20518388151,23
20518396171,20
20518396332,6
20518399277,7
20518407555,7
20518408365,5
20518413288,11
20518417275,6
20518421388,6
20518433637,13
20518440501,6
20518444248,7
20518446372,18
20518448235,5
20518457498,6
20518462068,19
20518470591,5
20518472535,6
20518472616,13
20518486757,7
20518494342,8
20518498259,6
20518498682,9
20518500334,5
20518500920,7
20518509391,24
20518509714,24
20518511450,9
20518513665,5
20518514980,21
20518516338,11
20518538064,19
20518539974,10
20518543815,5
20518549694,5
20518549937,5
20518552130,9
20518552482,21
20518562283,5
20518562445,8
20518566351,8
20518568648,7
20518572246,6
20518574371,5
20518581237,26
20518583795,6
20518590732,11
20518592786,22
20518601955,5
20518602170,6
20518607996,20
20518609000,7
20518619579,23
20518628217,5
20518630033,10
20518630891,9
20518633482,23
20518634373,23
20518643950,7
20518645499,5
20518646975,10
20518649133,5
20518658043,22
20518660536,5
20518661931,5
20518663985,7
20518666739,22
20518674081,10
20518675304,8
20518679121,10
20518686250,7
20518687574,15
20518691504,6
20518693116,20
20518696484,6
20518702476,9
20518702638,10
20518706978,6
20518718399,5
20518719018,5
20518722400,19
20518725760,11
20518726146,25
20518730259,12
20518738314,19
20518740050,8
20518741536,5
20518742001,5
20518743156,5
20518746848,8
20518747224,6
20518759079,23
20518765044,5
20518768221,8
20518769112,7
20518770471,21
20518773144,5
20518773578,20
20518775198,5
20518776089,5
20518777646,10
20518778707,9
20518779266,5
20518783379,5
20518789733,21
20518791983,25
20518792360,23
20518794907,17
20518798481,12
20518799453,21
20518801709,19
20518805526,6
20518806506,5
20518807651,7
20518809351,21
20518815246,5
20518816561,5
20518827252,6
20518830989,6
20518835271,13
20518837720,9
20518845404,6
20518847873,6
20518854811,8
20518864026,11
20518866401,5
20518874684,7
20518875061,6
20518880145,20
20518880901,21
20518881541,5
20518889444,32
20518890612,8
20518891261,19
20518902301,22
20518903960,22
20518904427,19
20518904851,21
20518908503,6
20518911806,6
20518915119,11
20518919611,5
20518922832,5
20518928016,15
20518932391,22
20518932633,5
20518932714,5
20518934091,6
20518935144,6
20518940229,7
20518960092,6
20518964756,10
20518991648,7
20518992296,8
20518993187,7
20519000815,6
20519002869,6
20519003598,5
20519008981,22
20519009791,5
20519014280,13
20519014956,5
20519019834,6
20519022461,7
20519026610,6
20519043115,11
20519045592,7
20519049237,7
20519049318,6
20519049822,23
20519050758,14
20519069262,5
20519070279,5
20519073375,22
20519073618,5
20519075661,5
20519078504,22
20519083508,7
20519087244,21
20519093724,21
20519098017,22
20519098874,7
20519100798,5
20519104271,19
20519104947,10
20519105676,5
20519108349,7
20519111307,6
20519114403,5
20519118221,22
20519121957,9
20519129346,7
20519131243,23
20519138680,9
20519139651,11
20519142792,15
20519143098,7
20519145465,13
20519147247,7
20519152593,5
20519158958,13
20519159253,7
20519160260,6
20519161151,20
20519161401,18
20519162394,6
20519163790,7
20519167434,14
20519167787,5
20519176263,23
20519178550,5
20519181771,22
20519183987,17
20519185173,6
20519185505,10
20519189080,15
20519190258,5
20519190681,10
20519203848,5
20519212162,10
20519217555,6
20519219922,16
20519224179,17
20519225221,6
20519225655,7
20519226112,17
20519227275,19
20519227356,10
20519227437,14
20519238471,10
20519241421,9
20519242665,6
20519247110,7
20519251656,10
20519253195,5
20519256453,5
20519260485,38
20519265525,7
20519277299,11
20519286794,10
20519289203,12
20519292841,7
20519296323,16
20519305098,18
20519305179,9
20519307899,6
20519310253,6
20519311659,5
20519314836,24
20519315565,5
20519320305,24
20519325871,7
20519330017,22
20519330874,11
20519330955,5
20519334276,7
20519336210,7
20519339235,22
20519342457,9
20519358451,24
20519359422,5
20519361672,26
20519364931,10
20519365741,22
20519382831,9
20519383994,18
20519387043,21
20519392632,6
20519393281,11
20519395224,23
20519395577,6
20519405807,12
20519408229,9
20519413737,5
20519420512,8
20519430313,6
20519431395,14
20519438055,11
20519440386,25
20519446741,6
20519447712,19
20519449090,8
20519457351,22
20519458161,25
20519461898,14
20519465371,7
20519477549,6
20519481228,15
20519484677,6
20519485487,21
20519485649,7
20519497060,6
20519497221,6
20519497655,9
20519498201,10
20519499275,13
20519532230,8
20519569826,11
20519570671,10
20519591597,14
20519592640,9
20519604591,6
20519610214,12
20519613230,5
20519628423,7
20519633001,11
20519636957,10
20519654777,5
20519655749,6
20519658501,12
20519666601,22
20519677556,11
20519692946,19
20519693080,22
20519694213,10
20519694566,9
20519704545,7
20519714931,6
20519726271,5
20519729297,7
20519734614,31
20519744172,8
20519745063,8
20519751209,16
20519752515,18
20519752604,13
20519753830,13
20519755611,12
20519762405,7
20519765331,15
20519775051,9
20519787220,16
20519787904,12
20519788897,6
20519789192,13
20519790280,7
20519790794,22
20519791413,9
20519798345,11
20519799317,5
20519801664,9
20519807271,5
20519810574,5
20519828601,20
20519832624,12
20519835488,13
20519847907,14
20519850959,8
20519857023,6
20519857457,6
20519857538,6
20519859077,7
20519862531,5
20519865476,15
20519866014,10
20519876753,15
20519881757,12
20519883296,11
20519886121,8
20519893259,9
20519893330,11
20519904471,6
20519907144,16
20519909945,14
20519913896,11
20519917611,10
20519918855,10
20519919312,15
20519919665,11
20519923182,11
20519926521,12
20519930804,10
20519933226,15
20519935512,8
20519937051,18
20519941911,11
20519951551,28
20519952794,5
20519963486,11
20519968445,17
20519984211,5
20519998786,9
20519998867,8
20519999324,13
20519999758,8
20520012428,16
20520015109,11
20520018892,9
20520021338,11
20520025325,8
20520026488,6
20520035045,7
20520047647,9
20520053884,9
20520076159,9
20520086031,8
20520098047,7
20520098985,5
20520099442,14
20520103491,5
20520104896,7
20520181025,5
20520181378,9
20520181459,15
20520334468,22
20520338706,5
20520467778,7
20520474472,5
20520485750,20
20520519328,8
20520527851,14
20520528238,18
20520528823,18
20520530569,9
20520533070,6
20520534556,6
20520535951,7
20520536761,22
20520539868,10
20520542141,6
20520543466,25
20520543547,17
20520549740,22
20520551302,20
20520552619,11
20520553691,5
20520555804,7
20520556363,8
20520556959,5
20520568451,20
20520571168,21
20520571320,21
20520571672,11
20520572130,6
20520575236,20
20520577107,21
20520582283,22
20520588486,26
20520595181,23
20520596233,12
20520596829,6
20520602497,13
20520605917,6
20520609742,11
20520611569,11
20520613260,6
20520615394,20
20520616102,5
20520622765,8
20520624890,6
20520628704,7
20520631161,10
20520647083,8
20520653059,23
20520653563,6
20520654535,21
20520655931,12
20520658522,5
20520664921,10
20520665065,6
20520671979,7
20520673670,16
20520674480,12
20520675966,9
20520677314,8
20520678043,10
20520687620,10
20520692976,5
20520693948,6
20520694839,22
20520694910,20
20520695053,10
20520705202,5
20520707167,6
20520708562,11
20520708996,6
20520711865,23
20520714457,7
20520719254,6
20520723529,10
20520724762,8
20520725815,8
20520728831,20
20520731203,6
20520733249,20
20520740377,6
20520749595,5
20520753517,5
20520755307,15
20520755561,10
20520756966,21
20520757423,23
20520758829,6
20520759981,6
20520769782,22
20520774352,7
20520775839,6
20520780832,22
20520785559,6
20520786440,8
20520786873,5
20520794469,7
20520797212,8
20520801180,8
20520806734,14
20520810332,8
20520818821,22
20520823744,16
20520823825,14
20520826506,5
20520836722,5
20520838261,9
20520838423,10
20520842536,5
20520843265,22
20520848224,8
20520851365,5
20520852418,7
20520853651,21
20520854208,7
20520854381,23
20520855948,5
20520866630,28
20520868501,6
20520872524,7
20520878131,16
20520883135,22
20520887041,14
20520888285,12
20520891154,13
20520892631,6
20520906798,6
20520910639,5
20520922050,7
20520922998,8
20520928503,7
20520929658,28
20520931121,22
20520931555,8
20520932012,10
20520935542,7
20520940031,6
20520958089,7
20520964640,7
20520964992,5
20520965701,7
20520966855,10
20520967151,20
20520969790,5
20520972740,7
20520974289,6
20520974521,5
20520978438,5
20520979248,7
20520981731,5
20520986295,8
20520987186,10
20520995448,6
20520995529,8
20520997734,21
20520997904,21
20521011239,11
20521014505,6
20521016036,7
20521016893,5
20521017784,16
20521020149,7
20521020491,5
20521023245,5
20521023750,22
20521024489,5
20521027666,7
20521028042,5
20521043271,10
20521044161,6
20521047691,5
20521064430,7
20521065754,23
20521074745,22
20521092051,5
20521093880,6
20521104083,6
20521112779,5
20521113821,6
20521116413,6
20521119943,26
20521127296,9
20521128187,16
20521133857,10
20521136953,5
20521137682,20
20521138735,5
20521145863,10
20521147301,8
20521150271,6
20521158922,8
20521161559,9
20521164493,8
20521167247,21
20521167832,11
20521168995,11
20521170205,5
20521174961,5
20521175347,20
20521178362,24
20521179920,5
20521180006,5
20521180774,22
20521191547,7
20521193752,6
20521200040,9
20521204541,6
20521206919,5
20521207214,15
20521209420,8
20521213371,17
20521215667,5
20521216710,6
20521218097,21
20521218925,7
20521219069,5
20521222442,11
20521231271,16
20521233991,23
20521238284,22
20521244501,5
20521248832,5
20521256851,5
20521257076,8
20521257319,5
20521257408,7
20521259010,6
20521260450,5
20521268191,22
20521279045,6
20521280485,6
20521280566,17
20521286769,11
20521289270,18
20521290529,8
20521291339,11
20521292653,10
20521293463,11
20521296560,6
20521301237,8
20521302390,6
20521303442,6
20521306115,5
20521308321,27
20521308916,6
20521314134,7
20521314649,7
20521314720,23
20521319799,20
20521322587,19
20521326817,6
20521328356,6
20521329590,16
20521330334,14
20521341701,5
20521344122,5
20521344556,6
20521345790,6
20521352737,6
20521359588,10
20521360918,13
20521361990,10
20521364239,6
20521368901,12
20521370042,22
20521377641,6
20521383969,6
20521386470,22
20521387441,19
20521395118,21
20521396271,5
20521399458,5
20521401967,6
20521406098,15
20521407655,21
20521411172,11
20521417961,5
20521419661,11
20521421305,5
20521421721,5
20521424746,9
20521428229,17
20521429209,5
20521430045,22
20521431955,5
20521433141,5
20521433575,5
20521435357,8
20521439425,8
20521440865,12
20521441322,5
20521442728,7
20521449731,22
20521452791,5
20521453843,6
20521456516,13
20521459884,5
20521467984,6
20521469413,6
20521469766,5
20521472473,5
20521474174,5
20521476037,20
20521481201,21
20521482436,6
20521536463,12
20521542943,19
20521544997,8
20521547589,8
20521561492,19
20521563517,7
20521564246,21
20521573661,5
20521576091,6
20521578387,6
20521578972,5
20521579600,6
20521579782,6
20521581761,18
20521582147,22
20521586134,21
20521599201,6
20521599384,6
20521603161,8
20521608987,21
20521610027,20
20521617544,5
20521626021,10
20521626969,5
20521627698,7
20521628589,6
20521635011,20
20521636093,5
20521642492,6
20521644274,7
20521645599,5
20521645831,23
20521647371,21
20521663147,23
20521674009,5
20521676478,23
20521677873,6
20521679574,7
20521683768,19
20521685388,5
20521690381,23
20521691191,17
20521695855,9
20521698013,10
20521709589,20
20521715392,8
20521731835,9
20521733455,5
20521741806,17
20521743175,5
20521747758,8
20521749297,5
20521749378,22
20521754886,8
20521755009,5
20521757630,5
20521759250,8
20521763010,6
20521767350,8
20521774135,7
20521775883,23
20521779013,6
20521779528,12
20521783550,6
20521787547,16
20521789248,19
20521793946,8
20521795566,5
20521812916,10
20521817047,18
20521817128,19
20521834642,21
20521841771,5
20521842823,24
20521846144,9
20521854597,5
20521866846,5
20521868971,27
20521872145,25
20521873206,7
20521877295,6
20521881721,8
20521889463,5
20521894467,5
20521897644,10
20521901269,6
20521906732,17
20521906902,5
20521911221,12
20521912970,23
20521914913,19
20521921618,9
20521923157,11
20521937531,20
20521939746,5
20521940914,6
20521942291,5
20521948061,19
20521952173,6
20521958457,21
20521960869,5
20521968177,7
20521971551,10
20521974495,5
20521975548,26
20521977591,18
20521981513,8
20521988011,7
20522001563,23
20522002021,6
20522003850,5
20522011445,21
20522012336,12
20522016242,9
20522017991,6
20522018962,5
20522019349,5
20522024342,22
20522025071,27
20522035468,12
20522037835,5
20522038050,25
20522040119,8
20522042910,6
20522044963,5
20522045005,5
20522047393,23
20522049761,7
20522050424,22
20522051315,5
20522054331,23
20522060900,19
20522061035,25
20522069877,22
20522070611,15
20522084591,6
20522086704,26
20522088073,23
20522090051,14
20522093743,21
20522095797,27
20522109178,9
20522115062,5
20522116115,15
20522119050,10
20522119301,12
20522120902,9
20522121208,24
20522121381,8
20522122271,5
20522125459,22
20522135764,6
20522145131,10
20522150216,7
20522157903,22
20522159787,5
20522163890,23
20522164781,23
20522172023,25
20522172961,6
20522173933,6
20522184030,21
20522186164,21
20522190358,6
20522190439,8
20522192130,12
20522199495,20
20522206378,5
20522209636,5
20522211533,5
20522217493,5
20522217574,9
20522228347,33
20522239209,19
20522240983,7
20522245357,8
20522246671,8
20522252213,8
20522254771,11
20522259064,7
20522262791,12
20522263762,24
20522264904,8
20522268306,6
20522270629,5
20522272591,14
20522276236,8
20522277984,26
20522284336,6
20522291201,31
20522296857,7
20522306755,5
20522307301,8
20522308707,7
20522308880,27
20522309771,6
20522317285,13
20522325385,6
20522330541,6
20522333051,10
20522333647,5
20522348831,7
20522350819,10
20522351033,6
20522355292,5
20522361349,19
20522364283,6
20522368190,5
20522373355,5
20522386848,19
20522404412,7
20522407357,15
20522415708,20
20522435482,5
20522437345,9
20522441881,10
20522445445,11
20522447651,7
20522449271,11
20522450520,23
20522450872,5
20522452654,21
20522456056,5
20522462293,8
20522463184,20
20522463699,21
20522466281,7
20522471101,22
20522473571,25
20522474895,5
20522481913,5
20522487792,6
20522489493,5
20522496511,5
20522498484,9
20522501965,9
20522506410,21
20522513386,7
20522531872,19
20522532500,8
20522536599,26
20522536831,9
20522540359,9
20522544001,24
20522545741,23
20522547957,18
20522551717,5
20522558720,5
20522559963,5
20522562751,9
20522575497,7
20522575900,5
20522579999,6
20522582949,5
20522585611,20
20522591344,21
20522594793,7
20522595501,6
20522596061,9
20522605400,6
20522608417,10
20522609146,11
20522612449,5
20522623998,18
20522634418,8
20522635147,27
20522639568,15
20522641384,6
20522645533,6
20522662381,6
20522665992,5
20522679781,10
20522687023,5
20522697410,5
20522700810,5
20522702782,21
20522706184,19
20522710459,6
20522714951,19
20522731537,21
20522735443,17
20522739279,10
20522747298,23
20522751724,7
20522761525,21
20522763064,7
20522766161,7
20522769852,8
20522775747,21
20522780155,6
20522783171,19
20522792161,5
20522793648,6
20522794458,24
20522794709,6
20522803970,15
20522805166,8
20522806723,6
20522807533,5
20522810593,21
20522811646,7
20522828883,10
20522829855,7
20522830861,20
20522831671,22
20522852679,18
20522855007,6
20522859410,20
20522861155,6
20522865576,7
20522869482,16
20522870901,6
20522872513,7
20522875024,7
20522877663,5
20522880371,6
20522884104,9
20522884449,7
20522885925,7
20522891739,6
20522893278,23
20522895131,5
20522898156,22
20522902790,24
20522907911,24
20522915344,5
20522918874,8
20522922049,7
20522936694,6
20522942317,21
20522943712,9
20522945928,24
20522946142,5
20522947891,21
20522951146,9
20522958078,9
20522960137,8
20522966844,9
20522975673,6
20522978851,7
20522979822,8
20522980243,7
20522988571,18
20522992845,7
20522995607,5
20523001931,23
20523013603,8
20523016963,11
20523020561,29
20523023072,24
20523023153,5
20523027655,8
20523029194,16
20523030281,5
20523039076,5
20523044231,7
20523048652,6
20523051521,20
20523052684,10
20523053737,15
20523066472,16
20523067878,7
20523075200,7
20523075463,6
20523081196,9
20523089502,6
20523090268,6
20523091400,9
20523093526,20
20523096380,5
20523099648,5
20523105800,5
20523108493,10
20523108574,5
20523116089,10
20523123611,20
20523128842,14
20523135385,5
20523135466,9
20523143051,7
20523153286,22
20523155572,23
20523158598,6
20523161548,7
20523163320,22
20523170458,6
20523173392,5
20523184084,7
20523185307,6
20523191374,5
20523194713,21
20523195442,20
20523196171,5
20523196848,21
20523197062,7
20523199359,6
20523202678,20
20523205936,17
20523206665,7
20523207556,17
20523209095,8
20523218329,14
20523223161,5
20523228120,11
20523238940,23
20523264606,6
20523264941,9
20523268938,14
20523273265,8
20523273851,20
20523282761,9
20523288297,5
20523293533,19
20523294777,5
20523300416,6
20523301811,17
20523302974,6
20523313071,10
20523314042,6
20523315529,20
20523317220,5
20523318978,21
20523319605,19
20523324609,5
20523334230,22
20523336950,13
20523346165,5
20523346831,6
20523363337,9
20523363841,14
20523367596,19
20523370201,5
20523372166,10
20523380347,7
20523386469,23
20523389301,6
20523390571,6
20523391624,9
20523394721,21
20523395701,22
20523396774,7
20523401794,18
20523409779,21
20523428641,12
20523433050,23
20523438523,5
20523442041,22
20523442989,6
20523461347,13
20523467621,6
20523469755,5
20523470761,21
20523473353,21
20523490797,6
20523491840,22
20523492731,5
20523501233,6
20523502809,24
20523507517,6
20523510810,6
20523513592,6
20523515706,6
20523520378,5
20523522401,16
20523532465,9
20523534590,6
20523534751,19
20523537009,9
20523540301,5
20523541961,8
20523544633,19
20523550871,5
20523552903,16
20523555163,6
20523555759,5
20523565711,8
20523573226,10
20523574036,12
20523575865,9
20523578457,6
20523578881,5
20523579429,5
20523585402,11
20523587014,16
20523593251,5
20523603664,7
20523605101,6
20523611250,21
20523612141,7
20523612574,6
20523617614,6
20523618939,21
20523620241,5
20523621212,22
20523623266,6
20523630556,21
20523639189,8
20523643534,20
20523647017,22
20523649575,5
20523653769,22
20523661940,5
20523672631,9
20523672801,13
20523674413,10
20523674502,8
20523676548,14
20523677510,6
20523680499,18
20523683081,9
20523685709,6
20523689950,9
20523690702,8
20523691857,21
20523694104,10
20523698193,10
20523703618,20
20523706803,8
20523714903,8
20523717759,11
20523717911,5
20523719298,22
20523727550,22
20523729684,5
20523732391,7
20523736974,18
20523737601,9
20523738080,5
20523739302,6
20523744560,5
20523759087,13
20523759168,19
20523766024,21
20523767268,6
20523770561,5
20523771371,7
20523779193,10
20523786211,20
20523786483,20
20523787293,13
20523787960,8
20523788427,8
20523789075,7
20523790677,11
20523793005,7
20523797922,7
20523799623,5
20523801547,22
20523801971,19
20523802861,21
20523803752,12
20523807154,5
20523810881,6
20523814363,6
20523816145,5
20523816498,5
20523818946,13
20523824598,15
20523826451,20
20523828828,6
20523833589,8
20523836847,5
20523841760,6
20523846648,9
20523854403,10
20523859464,28
20523862929,9
20523873025,5
20523877012,5
20523879490,28
20523880749,19
20523882954,18
20523895002,16
20523902149,6
20523904273,7
20523909071,6
20523911563,17
20523912705,8
20523913345,6
20523915127,7
20523915399,27
20523916361,9
20523920716,9
20523929420,5
20523936477,8
20523939140,7
20523941047,19
20523941802,9
20523951603,18
20523956231,5
20523956401,5
20523959761,7
20523962982,20
20523966546,5
20523966627,6
20523970578,6
20523972350,8
20523973836,18
20523977319,11
20523978714,10
20523985681,18
20523988434,8
20523991141,5
20523998235,20
20524000238,6
20524000661,21
20524004811,19
20524007160,10
20524010110,6
20524016070,6
20524018790,9
20524030064,5
20524030811,6
20524036691,8
20524038553,7
20524038987,5
20524045096,5
20524045843,29
20524054320,8
20524055130,11
20524062420,12
20524066760,5
20524076218,7
20524077290,6
20524079403,7
20524084156,8
20524088739,9
20524088810,29
20524095514,6
20524110769,5
20524114756,9
20524119553,7
20524130522,6
20524137021,18
20524137969,15
20524139236,8
20524150981,10
20524154383,6
20524156670,7
20524163617,6
20524167957,10
20524168929,19
20524169143,5
20524179025,8
20524183138,5
20524189501,22
20524194334,22
20524196205,6
20524203775,6
20524207509,21
20524210712,17
20524213576,6
20524215196,6
20524221676,6
20524231639,8
20524232953,5
20524233925,6
20524239451,12
20524243211,5
20524245770,17
20524246156,5
20524249848,5
20524257514,25
20524261112,7
20524261384,7
20524263751,15
20524264723,7
20524266424,6
20524266939,20
20524269440,22
20524272157,13
20524273803,20
20524276497,5
20524277973,7
20524278431,7
20524278601,7
20524279160,21
20524280419,6
20524288746,6
20524291372,6
20524307716,8
20524310857,22
20524324726,23
20524336651,8
20524340683,6
20524343780,20
20524348234,8
20524349800,5
20524358035,20
20524360366,5
20524382335,8
20524383901,19
20524386241,23
20524388376,9
20524393701,5
20524398924,6
20524399491,6
20524399734,19
20524401062,20
20524405998,6
20524418381,21
20524418623,10
20524422817,7
20524423546,5
20524429587,5
20524433002,10
20524433185,5
20524438497,9
20524438578,7
20524439540,15
20524439973,5
20524442419,6
20524445604,7
20524445787,19
20524446678,20
20524450608,6
20524453615,12
20524458170,5
20524458501,5
20524462444,7
20524465541,6
20524481317,7
20524489300,9
20524490570,17
20524492785,6
20524492947,5
20524501521,22
20524506166,19
20524510431,6
20524510945,7
20524512727,7
20524514690,5
20524515076,5
20524516714,8
20524517010,13
20524520746,7
20524524067,5
20524525543,6
20524530202,5
20524530971,5
20524531276,8
20524531861,5
20524533643,5
20524538793,27
20524540267,18
20524540771,6
20524546206,21
20524546460,5
20524546621,16
20524553164,8
20524554993,21
20524555027,5
20524555451,5
20524559103,7
20524561264,10
20524563046,7
20524568358,9
20524570417,6
20524570689,7
20524574161,19
20524577853,20
20524579040,6
20524593620,5
20524594359,11
20524596998,5
20524603102,5
20524616425,6
20524622581,7
20524627117,18
20524629594,6
20524633788,19
20524634164,6
20524637007,13
20524652065,8
20524653622,8
20524659159,9
20524662613,16
20524667259,5
20524670128,13
20524675511,5
20524691800,5
20524692105,21
20524692369,5
20524697247,6
20524698057,5
20524699291,24
20524701619,13
20524703662,23
20524703743,20
20524711410,5
20524717370,6
20524718180,6
20524722454,5
20524722616,5
20524724821,22
20524726018,5
20524729891,7
20524738377,19
20524742561,10
20524743532,10
20524744776,9
20524748925,5
20524751632,7
20524751713,11
20524777780,23
20524779308,8
20524782350,7
20524795338,10
20524797039,6
20524800510,8
20524818303,8
20524819539,5
20524820545,6
20524821860,7
20524829097,11
20524839301,10
20524842603,6
20524844991,8
20524853800,6
20524854521,19
20524858518,9
20524867185,8
20524877652,5
20524877903,6
20524879191,7
20524882494,16
20524895391,11
20524905885,6
20524906008,6
20524908710,9
20524917891,10
20524936179,20
20524937655,5
20524947707,5
20524952531,11
20524955475,5
20524956102,5
20524956528,15
20524968020,7
20524973295,5
20524977797,7
20524978335,11
20524981042,7
20524986940,10
20524991196,5
20524992249,11
20524993059,6
20524994535,5
20524997046,21
20524997551,5
20524999847,11
20525002145,8
20525006728,22
20525007376,7
20525011489,6
20525011993,22
20525018904,5
20525019200,22
20525020984,5
20525027211,5
20525029426,8
20525030432,8
20525030602,10
20525033539,5
20525034772,6
20525041809,6
20525051359,6
20525053483,7
20525054889,25
20525063012,6
20525067191,6
20525068162,10
20525070817,24
20525081932,5
20525083552,16
20525087469,9
20525089917,6
20525091491,9
20525099718,5
20525105467,8
20525107915,21
20525109705,18
20525115004,5
20525118364,8
20525119689,25
20525119841,5
20525121152,8
20525123287,5
20525124682,18
20525128912,13
20525130909,6
20525132278,22
20525134645,5
20525137075,23
20525138985,23
20525140378,6
20525143555,5
20525147119,6
20525157939,6
20525159125,7
20525163238,18
20525165281,5
20525165958,12
20525166415,26
20525171761,9
20525176135,7
20525183778,22
20525184154,22
20525196241,18
20525198708,5
20525201776,7
20525202667,5
20525203477,7
20525207464,20
20525209912,7
20525213511,10
20525219985,14
20525225446,6
20525228623,11
20525230954,9
20525237371,8
20525241727,9
20525242880,16
20525243185,7
20525246443,11
20525251366,5
20525256082,13
20525258379,9
20525261671,12
20525265405,5
20525265669,5
20525268170,8
20525268927,17
20525270824,5
20525271472,5
20525271634,15
20525274731,12
20525281788,13
20525285261,12
20525298087,17
20525299997,18
20525304311,14
20525311105,20
20525311521,5
20525311792,13
20525311954,5
20525313736,16
20525319696,22
20525320431,5
20525323961,14
20525327109,9
20525329730,30
20525330827,12
20525332871,14
20525333923,14
20525334067,8
20525336191,12
20525342914,9
20525346740,9
20525348360,13
20525349170,8
20525350429,15
20525353959,21
20525354505,5
20525355901,9
20525357270,5
20525360734,10
20525361544,10
20525366422,15
20525367747,13
20525369871,11
20525370292,7
20525371345,12
20525373551,16
20525376738,24
20525377629,15
20525384161,9
20525389040,16
20525391028,12
20525394043,9
20525400892,8
20525404618,18
20525407714,11
20525413285,5
20525413447,32
20525416543,19
20525419216,5
20525421032,11
20525436731,6
20525439161,13
20525441220,20
20525444598,6
20525444750,14
20525447422,12
20525454399,6
20525456413,5
20525460950,10
20525461255,5
20525473008,10
20525473695,10
20525474071,22
20525477763,6
20525481281,12
20525488889,6
20525491677,8
20525491839,5
20525495079,17
20525496393,15
20525496474,20
20525501575,11
20525509550,5
20525512267,22
20525518541,9
20525523625,7
20525525326,5
20525529585,6
20525531130,14
20525537413,8
20525538576,17
20525538738,23
20525542093,12
20525542689,10
20525545866,18
20525554008,6
20525558682,7
20525561802,7
20525564496,6
20525566944,8
20525568564,11
20525573134,6
20525576079,6
20525576311,6
20525588832,8
20525595537,5
20525598986,16
20525602258,14
20525605869,17
20525608027,19
20525608531,18
20525612644,6
20525618090,7
20525621040,17
20525625975,6
20525628303,9
20525632599,5
20525637639,10
20525638015,16
20525638287,11
20525640265,5
20525653162,6
20525655963,6
20525662404,7
20525667112,13
20525668518,15
20525673350,14
20525678408,12
20525686095,7
20525687571,9
20525691412,11
20525692141,12
20525692656,5
20525693202,10
20525693547,10
20525697704,11
20525705065,15
20525706622,19
20525707351,14
20525711201,6
20525728600,17
20525734081,6
20525735720,15
20525737188,14
20525739806,11
20525740642,5
20525743668,13
20525746098,11
20525751849,5
20525752900,8
20525753388,5
20525757961,16
20525758347,6
20525758428,22
20525765122,7
20525768903,5
20525770631,15
20525770711,14
20525773061,5
20525774466,5
20525778615,7
20525785824,15
20525787100,6
20525791557,13
20525794068,6
20525795544,23
20525795897,21
20525798217,15
20525799884,5
20525804128,11
20525805281,25
20525810101,5
20525819401,6
20525820166,12
20525822029,9
20525822703,8
20525830391,6
20525831362,25
20525831877,8
20525834892,7
20525836321,5
20525836593,5
20525842054,14
20525842640,6
20525846718,15
20525849067,18
20525854737,15
20525858643,19
20525862837,11
20525873103,8
20525873367,9
20525881033,7
20525882781,6
20525883168,8
20525884059,7
20525887660,12
20525889107,12
20525893040,15
20525896812,6
20525904424,10
20525909221,21
20525911129,12
20525912877,16
20525914063,6
20525921434,7
20525928366,5
20525928528,6
20525930930,10
20525932479,7
20525933874,16
20525937357,5
20525938248,6
20525942512,5
20525947824,5
20525950884,9
20525952747,7
20525954014,11
20525954529,18
20525955096,22
20525955843,12
20525963943,5
20525968406,8
20525969470,16
20525969551,16
20525970567,8
20525973311,24
20525975011,7
20525977901,9
20525983383,6
20525985751,6
20525991645,14
20525995047,5
20525996957,5
20525998577,24
20526000901,14
20526005296,14
20526005610,7
20526005881,8
20526006268,10
20526006691,6
20526011423,5
20526012071,5
20526015925,6
20526017111,14
20526020503,5
20526021658,10
20526032854,23
20526036922,11
20526040105,5
20526040954,21
20526047291,12
20526049820,17
20526051999,7
20526060475,9
20526069189,14
20526072996,6
20526073291,6
20526079222,8
20526080310,7
20526090111,21
20526091273,10
20526092911,16
20526095261,20
20526099258,10
20526100876,11
20526104430,7
20526107706,19
20526109237,19
20526109407,6
20526109661,9
20526110758,14
20526112963,20
20526118490,5
20526122250,10
20526123141,6
20526123655,15
20526126328,15
20526128614,9
20526131089,9
20526138253,13
20526141394,8
20526145543,24
20526146191,18
20526148488,16
20526149531,15
20526149701,5
20526153058,18
20526158360,18
20526163100,6
20526163878,8
20526167512,5
20526173326,15
20526176007,11
20526179367,14
20526181850,12
20526182155,11
20526184018,10
20526197187,7
20526201478,15
20526202016,7
20526202288,5
20526215428,11
20526218362,5
20526223102,12
20526224923,10
20526226543,8
20526226896,19
20526227604,15
20526231202,12
20526233329,14
20526235020,9
20526235372,8
20526235453,7
20526238398,13
20526238550,5
20526240023,15
20526244959,9
20526246145,8
20526249322,11
20526250339,6
20526254750,15
20526256299,5
20526256451,9
20526256965,5
20526265107,10
20526265280,7
20526269510,17
20526272731,14
20526273622,7
20526276486,18
20526279825,7
20526285477,14
20526287097,10
20526291957,9
20526309597,15
20526315643,10
20526317697,8
20526317930,21
20526325363,9
20526330952,8
20526331509,14
20526331762,14
20526335598,12
20526336641,8
20526339585,8
20526346794,6
20526348142,10
20526351798,13
20526351950,15
20526358610,6
20526375468,21
20526378050,7
20526380381,9
20526383991,6
20526388951,7
20526394250,12
20526394764,7
20526402961,15
20526421591,16
20526421672,13
20526436190,7
20526441860,6
20526444702,11
20526449178,17
20526450851,16
20526455224,7
20526456549,7
20526457278,7
20526459211,11
20526460066,5
20526461208,13
20526464134,5
20526468989,5
20526481578,7
20526484674,7
20526484836,10
20526488581,8
20526497067,13
20526497814,5
20526522860,5
20526530536,8
20526534281,5
20526534523,15
20526536062,17
20526539916,7
20526541066,18
20526546378,7
20526549989,5
20526552262,6
20526553072,8
20526557736,8
20526563973,11
20526566051,9
20526566301,6
20526575394,16
20526590199,13
20526594003,8
20526594933,9
20526595824,6
20526598840,13
20526601492,8
20526605137,11
20526610564,5
20526612931,13
20526613741,13
20526616252,8
20526618549,20
20526631138,5
20526632029,21
20526643144,12
20526643225,10
20526643578,13
20526643730,13
20526644973,9
20526646755,7
20526648880,5
20526656807,18
20526659148,6
20526660740,15
20526663846,10
20526666195,13
20526669534,7
20526673132,5
20526678011,6
20526684410,14
20526685491,15
20526691548,15
20526691629,11
20526699794,13
20526701012,9
20526765096,16
20526830688,9
20526847149,5
20526887442,5
20526894651,7
20526896191,5
20526897839,5
20526898053,9
20526900643,5
20526903235,6
20526905521,7
20526906331,7
20526918429,14
20526919077,8
20526922299,13
20526924585,8
20526937130,11
20526937725,6
20526938535,21
20526944934,13
20526946392,8
20526949065,7
20526965184,15
20526967713,6
20526970005,5
20526970340,9
20526973527,5
20526986696,7
20526987587,7
20526992319,10
20526994796,5
20526999089,7
20526999674,6
20527000948,8
20527002304,6
20527004005,5
20527004421,15
20527005745,13
20527008841,8
20527011125,10
20527014736,14
20527026238,23
20527027391,6
20527029920,8
20527030421,19
20527033790,5
20527038678,5
20527042942,5
20527047669,8
20527053049,7
20527055840,10
20527072183,11
20527082499,6
20527087881,5
20527093261,7
20527098905,5
20527100063,9
20527102350,6
20527106771,6
20527111421,8
20527112312,8
20527118949,7
20527131295,7
20527139601,7
20527141509,5
20527141762,6
20527142734,9
20527143200,19
20527146136,21
20527147612,6
20527147701,6
20527162174,12
20527162255,10
20527163812,6
20527164207,8
20527165602,8
20527171246,8
20527181047,8
20527191786,5
20527201099,6
20527201331,11
20527208000,10
20527223734,13
20527234850,12
20527235236,9
20527250031,10
20527251860,7
20527252327,7
20527252670,5
20527262551,7
20527266034,9
20527267511,7
20527274215,7
20527274720,13
20527285845,13
20527288941,10
20527292469,8
20527292892,7
20527293511,8
20527294917,11
20527302952,5
20527303410,7
20527308641,12
20527311196,11
20527311277,5
20527319251,9
20527319766,8
20527323101,7
20527334218,8
20527343802,14
20527344019,13
20527359636,5
20527366098,9
20527366764,7
20527370443,16
20527372144,5
20527388814,7
20527393737,7
20527398372,5
20527400881,7
20527405921,13
20527406651,11
20527409242,12
20527409838,11
20527413355,13
20527413860,6
20527428204,5
20527440166,5
20527442371,12
20527445125,14
20527448141,5
20527457646,5
20527457727,12
20527463701,7
20527463883,7
20527469814,9
20527477329,11
20527479704,12
20527479968,9
20527499641,11
20527510121,19
20527513490,9
20527516839,7
20527517568,12
20527519935,6
20527525153,5
20527525234,7
20527528501,6
20527530823,6
20527533687,7
20527535540,12
20527544450,9
20527549508,7
20527551154,6
20527555575,5
20527555656,12
20527561036,11
20527565376,8
20527565881,6
20527567409,5
20527569878,7
20527570027,6
20527572313,5
20527573123,6
20527573557,18
20527575509,8
20527582203,19
20527582386,12
20527588741,8
20527599602,13
20527599866,9
20527601356,14
20527604614,16
20527605939,9
20527608105,8
20527615497,6
20527624054,6
20527626341,5
20527634360,13
20527634874,11
20527641226,6
20527649634,5
20527655952,11
20527656681,9
20527660107,10
20527661332,5
20527664510,6
20527671303,9
20527672539,7
20527673349,7
20527676011,16
20527679622,8
20527684898,5
20527689261,5
20527693960,7
20527694427,8
20527704759,5
20527712182,7
20527718971,7
20527719608,11
20527720444,6
20527721173,14
20527722064,12
20527728186,6
20527736871,7
20527747211,7
20527749345,5
20527760314,6
20527764221,5
20527765383,20
20527769966,21
20527775851,27
20527777390,11
20527781664,9
20527783870,5
20527785902,5
20527786542,5
20527789720,14
20527800049,7
20527800987,5
20527802254,9
20527809691,9
20527810273,11
20527811326,11
20527812217,6
20527814261,6
20527819068,8
20527820074,10
20527820317,10
20527824908,13
20527826358,9
20527826862,5
20527827591,10
20527828300,5
20527831432,10
20527832081,5
20527840342,6
20527844097,6
20527848246,13
20527850062,5
20527850739,9
20527853321,9
20527871493,11
20527873780,7
20527874671,8
20527880484,17
20527882266,10
20527887730,16
20527888116,11
20527888973,7
20527897026,7
20527899070,6
20527901821,9
20527902551,12
20527905738,10
20527909059,11
20527916004,10
20527925682,15
20527927898,7
20527929831,5
20527937427,11
20527943583,6
20527947813,5
20527948461,11
20527955671,7
20527956057,21
20527960917,9
20527967920,5
20527970041,5
20527972681,7
20527976597,9
20527982643,7
20527985154,7
20527988251,8
20527988412,7
20527991049,7
20527992011,8
20527992525,17
20527993335,8
20527994579,8
20527998302,11
20527998566,9
20527998990,7
20528004394,10
20528011684,6
20528016210,11
20528016481,7
20528021051,7
20528021213,10
20528022881,5
20528026100,19
20528035354,11
20528053689,7
20528063056,9
20528063722,11
20528065695,13
20528067124,8
20528073876,5
20528083243,10
20528086269,5
20528088806,7
20528099328,14
20528115463,5
20528115897,14
20528129251,14
20528130187,14
20528132988,27
20528138919,5
20528150617,7
20528154795,18
20528166378,20
20528169393,9
20528174559,12
20528181334,6
20528185755,13
20528185917,16
20528194746,6
20528195475,23
20528199039,6
20528210610,9
20528215336,10
20528222979,14
20528223606,6
20528224831,15
20528235957,7
20528244352,12
20528256016,11
20528257411,22
20528258060,10
20528262091,15
20528275312,14
20528278176,13
20528283684,8
20528289372,6
20528289453,11
20528294376,6
20528295267,7
20528299173,5
20528301097,5
20528304355,7
20528304941,9
20528307702,7
20528313427,11
20528318143,6
20528323571,5
20528330941,21
20528332481,6
20528338098,21
20528339493,13
20528342958,12
20528344811,8
20528346864,19
20528348646,8
20528350462,15
20528351353,17
20528354379,8
20528357637,10
20528360000,9
20528366466,6
20528367519,16
20528374051,5
20528382151,20
20528383808,5
20528388869,18
20528393943,6
20528398660,7
20528401393,17
20528410970,7
20528422633,8
20528433911,16
20528437312,7
20528443045,13
20528443983,6
20528446656,5
20528449833,10
20528462775,18
20528464123,7
20528465952,20
20528468463,6
20528470794,16
20528474510,11
20528474609,7
20528480838,8
20528481303,16
20528485392,5
20528486879,9
20528489541,10
20528493905,5
20528497137,15
20528908374,7
20528910271,9
20528912487,15
20528917951,8
20528919902,5
20528925970,8
20528926780,12
20528927590,5
20528930469,5
20528938281,9
20528939415,6
20528939920,5
20528948911,7
20528951113,12
20528951385,8
20528951466,8
20528953248,6
20528954724,5
20528965505,9
20528970339,9
20528984801,7
20528985107,12
20529000775,8
20529005149,5
20529007869,13
20529018399,6
20529025841,10
20529028190,5
20529043741,7
20529046171,7
20529048468,5
20529050446,5
20529050951,5
20529053381,12
20529061723,8
20529063777,5
20529064072,7
20529068655,14
20529075864,11
20529077131,5
20529078294,5
20529085401,5
20529089571,5
20529090405,5
20529097591,9
20529104988,21
20529113898,10
20529151391,6
20529165936,5
20529168528,7
20529169508,12
20529176113,10
20529184213,5
20529186429,5
20529190612,19
20529202564,8
20529215038,6
20529228016,5
20529240067,7
20529245964,5
20529252316,9
20529253398,7
20529258276,9
20529258357,9
20529259671,10
20529260921,5
20529263270,11
20529275367,9
20529289155,6
20529296445,7
20529302275,8
20529310456,11
20529313471,17
20529319836,9
20529325488,18
20529325721,5
20529334711,11
20529338113,10
20529348348,12
20529357258,11
20529361280,6
20529364629,5
20529366591,8
20529372052,8
20529372729,9
20529373962,19
20529379146,9
20529382449,6
20529383259,6
20529385545,8
20529385979,7
20529391430,13
20529396075,9
20529398957,12
20529399333,5
20529400790,11
20529401761,6
20529402491,22
20529404434,11
20529413344,15
20529419202,8
20529420049,13
20529421444,11
20529425351,9
20529427485,19
20529433299,6
20529433451,11
20529434775,5
20529438096,16
20529449705,6
20529451190,7
20529451351,12
20529451602,5
20529454377,8
20529455187,9
20529456078,11
20529457554,7
20529461667,5
20529463104,7
20529464178,27
20529465069,9
20529466979,21
20529468327,10
20529469722,8
20529476851,5
20529480530,6
20529480882,5
20529485841,15
20529499478,9
20529503688,19
20529511273,6
20529513055,9
20529515180,13
20529517395,20
20529522399,7
20529523956,7
20529525738,10
20529529211,7
20529531541,13
20529534567,10
20529536349,11
20529544368,5
20529551224,5
20529552620,8
20529555050,5
20529556889,5
20529558822,8
20529566507,11
20529570369,5
20529576481,5
20529579820,11
20529583428,6
20529587920,15
20529594462,8
20529601345,6
20529606576,12
20529612894,12
20529613866,14
20529614081,5
20529615214,10
20529629355,8
20529633972,6
20529637536,10
20529637889,12
20529642882,11
20529648147,28
20529654546,9
20529656328,13
20529656751,24
20529663707,8
20529663880,5
20529672790,9
20529681438,5
20529682248,9
20529698918,16
20529705043,14
20529707178,13
20529707411,6
20529710802,17
20529725583,7
20529730072,17
20529734221,7
20529741511,7
20529741601,9
20529741783,11
20529753366,5
20529757787,9
20529758163,13
20529758325,6
20529767740,9
20529774797,11
20529782544,8
20529787261,12
20529788151,6
20529792264,6
20529792698,7
20529793741,17
20529794399,9
20529802839,14
20529805269,16
20529808446,5
20529816970,9
20529823321,16
20529830611,5
20529833637,13
20529844671,6
20529852771,5
20529856173,14
20529861924,7
20529862734,8
20529866560,19
20529868937,8
20529874155,9
20529876522,15
20529880473,21
20529887486,9
20529887991,6
20529897449,8
20529905131,15
20529909552,6
20529914718,15
20529917652,27
20529918977,12
20529921251,15
20529926058,5
20529930756,5
20529935049,15
20529936100,15
20529938064,18
20529939206,7
20529940395,20
20529944463,7
20529945192,22
20529956801,5
20529963174,11
20529965380,6
20529966602,11
20529974966,9
20529979330,18
20529982551,8
20529983281,6
20529983361,11
20529986204,11
20529996188,6
20529997401,7
20529997583,5
20530001343,9
20530009328,14
20530009832,20
20530018319,6
20530020992,5
20530022341,5
20530032061,8
20530035671,6
20530036481,12
20530036724,19
20530037372,5
20530039073,9
20530040918,14
20530042708,13
20530044662,5
20530045120,19
20530045634,5
20530047254,5
20530049117,8
20530053815,7
20530055869,13
20530056326,14
20530058884,9
20530060196,9
20530060277,5
20530060510,17
20530061087,6
20530061249,12
20530062563,13
20530063021,9
20530070663,5
20530074227,17
20530074901,14
20530085261,12
20530086667,15
20530090184,9
20530091075,22
20530093019,12
20530098169,6
20530099211,7
20530099645,6
20530099726,15
20530101305,9
20530101721,16
20530102883,7
20530104231,13
20530119778,8
20530123457,11
20530126987,13
20530127011,8
20530128416,6
20530140467,24
20530140971,14
20530142915,6
20530150187,16
20530154760,13
20530159648,5
20530163751,6
20530168639,6
20530168981,7
20530169872,16
20530172156,10
20530173390,11
20530173985,7
20530180680,9
20530184081,12
20530184596,26
20530195016,5
20530198384,11
20530201351,6
20530205691,21
20530206581,11
20530207049,7
20530207715,13
20530214762,17
20530215220,21
20530215653,5
20530216625,5
20530218326,8
20530224644,9
20530226426,13
20530227406,7
20530227660,7
20530227741,5
20530229441,18
20530237622,5
20530238190,13
20530238351,6
20530239676,17
20530240178,18
20530241905,12
20530244084,11
20530247776,7
20530248748,5
20530252770,12
20530258034,6
20530258620,14
20530272291,7
20530273009,8
20530274587,17
20530275044,13
20530280986,5
20530293298,19
20530296637,21
20530297447,10
20530303196,11
20530303781,6
20530306292,9
20530309712,8
20530314121,11
20530317570,12
20530317901,11
20530319785,10
20530322573,13
20530326561,10
20530328938,9
20530333001,12
20530338909,7
20530343490,9
20530345514,5
20530348459,11
20530349692,13
20530350941,5
20530351590,6
20530544126,9
20530546412,21
20530547141,5
20530548628,14
20530552145,11
20530553541,28
20530555594,8
20530559824,13
20530563856,17
20530567339,14
20530582133,15
20530586473,5
20530592520,15
20530598137,5
20530602851,6
20530606334,14
20530609431,11
20530611681,33
20530612571,7
20530620248,8
20530623930,17
20530630804,21
20530631282,13
20530634460,9
20530634541,14
20530648509,6
20530665187,9
20530666663,9
20530667716,7
20530673520,5
20530682197,8
20530688390,12
20530691854,10
20530697461,8
20530705316,8
20530711472,12
20530712797,8
20530716431,11
20530716784,15
20530719881,8
20530721354,6
20530723721,11
20530725856,18
20530732631,5
20530738087,26
20530743919,5
20530745024,7
20530747311,31
20530748635,8
20530750702,7
20530753396,10
20530763278,14
20530771611,5
20530781250,9
20530790321,7
20530792456,11
20530798578,16
20530803911,6
20530811001,34
20530811183,23
20530819834,5
20530820689,11
20530823602,6
20530830561,9
20530841414,9
20530856101,7
20530859038,6
20530860125,6
20530861521,17
20530862764,5
20530866328,10
20530866590,29
20530871089,5
20530880312,5
20530880746,6
20530883508,8
20530891942,7
20530896821,17
20530897983,29
20530900283,7
20530900526,30
20530902146,18
20530902227,12
20530903541,22
20530907377,7
20530910912,15
20530913181,5
20530913776,6
20530915639,9
20530915710,5
20530918654,7
20530919626,5
20530920632,15
20530926673,6
20530932487,9
20530936041,17
20530937799,19
20530938094,6
20530941800,6
20530943411,12
20530943764,6
20530945970,11
20530954456,8
20530956742,5
20530958524,7
20530961312,5
20530966209,6
20530975372,7
20530976000,6
20530976182,7
20530979360,6
20530984797,7
20530984878,6
20530993516,7
20530996531,11
20530998071,10
20530998151,10
20530998402,11
20530998585,14
20530999638,6
20530999719,6
20531001045,10
20531006276,25
20531009372,13
20531010389,11
20531010621,8
20531011601,7
20531015003,9
20531029560,8
20531038046,18
20531041934,24
20531044879,14
20531044950,6
20531045841,5
20531047975,13
20531058748,5
20531061706,10
20531084587,6
20531113609,12
20531169574,5
20531223293,10
20531253010,11
20531262434,12
20531262604,5
20531275684,7
20531277466,18
20531294042,6
20531294557,8
20531298544,8
20531309091,6
20531314256,9
20531317786,6
20531320906,6
20531321970,15
20531323328,7
20531325291,10
20531327668,12
20531328800,10
20531332076,11
20531341229,10
20531343949,10
20531349475,20
20531352930,5
20531353154,6
20531366132,21
20531369743,26
20531375395,8
20531375557,9
20531379625,7
20531380399,9
20531382766,16
20531390866,18
20531401493,12
20531404085,17
20531406614,16
20531409478,14
20531412932,7
20531415281,8
20531416849,16
20531420285,16
20531421508,5
20531422814,6
20531427531,7
20531430086,9
20531430167,9
20531430248,13
20531435983,13
20531441444,12
20531441525,9
20531452055,5
20531453451,9
20531455313,7
20531457529,5
20531459572,12
20531468482,12
20531469535,17
20531481233,10
20531485905,11
20531494050,6
20531496770,15
20531497237,7
20531499108,8
20531502508,38
20531502761,6
20531502923,10
20531505787,8
20531507488,6
20531513615,14
20531514344,6
20531521987,21
20531534531,6
20531540183,5
20531543441,8
20531544332,5
20531545142,14
20531547277,5
20531549211,12
20531557311,10
20531568355,7
20531577770,8
20531578741,8
20531588119,18
20531598009,13
20531598777,21
20531624018,12
20531638311,17
20531646682,19
20531650795,6
20531655169,5
20531655835,10
20531656050,9
20531659075,9
20531660910,9
20531661991,8
20531671792,6
20531683880,7
20531686986,6
20531687362,10
20531690827,9
20531693176,9
20531699701,6
20531700300,20
20531717881,10
20531718853,7
20531721218,5
20531727178,12
20531728735,10
20531736088,8
20531737645,6
20531740786,6
20531743700,19
20531747284,5
20531750749,24
20531756861,9
20531759533,7
20531763646,16
20531764707,12
20531766742,6
20531767048,10
20531768443,6
20531768877,8
20531773102,5
20531774508,11
20531775571,11
20531778911,6
20531780737,7
20531785291,10
20531788711,6
20531796226,7
20531796731,6
20531797974,7
20531799756,12
20531807520,11
20531818050,8
20531818301,5
20531821271,13
20531824611,8
20531829841,8
20531831820,7
20531836465,7
20531842279,11
20531848471,11
20531854790,14
20531854871,6
20531855095,5
20531856229,7
20531857543,5
20531867000,13
20531868154,6
20531876416,16
20531886217,25
20531887612,7
20531902191,9
20531903162,8
20531904649,7
20531905963,7
20531913630,5
20531920504,5
20531927851,12
20531929471,5
20531935285,13
20531949588,7
20531951213,14
20531957840,24
20531960808,8
20531970862,9
20531972130,8
20531976127,7
20531998015,6
20532002819,7
20532004609,14
20532005087,9
20532006211,11
20532006482,8
20532009317,6
20532010242,9
20532011052,9
20532013268,6
20532016798,6
20532016879,7
20532018146,15
20532022259,5
20532029008,37
20532029695,9
20532030600,5
20532030782,15
20532040826,6
20532042365,20
20532044651,5
20532045542,14
20532049530,8
20532061238,7
20532062633,6
20532063524,9
20532066388,6
20532071110,11
20532082235,7
20532088276,9
20532089167,12
20532090335,5
20532093199,15
20532099553,14
20532106436,11
20532145415,12
20532171173,12
20532308659,9
20532316163,6
20532323615,21
20532327955,9
20532331120,8
20532332363,9
20532335974,8
20532342164,7
20532342911,19
20532349762,5
20532350001,8
20532352631,6
20532352984,9
20532358672,7
20532363595,6
20532368392,7
20532370702,6
20532372829,6
20532383782,10
20532384088,7
20532384673,16
20532388407,14
20532394041,15
20532401357,8
20532404291,7
20532406073,6
20532421200,10
20532433984,23
20532435847,25
20532437114,11
20532437548,9
20532441651,12
20532445303,11
20532452261,9
20532464359,15
20532464430,12
20532469407,9
20532471215,10
20532478651,11
20532480397,12
20532482683,13
20532489262,15
20532491160,17
20532494690,8
20532496391,6
20532508585,5
20532509476,16
20532510482,12
20532520950,18
20532527962,17
20532528187,17
20532531480,15
20532540047,12
20532544620,8
20532547131,13
20532547483,9
20532556121,13
20532559147,6
20532569886,7
20532570116,8
20532570205,13
20532572160,6
20532572241,29
20532573301,5
20532576157,12
20532580260,9
20532583447,13
20532586624,7
20532591628,9
20532593086,8
20532593248,16
20532594724,6
20532595968,18
20532603812,9
20532612137,5
20532613028,12
20532614261,5
20532620580,6
20532628301,10
20532630976,10
20532631433,11
20532634378,5
20532637041,7
20532656347,23
20532659362,10
20532659877,6
20532663394,5
20532672202,6
20532682003,15
20532686335,9
20532691924,13
20532699232,9
20532703876,20
20532705739,7
20532706387,10
20532710066,10
20532710732,8
20532712786,6
20532714053,10
20532725331,10
20532732116,8
20532736537,13
20532740488,7
20532746923,8
20532747733,8
20532754861,5
20532759316,10
20532765715,11
20532770476,13
20532770557,8
20532782644,5
20532795118,11
20532803072,10
20532815160,7
20532817961,7
20532819076,5
20532821305,16
20532822883,13
20532828067,9
20532830126,9
20532836329,5
20532839344,8
20532842051,11
20532845239,15
20532849811,13
20532850232,7
20532853339,12
20532855978,10
20532857083,9
20532857326,18
20532871230,7
20532871825,6
20532875146,7
20532876622,6
20532886423,5
20532887152,9
20532892580,6
20532894795,10
20532896810,11
20532900787,11
20532909148,6
20532923647,5
20532926239,15
20532928011,5
20532928282,6
20532946426,5
20532950610,5
20532951004,10
20532958602,7
20532961654,6
20532964831,8
20532966451,16
20532971706,5
20532994234,8
20532994668,5
20532995982,8
20532997250,15
20532998655,12
20533004211,5
20533015680,5
20533027262,6
20533027424,5
20533028234,22
20533028749,11
20533030484,7
20533031707,6
20533032771,10
20533033238,9
20533034129,7
20533036415,6
20533037659,5
20533039601,5
20533044191,11
20533045082,14
20533048006,10
20533050248,6
20533052453,11
20533054821,10
20533055983,10
20533061444,5
20533062416,7
20533066594,27
20533067302,5
20533082018,5
20533083502,21
20533088130,10
20533088997,11
20533089292,20
20533095187,8
20533096230,16
20533097121,23
20533099417,15
20533106481,10
20533114238,6
20533115714,9
20533116362,5
20533123067,5
20533124977,5
20533125272,9
20533140824,11
20533142282,8
20533144579,6
20533147918,5
20533148051,9
20533151435,14
20533152831,10
20533156747,5
20533157395,10
20533159258,7
20533159681,5
20533176420,5
20533179364,5
20533181261,5
20533187464,7
20533192891,5
20533197265,8
20533198237,16
20533202366,19
20533204067,10
20533207325,10
20533209883,15
20533210385,7
20533211195,6
20533212329,13
20533214534,6
20533218017,14
20533218874,11
20533219927,10
20533220348,5
20533228322,8
20533236422,12
20533242406,13
20533243046,5
20533243470,10
20533266097,10
20533267905,6
20533275088,6
20533276564,6
20533291521,13
20533294546,12
20533299777,12
20533300961,7
20533301003,8
20533309161,6
20533315217,5
20533325875,7
20533326413,13
20533327142,7
20533331336,5
20533332570,9
20533337610,7
20533340912,7
20533342290,5
20533342451,14
20533345396,10
20533346449,8
20533614397,12
20533614800,15
20533618112,8
20533619437,6
20533629661,14
20533641360,5
20533652213,6
20533674616,14
20533686207,5
20533689133,8
20533693751,12
20533703900,5
20533717013,28
20533728643,10
20533729615,7
20533735933,10
20533736581,12
20533773606,7
20533774912,7
20533780483,10
20533780645,6
20533784047,9
20533786686,5
20533788891,6
20533790446,5
20533795677,23
20533805575,19
20533806628,7
20533818120,5
20533841881,17
20533845364,25
20533914943,7
20533921486,5
20533924230,7
20533932330,5
20533946632,9
20533950150,14
20533958991,10
20533961780,8
20533962832,8
20533964614,10
20533974172,10
20533984992,14
20533993801,5
20533995501,10
20534001593,5
20534004185,7
20534008687,20
20534013923,5
20534015977,5
20534019298,7
20534023210,19
20534025697,9
20534029170,5
20534029765,8
20534034688,7
20534038594,6
20534043750,24
20534049014,6
20534049286,5
20534057386,5
20534064919,21
20534067853,5
20534068582,17
20534072857,10
20534086211,15
20534086998,9
20534088001,9
20534098732,23
20534109521,10
20534117460,6
20534117541,6
20534121734,5
20534127775,8
20534144602,15
20534148187,10
20534157682,25
20534158069,9
20534161019,5
20534173025,6
20534175664,11
20534176474,8
20534178418,12
20534179571,8
20534183926,18
20534197048,13
20534197986,6
20534199920,8
20534206721,6
20534213850,9
20534214317,9
20534214406,12
20534220473,12
20534232218,7
20534234342,10
20534235314,6
20534238925,9
20534250976,14
20534252324,12
20534255935,5
20534262397,24
20534262800,11
20534263288,5
20534264331,13
20534266970,10
20534267437,7
20534272431,7
20534274051,13
20534274646,9
20534277238,8
20534277742,11
20534288191,10
20534290251,13
20534290684,9
20534296291,6
20534298821,13
20534299479,7
20534307919,10
20534310626,8
20534311517,5
20534314532,10
20534315261,9
20534319097,8
20534330651,21
20534342153,7
20534344288,10
20534344369,33
20534347201,11
20534348780,10
20534355999,14
20534360216,7
20534361298,23
20534362936,6
20534365528,13
20534371099,22
20534372141,5
20534383186,10
20534387335,6
20534390808,19
20534393220,6
20534394463,27
20534399180,8
20534399422,7
20534413867,9
20534414324,7
20534414677,5
20534420481,28
20534421703,11
20534422858,11
20534423315,11
20534426179,9
20534427493,5
20534428384,9
20534431334,12
20534440163,14
20534444231,26
20534448571,10
20534448652,8
20534451441,5
20534452251,9
20534452412,6
20534454890,6
20534460946,5
20534463961,10
20534470313,8
20534470402,15
20534471808,12
20534473924,8
20534474572,23
20534474653,10
20534483644,8
20534485426,19
20534491159,5
20534491582,5
20534493011,13
20534496622,8
20534497351,8
20534498676,9
20534500247,14
20534500590,5
20534501138,15
20534509384,5
20534509627,7
20534516674,27
20534520515,12
20534525070,14
20534534575,9
20534537086,15
20534538724,9
20534541865,11
20534542080,10
20534543485,8
20534543566,7
20534545429,6
20534547553,7
20534547715,5
20534549335,6
20534551747,9
20534562439,14
20534572311,8
20534578513,11
20534578602,10
20534579161,7
20534581905,10
20534582111,7
20534587261,7
20534588748,9
20534591889,10
20534591960,8
20534592001,9
20534597810,6
20534601787,8
20534603488,9
20534603569,8
20534604701,20
20534620226,21
20534620731,7
20534627077,9
20534627310,7
20534628715,9
20534631856,9
20534635339,10
20534636149,20
20534636220,9
20534638354,8
20534651296,9
20534651962,5
20534655445,16
20534668342,9
20534669829,9
20534672293,10
20534686162,19
20534686243,6
20534695315,6
20534696478,7
20534703270,9
20534713402,13
20534714981,5
20534724358,7
20534725753,7
20534732610,10
20534733420,8
20534740809,11
20534743492,6
20534745941,11
20534748702,10
20534750278,9
20534750430,6
20534753293,8
20534755318,5
20534756047,7
20534760150,9
20534760231,12
20534760583,10
20534762284,8
20534764571,9
20534771607,10
20534775777,5
20534781408,10
20534788917,17
20534789565,6
20534794569,12
20534796006,8
20534796855,9
20534804548,7
20534805358,5
20534806672,8
20534810602,7
20534812567,8
20534812991,9
20534815230,7
20534815400,7
20534816988,6
20534824140,13
20534832169,5
20534832240,14
20534848162,10
20534855029,8
20534856009,9
20534857153,31
20534858559,9
20534860961,5
20534867973,17
20534869674,41
20534870419,8
20534870842,8
20534873515,10
20534882182,8
20534886170,5
20534886331,8
20534891092,8
20534901314,12
20534905573,7
20534912600,12
20534914050,13
20534923393,10
20534925922,9
20534928191,9
20534929081,11
20534931221,8
20534934328,10
20534940131,10
20534943823,12
20534951923,8
20534952067,11
20534952148,10
20534959746,7
20534961481,6
20534963778,19
20534967684,9
20534969385,5
20534970715,5
20534971525,13
20534979003,6
20534984856,16
20534986476,6
20534987286,11
20534992875,9
20534997753,7
20534997834,10
20534999454,11
20535004120,12
20535006840,15
20535007064,10
20535015083,8
20535016055,9
20535016306,8
20535017027,7
20535020168,8
20535020249,9
20535022454,9
20535024317,8
20535026107,9
20535029548,8
20535034207,7
20535037133,5
20535040606,7
20535042994,8
20535045233,9
20535049816,8
20535050237,6
20535060976,8
20535064700,11
20535065005,8
20535065935,7
20535067393,9
20535067474,12
20535069175,8
20535077275,17
20535078751,7
20535079057,7
20535095842,10
20535100277,10
20535101087,5
20535102482,5
20535103292,11
20535106046,17
20535107280,8
20535112101,6
20535120464,16
20535122165,7
20535122831,6
20535123641,10
20535124371,9
20535126829,8
20535140490,5
20535141208,6
20535145025,12
20535149284,6
20535151858,14
20535153478,10
20535154873,7
20535159166,11
20535159328,7
20535160253,7
20535166375,5
20535166618,8
20535173312,5
20535173746,6
20535179191,5
20535182907,7
20535185833,9
20535193348,7
20535193691,5
20535234800,6
20535286940,6
20535439959,18
20535465011,5
20535506061,7
20535519049,5
20535527734,5
20535530522,7
20535530875,13
20535544159,20
20535550477,10
20535554898,8
20535573841,17
20535579882,17
20535584452,5
20535591076,6
20535594172,23
20535598836,5
20535603775,5
20535604828,12
20535605981,7
20535606286,8
20535608653,10
20535614548,24
20535620432,8
20535626121,7
20535626988,22
20535627101,21
20535627364,9
20535632872,22
20535633500,7
20535637599,21
20535638056,21
20535638137,7
20535640891,22
20535645346,19
20535667668,5
20535675415,8
20535675687,6
20535675920,7
20535683787,5
20535689394,25
20535689637,21
20535691704,7
20535694550,16
20535697061,7
20535699276,7
20535703214,21
20535704539,17
20535710695,12
20535713449,5
20535716979,5
20535733806,14
20535741655,5
20535745561,11
20535747424,24
20535751537,9
20535756091,7
20535757063,6
20535757659,12
20535757811,8
20535758973,10
20535759350,22
20535764515,9
20535765597,7
20535766640,7
20535768260,5
20535773263,9
20535783650,19
20535789348,24
20535810991,9
20535815799,10
20535817147,11
20535826995,9
20535829820,7
20535830593,5
20535831727,8
20535832880,22
20535838730,11
20535842761,7
20535845787,17
20535849936,5
20535850276,22
20535852139,7
20535853372,15
20535856126,7
20535857874,14
20535860581,10
20535862959,5
20535879096,9
20535879762,25
20535880001,8
20535883361,6
20535884251,6
20535884502,19
20535889300,22
20535891622,18
20535895709,9
20535899283,10
20535901440,7
20535903060,5
20535905437,10
20535907995,5
20535913294,5
20535924067,5
20535926949,11
20535930890,8
20535931861,8
20535932914,18
20535936669,24
20535939251,5
20535948675,5
20535951111,6
20535951463,7
20535955965,5
20535963470,17
20535969087,7
20535972894,6
20535976962,5
20535979121,5
20535982181,22
20535983829,14
20535989355,7
20535989941,8
20535996645,6
20536000934,6
20536030418,8
20536032895,5
20536039717,8
20536046764,5
20536047906,26
20536058690,20
20536068903,6
20536069039,6
20536070711,5
20536079425,12
20536079930,5
20536080199,19
20536082566,7
20536086715,7
20536087878,7
20536101960,11
20536102001,5
20536105523,23
20536114948,24
20536120166,22
20536124153,6
20536126440,24
20536144774,5
20536152441,5
20536153331,8
20536164295,5
20536165186,23
20536173952,5
20536176463,20
20536180657,22
20536186779,20
20536186931,5
20536189107,5
20536189522,6
20536194445,12
20536195093,21
20536196570,7
20536196901,16
20536199242,20
20536205749,6
20536208501,6
20536210742,6
20536212281,12
20536212958,20
20536218646,6
20536218999,21
20536231154,6
20536231235,8
20536238591,5
20536239724,5
20536246852,21
20536247077,7
20536252666,5
20536259911,29
20536281411,22
20536283031,5
20536299891,5
20536301381,20
20536301896,6
20536305298,7
20536309102,9
20536312316,5
20536313045,8
20536327933,21
20536333313,10
20536333747,5
20536343971,5
20536349741,5
20536353691,5
20536359380,8
20536363221,6
20536370863,15
20536382365,6
20536390201,21
20536401254,18
20536401416,19
20536408186,20
20536421794,5
20536426168,7
20536429183,21
20536433377,8
20536435078,8
20536435582,22
20536439146,10
20536440829,6
20536443763,8
20536450620,5
20536452592,5
20536456407,20
20536466119,11
20536471201,20
20536473085,5
20536474561,27
20536475533,5
20536476181,8
20536481771,22
20536484524,5
20536492381,7
20536499122,18
20536513729,8
20536524763,6
20536542401,5
20536547038,22
20536547381,5
20536547976,6
20536550683,8
20536552201,6
20536557858,32
20536558072,9
20536559711,23
20536563076,21
20536563823,21
20536566849,14
20536579746,21
20536583263,6
20536584405,8
20536598457,5
20536598708,9
20536605411,5
20536612387,5
20536612972,10
20536615998,6
20536616021,10
20536618156,6
20536619985,34
20536622421,7
20536623745,5
20536624636,23
20536628038,5
20536630954,7
20536634607,7
20536635671,5
20536636995,22
20536638939,7
20536643690,18
20536648730,5
20536649205,28
20536650718,8
20536656911,6
20536659189,9
20536660357,6
20536670158,7
20536670824,7
20536676199,5
20536676865,22
20536683306,12
20536683489,23
20536689096,6
20536690264,21
20536692399,20
20536697196,6
20536700596,8
20536703935,7
20536704745,6
20536705393,22
20536706870,6
20536707418,8
20536717308,6
20536718703,5
20536727524,19
20536728253,17
20536728687,20
20536729225,7
20536731122,7
20536733419,23
20536743562,9
20536747711,11
20536754335,7
20536762788,7
20536763164,17
20536767402,6
20536767666,17
20536781731,5
20536786881,6
20536799517,20
20536800469,19
20536803131,5
20536803646,5
20536807471,5
20536810341,8
20536810936,7
20536821032,5
20536830376,22
20536831429,6
20536839080,7
20536842625,5
20536849981,17
20536850563,8
20536865595,21
20536868004,19
20536869230,19
20536876953,21
20536878573,10
20536879898,7
20536888617,19
20536890433,8
20536891758,7
20536900170,23
20536900846,13
20536901494,17
20536902385,15
20536903519,24
20536908154,19
20536911708,8
20536924516,11
20536924869,23
20536925245,23
20536926306,22
20536934074,6
20536938657,25
20536946757,5
20536957449,9
20536961802,19
20536974882,9
20536979922,19
20536982559,23
20536987861,5
20536988671,5
20536992198,8
20537000393,9
20537002761,19
20537004381,20
20537008700,5
20537009340,11
20537024497,5
20537025388,20
20537030543,7
20537034701,5
20537035936,17
20537036151,10
20537038790,9
20537040425,22
20537043106,5
20537043955,6
20537046202,6
20537055708,5
20537062666,15
20537066734,7
20537067382,5
20537075059,19
20537075997,20
20537076454,11
20537078741,10
20537079127,6
20537082934,21
20537088118,6
20537092140,9
20537092221,13
20537094606,9
20537113911,11
20537115026,15
20537116774,20
20537119871,6
20537120453,7
20537123550,5
20537127547,9
20537128942,8
20537130416,15
20537133865,8
20537135302,19
20537135485,8
20537139120,8
20537140489,22
20537149192,7
20537158779,19
20537161729,12
20537164078,6
20537165121,5
20537165716,6
20537167841,5
20537168227,5
20537170710,5
20537172178,23
20537174201,6
20537176670,24
20537185661,5
20537191806,7
20537192012,6
20537193761,5
20537195038,24
20537196786,8
20537197910,5
20537198215,13
20537202930,6
20537212145,23
20537212901,5
20537225123,20
20537227762,8
20537230399,22
20537230631,5
20537235439,7
20537238292,5
20537238373,10
20537243709,21
20537254816,6
20537259451,20
20537259613,8
20537260387,5
20537268108,7
20537278243,5
20537280060,5
20537281970,5
20537284723,24
20537289288,5
20537296144,21
20537302641,6
20537304856,13
20537305071,20
20537305747,5
20537306476,6
20537307103,9
20537315386,7
20537318997,5
20537321190,22
20537321271,20
20537322595,8
20537323052,7
20537324610,8
20537331233,8
20537331314,5
20537341549,11
20537348390,5
20537353041,10
20537359839,6
20537362031,6
20537369559,20
20537374803,5
20537375877,5
20537376920,7
20537378205,7
20537378469,6
20537386488,21
20537390248,8
20537393859,9
20537395398,7
20537398907,9
20537400901,21
20537402271,18
20537408716,10
20537415259,7
20537415763,5
20537420171,5
20537428237,7
20537433826,9
20537436256,5
20537438542,21
20537447614,22
20537451484,17
20537464543,24
20537466597,6
20537466911,9
20537467488,5
20537469341,6
20537471248,21
20537477793,9
20537479907,21
20537489295,21
20537499410,9
20537499681,6
20537506131,22
20537508265,5
20537512882,6
20537515989,6
20537519461,25
20537520125,22
20537527642,5
20537528029,5
20537538172,5
20537539900,21
20537542285,6
20537546272,9
20537546604,7
20537552329,15
20537556588,7
20537562804,9
20537563363,8
20537566117,6
20537567946,5
20537569051,21
20537572273,14
20537576180,6
20537577232,25
20537582741,6
20537583046,7
20537583470,22
20537588510,6
20537589834,20
20537597934,11
20537601559,7
20537602792,5
20537605899,11
20537611350,6
20537613484,23
20537613646,5
20537614456,7
20537623366,6
20537630222,9
20537636859,6
20537638045,8
20537639289,11
20537652200,7
20537667495,7
20537671506,19
20537672901,6
20537676133,24
20537677881,7
20537677962,22
20537682885,5
20537685710,6
20537698889,22
20537700379,9
20537701774,16
20537702231,10
20537703122,5
20537704871,9
20537705338,11
20537711222,5
20537718073,22
20537725959,11
20537727731,5
20537729946,20
20537732815,5
20537735679,16
20537735911,25
20537746956,23
20537750988,22
20537756676,7
20537758377,11
20537761165,6
20537763371,17
20537764008,10
20537772876,6
20537778645,7
20537792800,7
20537795221,21
20537795906,6
20537804743,6
20537805634,19
20537806011,5
20537806282,7
20537806878,7
20537813904,5
20537816083,23
20537818612,21
20537820510,15
20537821249,5
20537833174,5
20537834065,6
20537834731,7
20537836432,6
20537850265,7
20537855810,21
20537859483,7
20537868121,5
20537869799,21
20537874792,5
20537878194,5
20537879751,10
20537881811,6
20537883601,5
20537886294,6
20537886618,22
20537893151,5
20537901277,8
20537908794,7
20537909171,6
20537911582,5
20537921464,31
20537922860,5
20537930889,6
20537935929,5
20537946378,11
20537958465,20
20537973421,8
20537979381,19
20537981017,20
20537981106,9
20537992566,10
20537995581,21
20538006531,5
20538006883,5
20538007260,12
20538014550,7
20538019861,21
20538027295,8
20538033694,9
20538053377,6
20538053881,6
20538064735,14
20538064905,7
20538066860,20
20538066941,9
20538067327,6
20538076318,18
20538076661,9
20538082121,21
20538083446,6
20538084761,12
20538088596,18
20538091112,5
20538091201,5
20538094995,18
20538103579,7
20538107566,8
20538114341,14
20538117529,13
20538118096,12
20538122107,10
20538129616,22
20538133133,12
20538140181,5
20538140776,8
20538144682,5
20538149641,5
20538154301,5
20538157156,5
20538158985,20
20538164365,7
20538175642,5
20538178404,7
20538188116,9
20538191176,11
20538196305,20
20538204251,5
20538205142,5
20538211380,9
20538221776,6
20538225763,40
20538229165,8
20538229912,17
20538234754,7
20538240053,5
20538241378,6
20538241882,22
20538242340,14
20538243664,7
20538250369,21
20538259315,11
20538260674,7
20538262537,6
20538271366,11
20538274039,8
20538275191,5
20538277721,23
20538279936,5
20538282996,23
20538286479,6
20538287874,23
20538290310,8
20538291120,19
20538295541,24
20538301371,6
20538308201,14
20538316998,6
20538329542,10
20538333655,6
20538333736,6
20538335780,8
20538335861,6
20538341917,6
20538347281,9
20538347524,5
20538348920,7
20538349730,23
20538350746,24
20538358569,21
20538358640,6
20538359883,5
20538368289,5
20538370267,11
20538371662,6
20538375579,12
20538377512,5
20538379302,29
20538390373,6
20538392589,5
20538397971,20
20538401324,7
20538407284,15
20538416518,10
20538420469,5
20538421279,12
20538423999,21
20538424880,12
20538428524,28
20538433790,22
20538434176,8
20538435814,5
20538452158,5
20538452409,17
20538468232,9
20538469719,5
20538472931,5
20538484947,8
20538485595,10
20538492028,23
20538495477,5
20538497330,5
20538499898,5
20538501469,22
20538505618,9
20538511260,12
20538512584,7
20538515842,5
20538527000,5
20538528235,7
20538529398,35
20538534391,5
20538535100,7
20538537145,5
20538538117,6
20538540529,11
20538545326,8
20538546489,8
20538551300,6
20538556441,5
20538571912,22
20538572056,19
20538573702,5
20538575748,5
20538578259,22
20538585204,19
20538586197,16
20538591271,14
20538592758,18
20538592910,6
20538593053,23
20538595188,22
20538597121,21
20538604781,5
20538607534,6
20538608778,5
20538610837,7
20538612295,23
20538615391,6
20538616959,6
20538617416,10
20538623220,6
20538627641,5
20538633021,22
20538637280,10
20538642445,9
20538651517,5
20538652912,15
20538654371,6
20538658368,5
20538659259,9
20538662551,6
20538670732,5
20538686906,22
20538691578,7
20538692388,5
20538703410,10
20538704220,7
20538713211,18
20538715264,6
20538715345,11
20538715931,23
20538719332,16
20538725227,5
20538728757,38
20538732941,7
20538736776,6
20538742580,9
20538743471,5
20538744442,5
20538748863,5
20538760219,5
20538763072,23
20538772144,7
20538774350,5
20538774864,6
20538775674,6
20538778690,9
20538780325,16
20538783421,6
20538792684,22
20538792765,5
20538798372,8
20538801691,5
20538803473,8
20538809323,11
20538810682,27
20538812111,8
20538815994,6
20538820998,8
20538822931,5
20538827224,22
20538828115,13
20538829863,22
20538833461,5
20538835677,6
20538837611,19
20538843939,22
20538848060,31
20538849970,5
20538850391,5
20538853063,21
20538854116,11
20538854973,14
20538860515,14
20538861244,6
20538865312,8
20538866807,21
20538869491,21
20538871801,21
20538874061,6
20538875628,8
20538878309,7
20538885429,6
20538893871,20
20538899560,6
20538899721,5
20538900240,9
20538910717,8
20538913732,15
20538916596,9
20538919935,15
20538923291,12
20538924343,8
20538924424,7
20538937321,12
20538939618,6
20538941272,8
20538943721,17
20538950344,8
20538953441,11
20538955061,7
20538955907,5
20538956385,19
20538956466,15
20538961460,7
20538970612,5
20538971856,13
20538976815,15
20538977625,13
20538980251,5
20538986292,14
20538988317,5
20538993400,22
20538993663,11
20538995879,17
20538996921,13
20538997065,5
20539007719,7
20539011821,10
20539012631,11
20539013441,5
20539020651,10
20539023161,5
20539025296,6
20539027078,7
20539029011,8
20539035411,12
20539037626,9
20539043782,13
20539061501,5
20539070674,5
20539073771,7
20539087569,5
20539088379,7
20539111702,6
20539116259,11
20539116411,10
20539118626,6
20539127374,15
20539130324,9
20539131720,10
20539134150,8
20539138147,7
20539144201,17
20539145356,7
20539146166,7
20539149343,5
20539149424,18
20539158091,6
20539162013,15
20539164067,5
20539171357,5
20539172086,9
20539184416,8
20539185579,9
20539189728,7
20539201281,7
20539205600,5
20539211758,8
20539219490,9
20539224493,8
20539226437,12
20539226861,10
20539241665,7
20539244681,6
20539247515,6
20539249640,16
20539252781,6
20539260538,5
20539262310,12
20539268865,5
20539273516,9
20539285361,10
20539295595,7
20539301587,6
20539303954,14
20539305574,11
20539310659,5
20539312601,5
20539313674,11
20539318986,9
20539322665,11
20539326229,6
20539328191,9
20539333276,7
20539342348,7
20539342852,7
20539347064,11
20539351339,6
20539357531,19
20539363183,6
20539365470,30
20539367251,7
20539372093,8
20539377486,7
20539380941,8
20539381327,9
20539382056,13
20539382137,8
20539385071,13
20539385314,7
20539387104,20
20539391471,8
20539393767,8
20539393848,8
20539399536,25
20539399889,8
20539400640,11
20539409434,12
20539412907,23
20539413385,27
20539415248,19
20539424743,18
20539426959,15
20539432924,7
20539434382,10
20539437721,5
20539452011,6
20539453921,6
20539465423,6
20539477600,17
20539478916,13
20539479050,19
20539480490,9
20539484991,13
20539485459,7
20539486269,13
20539496141,16
20539503881,14
20539504267,7
20539513681,5
20539513843,11
20539515200,5
20539519370,5
20539522834,16
20539524616,5
20539525345,7
20539525850,8
20539526074,22
20539528441,18
20539534689,5
20539539214,21
20539540735,7
20539546776,21
20539547233,22
20539549449,14
20539550455,7
20539554957,12
20539557972,18
20539559592,11
20539563948,16
20539572858,5
20539581849,12
20539586565,8
20539587456,9
20539600657,25
20539606183,9
20539612825,20
20539613716,21
20539615760,17
20539617975,6
20539618785,15
20539619919,12
20539622111,10
20539624327,6
20539625218,8
20539625722,6
20539627938,23
20539633075,12
20539634802,21
20539640284,9
20539645324,10
20539647882,13
20539649745,22
20539649826,5
20539650590,9
20539654153,6
20539656873,5
20539656954,5
20539658141,26
20539668456,15
20539672640,11
20539677871,20
20539678681,8
20539680154,7
20539681550,16
20539683927,17
20539684656,18
20539688139,10
20539692161,9
20539692241,11
20539695348,10
20539698525,12
20539700287,6
20539700449,6
20539701178,15
20539704860,9
20539705599,8
20539707371,5
20539708423,13
20539709152,7
20539710592,6
20539711301,5
20539715985,6
20539718143,5
20539718658,9
20539718810,17
20539721527,6
20539721870,22
20539724623,5
20539729935,12
20539731832,12
20539733533,7
20539736397,6
20539744144,6
20539744497,7
20539744659,7
20539746601,11
20539749961,10
20539750209,12
20539750381,5
20539752911,10
20539758951,18
20539761588,12
20539772199,6
20539777409,10
20539778472,7
20539778553,6
20539780612,5
20539782151,8
20539782232,5
20539783123,8
20539784871,8
20539785843,10
20539786904,14
20539787897,5
20539788273,10
20539789326,12
20539790171,6
20539796888,11
20539799551,6
20539800664,13
20539802284,7
20539803680,6
20539809882,6
20539814452,14
20539816668,10
20539816820,5
20539817125,10
20539817559,6
20539822552,14
20539823362,7
20539827864,12
20539828160,11
20539829727,12
20539830733,11
20539831110,14
20539833325,6
20539839013,8
20539840372,5
20539843631,10
20539845412,7
20539849167,9
20539850254,7
20539851811,10
20539852460,13
20539853865,8
20539854080,13
20539868897,7
20539871928,13
20539872576,12
20539877454,10
20539877705,5
20539879406,11
20539881052,6
20539886283,9
20539886526,12
20539899342,7
20539900707,8
20539908783,12
20539910257,6
20539910761,7
20539913787,13
20539916531,6
20539921372,5
20539921534,5
20539923740,11
20539924631,5
20539925017,9
20539926765,11
20539927494,9
20539928385,8
20539935080,5
20539937376,5
20539939581,6
20539942884,12
20539950551,10
20539952413,6
20539959931,6
20539961919,5
20539964772,13
20539965230,15
20539966392,5
20539966988,6
20539967526,23
20539968417,6
20539971477,8
20539973259,6
20539979451,11
20539979613,6
20539980387,5
20539982321,9
20539984374,9
20539987128,7
20539988019,5
20539989252,12
20539992806,8
20539998910,7
20539999991,5
20540001031,9
20540001384,13
20540004138,5
20540005371,6
20540007668,13
20540008478,6
20540010294,8
20540010375,11
20540011771,8
20540013391,12
20540014109,13
20540020338,12
20540020923,10
20540021148,6
20540023353,6
20540023868,6
20540025135,7
20540029041,6
20540030139,8
20540031704,15
20540037061,6
20540037656,6
20540038385,7
20540043541,9
20540046566,8
20540047376,6
20540049409,6
20540051993,5
20540052884,11
20540054151,12
20540055042,8
20540056103,10
20540056791,6
20540057509,9
20540058491,9
20540059463,5
20540063908,21
20540065609,5
20540070513,6
20540071595,9
20540074772,10
20540077526,6
20540078093,9
20540079227,17
20540085383,7
20540087751,10
20540097985,6
20540098876,11
20540700711,7
20540704113,8
20540705781,7
20540713295,11
20540714429,11
20540718688,7
20540722529,11
20540724220,12
20540724572,6
20540724734,12
20540726788,7
20540729027,10
20540734705,8
20540735264,5
20540741744,10
20540742716,8
20540745731,11
20540748595,9
20541103083,8
20541120417,13
20541122461,9
20541136411,12
20541137654,23
20541137735,6
20541142143,20
20541144278,24
20541157680,5
20541165275,20
20541165518,18
20541166166,8
20541171089,7
20541174771,15
20541181556,6
20541185896,19
20541192833,18
20541199170,6
20541200011,22
20541204513,17
20541204947,12
20541212451,12
20541214233,19
20541215710,6
20541229770,5
20541235150,27
20541245201,6
20541245970,6
20541247832,7
20541255771,5
20541259253,21
20541260260,8
20541265067,11
20541266209,8
20541274309,5
20541285769,5
20541289675,6
20541294326,14
20541294831,24
20541295489,13
20541296701,7
20541297937,6
20541308483,6
20541308564,9
20541310038,21
20541310119,7
20541314378,5
20541316150,19
20541317041,14
20541319256,6
20541338129,9
20541339362,7
20541341189,8
20541343556,6
20541344285,7
20541349082,8
20541349325,7
20541352385,11
20541352547,6
20541359479,8
20541359550,11
20541361376,8
20541363662,7
20541365878,6
20541366505,13
20541378180,5
20541384660,15
20541392417,14
20541393065,10
20541393651,6
20541399004,7
20541405926,10
20541409166,14
20541409751,9
20541410415,21
20541410920,6
20541414160,7
20541414917,5
20541417932,15
20541421379,10
20541433890,10
20541435833,5
20541439588,9
20541442961,14
20541455354,8
20541455605,5
20541456750,6
20541464264,12
20541474570,5
20541487710,13
20541490346,12
20541500911,9
20541501135,12
20541508652,6
20541514466,12
20541524003,10
20541527525,13
20541530747,11
20541534068,6
20541546660,9
20541549090,5
20541552121,6
20541554093,19
20541556380,11
20541568396,5
20541574361,6
20541579240,15
20541580841,13
20541597221,7
20541597493,10
20541597574,12
20541602918,5
20541604023,11
20541608797,5
20541610261,6
20541612395,6
20541619136,5
20541628631,12
20541629361,6
20541629875,5
20541633635,15
20541639081,11
20541646532,5
20541647776,8
20541653075,12
20541657658,8
20541660870,5
20541662147,7
20541662813,6
20541665243,6
20541667025,5
20541672886,7
20541678817,18
20541679465,6
20541679546,12
20541682091,6
20541683811,6
20541686321,14
20541692216,8
20541695070,6
20541702891,6
20541712934,14
20541720104,6
20541726137,22
20541728261,5
20541732706,12
20541732960,12
20541736795,8
20541740474,7
20541741870,10
20541743490,9
20541751832,5
20541755234,8
20541759655,5
20541763849,7
20541764144,6
20541767917,6
20541769537,5
20541770039,12
20541770381,8
20541772911,9
20541774450,24
20541775774,8
20541796852,15
20541797581,5
20541799797,6
20542000482,11
20542009439,9
20542012731,6
20542020327,6
20542025710,6
20542034115,19
20542035863,8
20542038374,14
20542038536,15
20542040786,5
20542049228,8
20542050587,7
20542060388,7
20542060892,7
20542072637,15
20542077787,5
20542081547,17
20542087669,7
20542089106,30
20542092409,12
20542095688,5
20542106124,8
20542111632,7
20542121603,5
20542125421,6
20542134926,9
20542135817,9
20542140900,6
20542153980,5
20542154013,5
20542161737,5
20542165309,16
20542173158,6
20542175363,6
20542178974,13
20542189747,6
20542191059,7
20542191725,9
20542196107,9
20542206188,10
20542207745,14
20542210967,8
20542211424,9
20542213397,6
20542214016,5
20542215501,17
20542218356,9
20542218607,6
20542219166,8
20542219913,10
20542230721,5
20542232006,18
20542232855,6
20542233312,5
20542235447,7
20542240017,17
20542240874,8
20542245833,6
20542246139,10
20542247704,5
20542251051,10
20542257416,15
20542260476,5
20542261103,7
20542262762,12
20542273705,6
20542273888,7
20542274183,9
20542281392,8
20542284065,8
20542289962,6
20542290979,25
20542292246,10
20542295423,7
20542296748,7
20542299763,10
20542301172,15
20542301504,6
20542307961,5
20542308347,7
20542313936,13
20542317257,6
20542322412,10
20542327309,5
20542328534,6
20542330512,14
20542343339,5
20542345200,13
20542347911,6
20542350548,10
20542353482,5
20542356317,18
20542358956,5
20542360004,6
20542368242,15
20542371111,7
20542371898,6
20542374480,7
20542377314,12
20542380455,12
20542381851,6
20542387468,17
20542390507,15
20542394596,10
20542397188,12
20542409534,13
20542412322,22
20542425149,5
20542426978,7
20542429641,10
20542431033,17
20542437236,25
20542451735,7
20542464128,9
20542466171,6
20542475162,15
20542484668,6
20542490714,8
20542498022,7
20542502666,6
20542519470,13
20542523582,5
20542530368,6
20542537371,5
20542559935,12
20542566630,10
20542579375,25
20542589923,8
20542592801,10
20542595061,11
20542607093,9
20542607417,5
20542611872,5
20542615355,9
20542619776,12
20542630311,11
20542630583,10
20542635381,5
20542635461,7
20542646820,16
20542684756,6
20542692422,5
20542697815,5
20542703483,8
20542712555,11
20542713284,5
20542725703,8
20542731347,9
20542737469,5
20542739836,10
20542750139,5
20542756765,5
20542800683,8
20542802201,5
20542803356,9
20542803941,5
20542807343,7
20542808749,8
20542811618,5
20542812932,6
20542813238,7
20542814391,5
20542815281,7
20542818116,5
20542820528,5
20542821176,7
20542822491,9
20542824434,5
20542825163,7
20542825759,9
20542835045,6
20542838494,8
20542838737,6
20542838818,9
20542840049,15
20542841011,5
20542842688,7
20542849267,5
20542854422,6
20542856476,12
20542858843,6
20542903733,8
20542904896,13
20542906830,7
20543001075,7
20543002471,23
20543008240,10
20543009483,5
20543011976,9
20543018806,8
20543019284,11
20543025501,6
20543030920,5
20543033350,5
20543034917,10
20543035131,18
20543036961,16
20543044556,11
20543044637,8
20543046095,7
20543047903,6
20543057372,7
20543063429,6
20543065634,5
20543079341,5
20543080943,20
20543082482,5
20543082563,22
20543083454,25
20543083888,28
20543087107,13
20543089061,6
20543089495,7
20543092526,16
20543092950,5
20543094065,21
20543102939,24
20543103820,8
20543121640,13
20543122531,10
20543134628,21
20543136167,10
20543136591,10
20543137058,5
20543137996,5
20543138291,6
20543139778,22
20543142485,6
20543142647,15
20543158217,17
20543160891,17
20543161781,8
20543163130,5
20543166660,24
20543171582,6
20543176207,22
20543180492,9
20543184480,6
20543187748,5
20543188981,5
20543192661,21
20543194108,7
20543203701,5
20543205665,18
20543207447,11
20543216942,8
20543219291,5
20543220036,7
20543222080,14
20543223051,22
20543235149,12
20543238750,5
20543240061,12
20543240657,25
20543244300,42
20543247821,5
20543249522,11
20543251691,7
20543254798,42
20543257622,5
20543267695,9
20543268071,5
20543268829,5
20543287025,9
20543287963,8
20543297411,23
20543300064,7
20543301206,19
20543302512,13
20543304302,7
20543309959,19
20543311341,23
20543312232,23
20543315339,5
20543316220,5
20543318605,7
20543320685,6
20543328406,6
20543329984,21
20543339351,20
20543342905,8
20543343898,6
20543344193,10
20543355802,5
20543357686,5
20543365191,15
20543369692,10
20543372995,6
20543374424,5
20543385205,7
20543401847,11
20543405834,6
20543408345,7
20543412709,9
20543426670,10
20543434851,6
20543435661,7
20543443841,25
20543464253,6
20543466621,6
20543467783,9
20543480291,11
20543481000,21
20543489671,7
20543492389,9
20543493601,9
20543493946,6
20543494161,6
20543496023,7
20543507670,5
20543508218,5
20543518795,7
20543521401,33
20543527433,21
20543529568,21
20543531201,6
20543535533,6
20543537749,7
20543541185,6
20543542157,20
20543542408,21
20543561453,6
20543561704,11
20543566501,17
20543566765,18
20543568971,17
20543578186,6
20543578348,9
20543578429,7
20543582299,7
20543582701,9
20543588734,8
20543607461,13
20543612465,5
20543616967,8
20543617009,22
20543619800,5
20543627730,5
20543628621,19
20543635911,8
20543639231,20
20543657213,7
20543669068,6
20543676781,5
20543678300,6
20543679021,17
20543681271,5
20543698912,9
20543701727,5
20543702707,5
20543709388,9
20543713229,11
20543716163,6
20543722309,23
20543722724,5
20543723615,6
20543724778,5
20543725821,31
20543729494,9
20543729907,6
20543731472,25
20543731987,5
20543733769,22
20543738302,5
20543743055,22
20543744451,5
20543747719,21
20543748871,6
20543754332,22
20543758249,10
20543773639,10
20543783600,6
20543796175,16
20543805182,5
20543810003,8
20543815811,6
20543816460,11
20543816974,5
20543829286,7
20543830969,10
20543847420,24
20543849805,6
20543850994,10
20543854043,20
20543855015,23
20543863034,18
20543878571,5
20543886671,9
20543886832,10
20543889424,9
20543892301,14
20543893618,9
20543897958,17
20543906370,6
20543916928,10
20543917657,14
20543919510,19
20543921255,36
20543925838,5
20543926133,7
20543927377,8
20543936449,15
20543936872,7
20543936953,5
20543939898,7
20543941442,6
20543944115,5
20543952215,5
20543957527,20
20543958922,5
20543961478,5
20543964817,24
20543969029,11
20543970621,5
20543976238,5
20543977633,5
20543978109,6
20543985733,6
20543992942,7
20543999106,5
20544004973,23
20544005945,7
20544007051,23
20544011759,10
20544012135,5
20544014189,20
20544025890,6
20544035267,6
20544043103,6
20544048164,23
20544055021,5
20544057317,5
20544063716,8
20544065174,26
20544067380,5
20544074165,9
20544080211,5
20544084551,11
20544094786,6
20544097700,6
20544097963,9
20544098421,10
20544106971,20
20544107276,9
20544107357,7
20544110650,5
20544111206,13
20544113756,20
20544116691,21
20544118634,15
20544121775,7
20544124286,5
20544125681,16
20544129326,22
20544136454,22
20544142004,9
20544142772,7
20544143663,17
20544144040,22
20544144716,20
20544150104,5
20544152069,7
20544166442,15
20544167929,5
20544168658,5
20544182642,5
20544188179,5
20544188926,9
20544196279,8
20544203313,8
20544206410,22
20544207815,6
20544217705,9
20544225805,7
20544229118,5
20544231791,5
20544232097,5
20544234201,5
20544234626,8
20544237994,7
20544240359,6
20544243960,7
20544244184,28
20544255623,20
20544260970,6
20544263642,24
20544264452,21
20544268873,24
20544270690,6
20544278674,11
20544295846,5
20544299671,5
20544305744,5
20544319702,13
20544320972,32
20544321359,14
20544328523,7
20544329848,6
20544330005,5
20544334761,7
20544345967,7
20544346343,5
20544353714,22
20544357388,9
20544357892,8
20544362209,7
20544364325,5
20544367855,10
20544368312,5
20544368827,14
20544372263,8
20544375793,5
20544376331,20
20544376765,6
20544382498,19
20544384199,18
20544389743,6
20544396791,5
20544402511,6
20544411340,20
20544415680,8
20544416066,10
20544419324,9
20544421060,6
20544424751,5
20544425308,13
20544428587,7
20544430131,5
20544434391,7
20544441923,6
20544448006,10
20544449312,15
20544457170,9
20544461363,21
20544464389,6
20544464621,13
20544465351,10
20544466080,18
20544467132,8
20544471245,5
20544478096,20
20544481470,9
20544487672,6
20544488059,16
20544496078,19
20544499336,10
20544499760,10
20544502574,20
20544511301,7
20544513690,5
20544515803,11
20544518144,6
20544519469,21
20544528026,9
20544530608,15
20544530942,13
20544531914,17
20544532996,22
20544533615,13
20544547756,9
20544552326,5
20544553217,5
20544559177,9
20544560001,8
20544563441,10
20544568320,6
20544568834,17
20544570146,7
20544574214,9
20544585097,11
20544585763,5
20544596706,11
20544600827,9
20544604652,5
20544605977,14
20544613562,6
20544622804,20
20544623525,7
20544630904,5
20544636007,5
20544637313,5
20544637747,5
20544648277,5
20544651651,5
20544665287,9
20544666097,5
20544668979,5
20544671091,11
20544672496,23
20544680081,24
20544680324,18
20544690478,10
20544692501,7
20544699939,7
20544703553,5
20544714679,7
20544715993,11
20544718585,7
20544718828,8
20544722426,5
20544728386,13
20544728629,5
20544730283,18
20544733037,6
20544738691,7
20544740670,8
20544751108,10
20544751442,20
20544764340,7
20544770820,6
20544771711,21
20544777590,6
20544782755,20
20544794176,22
20544794508,21
20544798830,21
20544799488,6
20544804074,6
20544804741,9
20544807251,7
20544814037,6
20544823532,6
20544825152,21
20544829221,5
20544836359,6
20544840542,5
20544850939,11
20544852125,6
20544852397,6
20544853440,7
20544854331,6
20544856465,9
20544866266,10
20544867408,9
20544874102,6
20544879759,5
20544892852,13
20544894715,6
20544896688,10
20544903994,21
20544907396,5
20544912390,11
20544915062,5
20544923596,5
20544924134,11
20544926005,6
20544926340,10
20544929365,6
20544931939,21
20544936817,7
20544940687,6
20544942388,6
20544942973,6
20544943783,5
20544955102,12
20544956761,14
20544962818,10
20544964519,7
20544979974,14
20544980395,5
20544985435,6
20544985788,16
20544986831,8
20544989007,5
20544998413,6
20545013666,11
20545016924,18
20545021090,6
20545021928,6
20545026725,23
20545032709,5
20545033691,6
20545036011,19
20545038651,5
20545044545,23
20545046084,11
20545047561,6
20545052050,13
20545053021,6
20545054184,6
20545060583,8
20545061041,5
20545063418,11
20545065381,10
20545066603,6
20545080771,6
20545081661,6
20545087350,5
20545089727,5
20545092868,5
20545100470,6
20545101956,6
20545102766,8
20545109183,20
20545112486,12
20545113962,7
20545132088,13
20545134293,5
20545134536,5
20545135184,23
20545137471,13
20545141231,6
20545153590,7
20545155291,5
20545160537,6
20545163803,6
20545167035,8
20545182859,6
20545186501,10
20545188202,21
20545188466,5
20545189608,10
20545190444,10
20545191173,21
20545192145,6
20545196132,6
20545198429,22
20545200261,20
20545202043,21
20545207436,7
20545207860,14
20545214564,9
20545234590,10
20545235138,5
20545236371,15
20545238749,5
20545248540,6
20545253896,9
20545256054,7
20545256992,5
20545265711,5
20545286719,25
20545293171,19
20545300991,6
20545311331,6
20545313112,19
20545315671,10
20545316561,19
20545318009,16
20545320321,9
20545323002,16
20545326109,5
20545326877,6
20545332338,22
20545332508,5
20545333733,8
20545335868,7
20545339006,6
20545339774,19
20545340357,9
20545346126,6
20545347521,6
20545347793,6
20545354226,14
20545355974,16
20545358485,19
20545360111,7
20545361192,5
20545371821,6
20545375908,7
20545376033,8
20545390966,22
20545395925,7
20545397031,21
20545399165,5
20545408768,10
20545409225,7
20545410584,8
20545412951,5
20545415624,6
20545421276,6
20545428017,17
20545428793,5
20545433878,19
20545434092,5
20545441544,6
20545447071,9
20545451698,16
20545452406,11
20545456495,6
20545456576,23
20545456819,23
20545457386,23
20545459087,6
20545459591,5
20545463190,13
20545467349,7
20545468159,5
20545471532,6
20545478383,12
20545479941,5
20545486483,8
20545487455,20
20545490910,20
20545492025,21
20545497922,6
20545515840,18
20545524911,8
20545526370,6
20545526531,8
20545527180,6
20545529719,9
20545530997,7
20545534046,20
20545535522,5
20545537738,7
20545538629,8
20545543622,6
20545545919,6
20545547296,5
20545550246,10
20545551641,10
20545552532,7
20545556368,22
20545562848,6
20545565359,9
20545565600,6
20545569770,11
20545573378,21
20545585465,23
20545588995,6
20545595185,6
20545597714,15
20545598877,10
20545609313,5
20545610672,13
20545612292,20
20545621879,7
20545623651,5
20545625190,6
20545626242,5
20545629772,6
20545639816,5
20545640318,7
20545647916,5
20545649374,16
20545649706,21
20545665736,5
20545665817,7
20545667356,21
20545671892,11
20545677581,7
20545679877,10
20545680611,20
20545685681,8
20545692032,5
20545695210,9
20545697263,5
20545697697,17
20545698405,8
20545699126,22
20545699550,16
20545708729,7
20545712084,20
20545716314,5
20545717639,11
20545725224,7
20545726204,7
20545729211,7
20545734304,9
20545737664,6
20545748275,6
20545749085,5
20545751811,21
20545754160,18
20545756022,14
20545761611,5
20545762006,7
20545766508,8
20545766842,5
20545774519,25
20545778000,19
20545780080,12
20545781485,24
20545781728,23
20545782881,8
20545784158,21
20545785634,5
20545787173,21
20545789621,5
20545792177,10
20545792258,6
20545804795,10
20545810680,5
20545817935,15
20545819806,5
20545822696,7
20545822777,8
20545824044,14
20545837880,24
20545839408,20
20545840597,8
20545849977,6
20545851360,7
20545865158,5
20545868505,22
20545888522,35
20545889413,7
20545889685,21
20545891078,5
20545895065,6
20545896118,9
20545898161,6
20545905125,7
20545905630,5
20545916674,21
20545919002,9
20545926980,5
20545927790,7
20545929571,23
20545929652,23
20545929903,21
20545932874,7
20545933331,8
20545947391,6
20545948363,8
20545948444,8
20545952808,5
20545958750,5
20545959217,6
20545963591,5
20545990483,11
20545990998,17
20545996252,6
20546009336,7
20546009417,6
20546010938,5
20546018165,5
20546018246,6
20546023321,9
20546023754,6
20546026265,17
20546032231,6
20546034951,22
20546037461,7
20546045219,20
20546048072,7
20546067026,7
20546069070,5
20546075711,18
20546082092,6
20546084974,12
20546090435,25
20546092721,6
20546094775,20
20546098177,6
20546099220,7
20546114393,9
20546115446,10
20546118461,9
20546118542,6
20546121250,10
20546128424,23
20546131212,6
20546132880,19
20546135803,22
20546136281,5
20546139973,12
20546145868,9
20546150519,5
20546153372,27
20546153453,7
20546154425,6
20546161120,5
20546165460,5
20546170625,20
20546171940,7
20546173136,6
20546174701,6
20546178448,5
20546183107,20
20546188087,9
20546191541,35
20546192947,8
20546202845,8
20546204201,21
20546207219,18
20546217010,10
20546217281,20
20546223761,23
20546233058,6
20546233481,6
20546236073,10
20546236740,6
20546242391,21
20546243959,10
20546244840,5
20546249132,9
20546249213,5
20546250149,11
20546251544,9
20546254217,6
20546255299,23
20546257666,7
20546263470,7
20546265685,21
20546274595,7
20546284809,15
20546286500,21
20546288979,10
20546292658,19
20546294782,7
20546294863,5
20546296645,6
20546301312,6
20546303790,5
20546303951,14
20546304338,19
20546304761,21
20546308759,6
20546313086,8
20546318801,7
20546331653,5
20546340725,6
20546341888,9
20546344631,22
20546346847,6
20546349781,27
20546353118,7
20546356729,6
20546357296,17
20546357377,22
20546360246,6
20546365558,5
20546366287,21
20546386041,5
20546388680,6
20546397166,5
20546397590,11
20546400051,5
20546402771,20
20546406688,21
20546408036,5
20546412653,8
20546412904,22
20546416489,7
20546421997,12
20546424317,6
20546424821,15
20546427251,8
20546432841,16
20546446710,12
20546447449,5
20546449492,10
20546449573,20
20546458211,23
20546460542,5
20546464378,11
20546465421,8
20546468101,22
20546471749,7
20546472559,17
20546473440,20
20546476627,5
20546482279,10
20546482511,19
20546491189,5
20546493122,11
20546497462,7
20546499163,7
20546500439,19
20546503705,7
20546505155,6
20546512364,17
20546526152,6
20546526314,8
20546529682,6
20546530184,24
20546537782,8
20546540571,12
20546546935,5
20546548393,8
20546550452,7
20546551696,5
20546561900,9
20546570216,21
20546570640,13
20546584195,23
20546588697,20
20546591051,7
20546593186,6
20546594077,6
20546597416,25
20546597921,13
20546598145,8
20546602860,5
20546603751,9
20546619088,7
20546624758,6
20546629393,5
20546634800,19
20546635369,5
20546637655,8
20546638546,5
20546641504,11
20546644431,6
20546645593,25
20546650082,5
20546654401,7
20546655807,5
20546665608,10
20546671161,8
20546675310,11
20546676553,25
20546678416,20
20546686516,5
20546695183,8
20546696589,5
20546700951,23
20546706487,12
20546706720,5
20546708854,5
20546715800,17
20546717683,7
20546717845,21
20546718655,19
20546719201,9
20546719899,6
20546734774,7
20546737285,8
20546740154,15
20546747248,23
20546755003,5
20546756824,18
20546763103,13
20546770495,5
20546773834,7
20546778631,8
20546779280,7
20546779361,5
20546782230,19
20546782744,6
20546783040,6
20546791735,16
20546792383,5
20546793355,8
20546793517,22
20546794084,22
20546796028,22
20546801471,23
20546803849,22
20546805973,6
20546810381,5
20546817122,5
20546832270,23
20546840531,11
20546843557,5
20546854591,6
20546854834,22
20546864121,15
20546867731,7
20546873898,5
20546876722,6
20546881726,9
20546882455,6
20546883427,5
20546883699,19
20546885713,5
20546887414,5
20546891012,18
20546892175,19
20546894976,5
20546899692,21
20546904106,10
20546904360,14
20546905765,11
20546918310,7
20546923666,8
20546923747,9
20546924719,6
20546925286,8
20546925367,16
20546934862,5
20546940757,7
20546943187,5
20546950396,8
20546953492,6
20546959181,6
20546961592,8
20546963536,15
20546963617,5
20546965741,22
20546970826,7
20546974732,17
20546975038,5
20546981518,22
20546992986,21
20546993109,6
20546993362,5
20546995811,9
20546997350,5
20546997511,10
20547007256,6
20547008902,9
20547011954,12
20547013493,5
20547019424,6
20547022051,23
20547025319,21
20547027109,6
20547028849,6
20547034491,20
20547035381,26
20547036272,16
20547043058,6
20547052120,8
20547052634,19
20547059566,12
20547062940,6
20547064217,5
20547066775,5
20547067313,9
20547068476,5
20547077467,5
20547078439,5
20547080093,21
20547080841,18
20547081146,6
20547102593,10
20547102917,6
20547104537,6
20547105428,5
20547107552,7
20547111665,23
20547112637,9
20547121628,5
20547132158,22
20547132824,5
20547136650,5
20547137117,5
20547141815,24
20547143273,12
20547147694,10
20547150644,13
20547154801,20
20547165161,20
20547194773,9
20547196636,21
20547207000,22
20547208316,7
20547210728,5
20547216335,9
20547221924,5
20547222734,5
20547234236,20
20547236018,5
20547243065,8
20547246323,8
20547247052,5
20547254776,21
20547261390,8
20547261551,14
20547266359,22
20547276401,13
20547278365,6
20547280696,24
20547282559,20
20547288166,8
20547294212,7
20547298471,6
20547302258,7
20547314426,19
20547318502,21
20547318847,6
20547334532,19
20547356188,5
20547356340,11
20547359799,5
20547363982,15
20547364016,5
20547365179,7
20547373350,22
20547375131,6
20547385285,9
20547386176,21
20547386419,5
20547386761,10
20547387229,5
20547390017,7
20547391501,20
20547401744,16
20547413831,23
20547416008,6
20547416261,21
20547416776,22
20547422407,22
20547422661,6
20547431147,8
20547437773,5
20547438583,10
20547440995,6
20547441533,17
20547441967,11
20547444125,18
20547453035,12
20547461721,5
20547467338,5
20547468903,8
20547471106,5
20547471441,19
20547472765,8
20547472927,11
20547480601,5
20547481675,20
20547487011,21
20547492286,6
20547498641,7
20547500645,20
20547505108,17
20547505876,10
20547506171,5
20547513542,7
20547515162,24
20547515596,8
20547524820,23
20547527250,21
20547528574,8
20547530552,28
20547533497,19
20547557671,7
20547560460,5
20547561946,19
20547563485,21
20547566239,22
20547566662,5
20547573286,22
20547577435,19
20547579721,24
20547586931,8
20547600437,8
20547602723,6
20547603533,9
20547604262,5
20547612796,7
20547614900,6
20547615205,7
20547630000,5
20547636202,5
20547642199,5
20547643837,5
20547644302,6
20547645619,5
20547647824,15
20547662203,20
20547663358,17
20547668317,8
20547670303,10
20547671024,20
20547672420,6
20547674554,18
20547688776,13
20547701209,5
20547704640,20
20547707665,17
20547708394,14
20547708475,6
20547709013,6
20547711344,7
20547713045,23
20547717385,5
20547724241,15
20547735014,26
20547735367,13
20547737904,11
20547742657,6
20547750081,5
20547754078,6
20547772211,6
20547782527,5
20547783680,8
20547793561,6
20547795939,6
20547799845,20
20547816367,12
20547819544,5
20547824971,21
20547835825,10
20547836473,27
20547839651,7
20547839901,10
20547855427,5
20547856318,9
20547858281,8
20547882157,18
20547892039,9
20547894082,6
20547895054,10
20547899475,5
20547900660,24
20547903766,9
20547906196,5
20547907249,7
20547909705,8
20547914539,9
20547923953,11
20547925905,8
20547928246,7
20547941421,5
20547954832,6
20547964048,10
20547974787,10
20547984588,11
20547992335,6
20547999691,21
20548009911,5
20548010099,12
20548010251,8
20548010765,5
20548013608,5
20548016968,21
20548019983,8
20548020566,9
20548031843,6
20548032815,5
20548042535,7
20548042888,20
20548046280,6
20548046956,7
20548052255,16
20548052506,6
20548053227,5
20548054380,5
20548059691,22
20548061165,9
20548063028,10
20548068411,10
20548072281,5
20548077835,7
20548089418,7
20548090858,5
20548102619,8
20548109974,20
20548112762,14
20548113572,8
20548121672,6
20548123616,11
20548123888,5
20548127875,6
20548128413,5
20548130825,6
20548137595,7
20548138648,20
20548145181,10
20548147043,6
20548147639,10
20548147710,6
20548148015,17
20548150184,6
20548153795,12
20548155810,5
20548158088,20
20548160147,7
20548168393,6
20548169284,5
20548170967,5
20548173044,9
20548173559,21
20548175764,6
20548177384,9
20548179832,5
20548180768,10
20548187002,7
20548187266,25
20548193070,5
20548194475,10
20548202834,6
20548204969,6
20548209332,5
20548210772,20
20548213526,13
20548214336,6
20548221626,22
20548223912,6
20548228396,22
20548229449,9
20548233471,5
20548245134,21
20548253315,7
20548267880,5
20548273693,5
20548274312,10
20548279039,9
20548281793,5
20548284547,24
20548295239,14
20548295310,7
20548295662,21
20548296391,14
20548301816,18
20548304084,6
20548308152,12
20548312184,19
20548314390,28
20548316171,22
20548317810,7
20548320951,5
20548321418,21
20548328692,5
20548328854,7
20548340391,5
20548344116,5
20548347301,21
20548354341,6
20548360405,22
20548362360,23
20548366276,6
20548366942,6
20548370460,18
20548378878,20
20548379840,28
20548380422,6
20548381747,7
20548388750,9
20548389489,23
20548391548,11
20548401870,8
20548402761,20
20548403651,6
20548411085,23
20548412219,6
20548416982,7
20548417105,5
20548419574,7
20548419906,10
20548420319,8
20548427917,10
20548434026,5
20548437475,8
20548452431,6
20548454647,10
20548457310,5
20548458472,8
20548462828,20
20548469679,11
20548473439,6
20548483078,5
20548487065,6
20548491763,7
20548495831,9
20548498181,20
20548502633,16
20548503281,5
20548503796,6
20548503958,5
20548505900,21
20548506388,5
20548511977,8
20548513163,6
20548514992,6
20548516774,7
20548517151,11
20548517665,9
20548527113,21
20548529914,5
20548532117,18
20548538158,5
20548542422,8
20548544981,11
20548545286,10
20548559821,22
20548562377,8
20548563187,7
20548564400,8
20548568065,13
20548568570,8
20548569622,8
20548576751,6
20548600139,20
20548602182,5
20548606251,6
20548614199,11
20548620679,5
20548621489,5
20548622701,8
20548624232,9
20548631956,12
20548634033,19
20548637563,20
20548643962,13
20548644187,8
20548657084,7
20548669767,5
20548674418,21
20548677867,22
20548679134,11
20548683166,6
20548685886,6
20548687315,23
20548690707,6
20548692742,6
20548694010,16
20548699917,5
20548700516,22
20548704261,15
20548707014,6
20548707529,16
20548708096,5
20548708509,22
20548713685,7
20548720380,5
20548724458,6
20548730776,21
20548733520,10
20548739641,11
20548751692,5
20548759677,8
20548765481,5
20548765561,13
20548771022,11
20548778469,5
20548792887,21
20548796289,6
20548796521,7
20548797251,5
20548802190,15
20548803757,7
20548806772,11
20548814015,13
20548815763,10
20548819751,6
20548820848,22
20548820929,9
20548824240,5
20548828318,8
20548831700,16
20548837732,19
20548838461,11
20548840521,7
20548841250,9
20548847967,8
20548849820,8
20548856958,6
20548861951,5
20548869936,6
20548870608,5
20548877360,5
20548883092,5
20548886601,13
20548889961,5
20548890897,5
20548891788,10
20548900876,5
20548901252,6
20548903387,21
20548903468,5
20548913188,9
20548915989,5
20548917418,10
20548919542,5
20548920478,9
20548921954,6
20548931321,5
20548935319,5
20548938415,6
20548943842,15
20548944733,6
20548949611,7
20548959765,12
20548960771,14
20548961158,14
20548964092,9
20548966893,22
20548969566,24
20548970220,5
20548977585,22
20548978042,5
20548978395,25
20548990689,23
20548990921,5
20548992622,5
20548997691,5
20549000071,8
20549006516,20
20549008136,11
20549008641,19
20549009370,6
20549010203,6
20549011196,23
20549017399,23
20549017470,5
20549020691,5
20549022635,11
20549023950,6
20549024417,21
20549024760,6
20549034480,11
20549035028,6
20549036776,6
20549044281,8
20549045848,19
20549049240,21
20549052381,5
20549059555,6
20549060138,8
20549061371,9
20549061967,9
20549066250,6
20549068201,28
20549071768,9
20549072225,10
20549076212,6
20549077456,10
20549081054,5
20549086013,5
20549089624,7
20549093061,7
20549098372,8
20549114831,5
20549115056,6
20549118829,5
20549125281,13
20549131094,11
20549134352,20
20549134603,28
20549140590,16
20549146105,5
20549149112,12
20549153497,5
20549154035,5
20549157565,14
20549172874,23
20549177329,10
20549187120,22
20549193529,8
20549196978,6
20549197940,5
20549201998,22
20549202536,6
20549204075,7
20549208739,6
20549209034,7
20549210393,15
20549215271,5
20549221751,6
20549223533,7
20549227369,10
20549245260,6
20549253360,21
20549274286,7
20549274871,7
20549276220,7
20549278605,6
20549278940,11
20549287850,6
20549295364,9
20549295879,5
20549302671,7
20549304533,5
20549306072,5
20549328807,12
20549329528,9
20549330704,5
20549335765,6
20549340769,10
20549351027,21
20549356762,5
20549360361,22
20549365753,6
20549376101,6
20549376798,7
20549379622,24
20549384031,6
20549387641,5
20549397019,23
20549403949,6
20549406531,5
20549409556,6
20549423389,13
20549426302,7
20549439111,12
20549442171,9
20549445439,17
20549449001,21
20549449931,20
20549450513,13
20549453296,13
20549455078,16
20549455582,9
20549457879,6
20549460314,7
20549463411,8
20549466193,9
20549482121,10
20549487603,6
20549491112,8
20549491970,5
20549495291,7
20549503579,16
20549508961,19
20549510516,7
20549511750,22
20549515071,23
20549517103,5
20549517952,10
20549519068,8
20549519734,6
20549520406,9
20549521984,6
20549522522,5
20549524061,7
20549525629,5
20549531271,19
20549537040,21
20549539336,8
20549543449,19
20549544682,9
20549546626,22
20549554050,6
20549560700,22
20549561269,20
20549562150,13
20549563474,11
20549565094,12
20549566490,21
20549570331,6
20549572899,14
20549574085,8
20549575308,23
20549583076,5
20549584048,9
20549591176,5
20549593624,8
20549594272,6
20549595082,18
20549595759,19
20549600698,5
20549605142,5
20549608672,8
20549609130,6
20549611894,9
20549615377,6
20549616853,7
20549621008,5
20549621423,6
20549623639,5
20549623981,23
20549627545,18
20549628193,7
20549632204,8
20549633278,8
20549635301,10
20549635564,6
20549638407,8
20549646922,8
20549650440,10
20549655671,6
20549658696,10
20549662880,10
20549665986,7
20549666362,11
20549667334,16
20549667504,7
20549676082,6
20549680942,5
20549687955,5
20549693416,5
20549693921,5
20549705449,6
20549706500,21
20549708979,5
20549718427,10
20549730125,16
20549731016,5
20549734899,16
20549735861,5
20549741089,5
20549743456,7
20549744851,6
20549745076,10
20549752528,5
20549754491,23
20549761195,5
20549763996,6
20549766588,27
20549768106,7
20549776974,8
20549777431,9
20549781897,19
20549781978,21
20549785299,5
20549788123,7
20549790373,7
20549802568,7
20549810072,19
20549823565,15
20549830855,7
20549835148,6
20549837353,6
20549839992,16
20549846000,8
20549856811,6
20549867775,21
20549873236,5
20549876332,10
20549879277,22
20549899898,5
20549902431,6
20549915508,6
20549925481,8
20549933581,7
20549940791,13
20549941177,10
20549941509,5
20549941681,8
20549945083,5
20549945245,5
20549945750,7
20549946993,5
20549947299,8
20549951482,15
20549968962,5
20549974342,9
20549980822,5
20549986278,7
20549991786,19
20549997636,6
20550009561,6
20550019010,5
20550019281,19
20550022827,21
20550024447,8
20550025176,20
20550028515,23
20550033519,21
20550034752,5
20550037344,7
20550039550,5
20550041708,17
20550044553,9
20550044987,5
20550045282,8
20550046921,11
20550047064,21
20550047579,6
20550047731,5
20550051258,5
20550056136,15
20550057451,11
20550067685,6
20550067766,5
20550071950,5
20550077133,6
20550079349,6
20550081327,11
20550082722,21
20550083613,24
20550088330,30
20550093767,16
20550094658,6
20550100054,16
20550103231,5
20550111765,5
20550111927,19
20550112737,14
20550116562,6
20550119821,5
20550126959,8
20550132924,5
20550137489,18
20550141753,9
20550144001,22
20550161606,7
20550164290,23
20550166667,6
20550176204,21
20550178321,6
20550180066,8
20550186773,10
20550187664,8
20550200351,6
20550205409,23
20550206634,5
20550207525,5
20550209498,10
20550216354,22
20550216516,19
20550219612,5
20550220203,6
20550223059,21
20550223997,21
20550226589,21
20550227046,21
20550229766,19
20550229928,8
20550241111,7
20550247314,21
20550249520,5
20550253047,27
20550253985,5
20550259321,8
20550264839,16
20550287961,20
20550306779,10
20550314950,14
20550315174,12
20550322898,5
20550323193,5
20550330050,16
20550334551,11
20550335795,17
20550336503,8
20550340101,20
20550344191,6
20550347700,5
20550350328,18
20550353858,13
20550354749,6
20550360714,19
20550361109,6
20550361958,17
20550363225,17
20550363811,12
20550367727,21
20550368294,5
20550369266,21
20550370353,7
20550372640,24
20550385547,14
20550392080,7
20550393132,22
20550406994,13
20550411131,5
20550417686,12
20550417767,8
20550418658,9
20550419204,11
20550423732,7
20550433967,5
20550434939,9
20550444497,5
20550452163,7
20550456746,24
20550457041,5
20550458102,9
20550458285,6
20550459338,5
20550463441,18
20550463874,6
20550465907,5
20550469139,5
20550469724,8
20550474213,8
20550477824,7
20550480531,22
20550487200,11
20550488192,22
20550488605,21
20550492114,6
20550493277,5
20550494087,5
20550495130,25
20550496373,10
20550499712,9
20550500826,8
20550504490,6
20550504651,22
20550506352,9
20550506948,6
20550508487,10
20550510384,24
20550511941,18
20550514967,22
20550531543,7
20550538122,17
20550540968,23
20550545846,14
20550546575,13
20550546737,5
20550554918,6
20550557348,11
20550566681,8
20550570441,6
20550573891,9
20550578931,6
20550587093,19
20550601185,12
20550609836,20
20550609917,6
20550616701,5
20550633389,5
20550636728,6
20550638771,10
20550639662,17
20550656087,7
20550668417,8
20550669731,6
20550677670,5
20550678218,6
20550682321,7
20550684293,5
20550684374,15
20550686075,15
20550696381,6
20550701562,7
20550711011,5
20550714206,5
20550716675,19
20550720354,23
20550721679,23
20550724261,7
20550726123,7
20550728762,6
20550733685,7
20550734223,15
20550735033,18
20550744024,5
20550768802,21
20550769108,5
20550772664,5
20550778514,17
20550781574,7
20550782627,5
20550786371,9
20550798892,8
20550801516,5
20550803993,7
20550807123,21
20550808791,22
20550809762,5
20550812984,7
20550814413,6
20550814685,18
20550817943,5
20550820227,13
20550835097,10
20550838436,10
20550842549,7
20550842891,15
20550843863,6
20550844321,13
20550847265,7
20550848741,20
20550849551,23
20550851530,6
20550852188,7
20550856337,7
20550858208,21
20550858461,20
20550863112,5
20550869234,6
20550875048,9
20550879540,7
20550885949,19
20550887054,6
20550891086,12
20550899494,5
20550899575,19
20550913748,16
20550914809,21
20550917905,11
20550922810,5
20550924359,21
20550925240,5
20550928184,8
20550929318,21
20550931304,5
20550932297,7
20550933692,6
20550943060,6
20550948029,24
20550954932,20
20550956803,6
20550979251,5
20550981824,21
20550990220,10
20550991111,7
20550992273,5
20550992354,8
20550994136,21
20550994306,5
20551002251,6
20551006833,5
20551008968,7
20551014852,11
20551015239,22
20551020313,23
20551024068,9
20551028641,7
20551041825,14
20551049133,5
20551050140,6
20551056008,10
20551056695,5
20551058477,6
20551061265,7
20551069240,9
20551070094,12
20551076297,6
20551079041,17
20551079989,6
20551080308,22
20551081029,12
20551085105,12
20551091920,9
20551092659,14
20551093035,21
20551094198,5
20551097961,25
20551105149,5
20551106544,5
20551106897,9
20551112781,9
20551113753,9
20551133436,5
20551135056,8
20551135137,6
20551153208,6
20551156487,5
20551157611,5
20551158692,19
20551159150,19
20551165559,6
20551176836,6
20551181830,7
20551182992,21
20551188923,8
20551191045,9
20551194141,7
20551196195,16
20551198058,21
20551203078,6
20551214941,5
20551219071,8
20551227929,6
20551229620,12
20551231101,5
20551233813,21
20551250742,6
20551254659,9
20551259618,6
20551261353,16
20551261515,6
20551262082,7
20551269095,17
20551270697,8
20551270778,5
20551271588,8
20551278086,6
20551283756,11
20551288120,7
20551289797,14
20551298516,12
20551306713,5
20551312012,5
20551317910,7
20551318053,9
20551326587,22
20551329098,6
20551329845,6
20551330266,7
20551331661,24
20551342604,21
20551348041,22
20551351344,5
20551355331,7
20551362893,8
20551370993,6
20551372422,9
20551375791,21
20551377904,6
20551383114,8
20551385168,10
20551395040,19
20551395988,5
20551399380,6
20551404219,22
20551407072,12
20551411428,7
20551414362,16
20551428584,5
20551433073,9
20551436684,10
20551442064,25
20551453775,5
20551455808,6
20551456791,8
20551456952,5
20551457410,6
20551458220,6
20551460712,5
20551461956,22
20551464971,21
20551470513,5
20551473881,12
20551475582,5
20551475825,18
20551477950,10
20551480586,20
20551480667,5
20551491278,5
20551492673,6
20551494889,7
20551496156,19
20551498019,6
20551498957,9
20551503462,16
20551511481,6
20551513859,7
20551518656,9
20551526161,7
20551526594,22
20551526918,6
20551528295,5
20551529933,22
20551547168,16
20551565069,6
20551566979,10
20551570739,6
20551575536,21
20551576699,20
20551582664,12
20551583041,8
20551585507,19
20551588786,6
20551600662,6
20551606431,6
20551607322,5
20551610030,13
20551611605,9
20551613136,27
20551613217,23
20551615856,11
20551617638,14
20551622631,5
20551624766,6
20551627510,6
20551628087,6
20551634648,6
20551652972,28
20551653511,8
20551654321,20
20551655050,7
20551659128,6
20551661882,5
20551663079,6
20551668038,5
20551670105,21
20551671683,8
20551672655,18
20551673970,8
20551674194,5
20551675247,9
20551681301,9
20551689035,13
20551691447,6
20551698611,6
20551699006,5
20551701264,27
20551702236,19
20551706061,17
20551707033,5
20551709249,5
20551710689,22
20551715303,17
20551715648,9
20551717349,5
20551719716,5
20551719988,7
20551720994,5
20551731767,8
20551732658,10
20551736998,16
20551739822,5
20551741053,22
20551742297,5
20551745989,9
20551755275,12
20551759696,5
20551764266,16
20551770312,12
20551770665,5
20551771122,7
20551771556,18
20551774814,13
20551775543,6
20551778135,22
20551778640,5
20551785930,14
20551788521,7
20551790003,9
20551801137,23
20551803857,10
20551806287,7
20551811281,11
20551812252,6
20551825583,8
20551846076,19
20551846408,18
20551848010,22
20551851665,5
20551852807,27
20551855571,5
20551856381,18
20551860141,6
20551862519,9
20551864562,9
20551866930,12
20551873120,5
20551881653,6
20551885489,21
20551894984,10
20551904882,22
20551906745,8
20551906826,5
20551914098,7
20551924051,6
20551931189,5
20551933041,19
20551938353,22
20551939678,5
20551944833,12
20551947859,12
20551949801,5
20551954634,6
20551954987,5
20551958541,21
20551958893,5
20551959946,9
20551960448,7
20551967612,10
20551970087,15
20551970320,21
20551971644,16
20551985351,12
20551990860,5
20551991599,5
20551991831,5
20551992722,7
20552010133,22
20552010303,11
20552016506,5
20552019432,19
20552019947,18
20552031645,6
20552034237,6
20552037091,5
20552041012,5
20552044461,9
20552048882,5
20552055234,15
20552062010,5
20552063172,5
20552064063,5
20552075341,22
20552077807,9
20552078285,7
20552079419,5
20552080930,8
20552085737,10
20552086628,5
20552088167,8
20552098553,5
20552107137,7
20552108885,8
20552113536,22
20552120826,8
20552124813,6
20552132832,5
20552134291,14
20552136749,7
20552137800,9
20552145811,6
20552147864,5
20552149212,5
20552150148,20
20552152515,18
20552155883,9
20552159102,21
20552163801,5
20552165846,6
20552166494,5
20552169671,18
20552169914,8
20552172541,7
20552172621,11
20552173270,18
20552174918,6
20552185367,8
20552186681,6
20552196644,22
20552196725,18
20552203527,5
20552212941,5
20552213832,5
20552224877,6
20552228511,19
20552233604,6
20552233787,6
20552234759,7
20552248466,6
20552251416,6
20552252731,5
20552255241,5
20552256647,11
20552258429,20
20552265981,6
20552272171,5
20552273142,5
20552273819,23
20552275862,14
20552276915,5
20552277482,21
20552279345,5
20552282214,16
20552283377,9
20552287526,10
20552292872,20
20552294816,19
20552299371,6
20552302932,21
20552304552,6
20552304714,9
20552305010,23
20552305443,13
20552306172,6
20552320591,5
20552320833,7
20552324316,20
20552330715,19
20552337051,8
20552349815,25
20552350589,17
20552356781,5
20552359021,7
20552365268,5
20552369689,5
20552381115,7
20552382197,10
20552386851,7
20552386931,19
20552387318,6
20552388802,6
20552399081,19
20552402724,17
20552418132,6
20552419961,5
20552425694,5
20552427719,8
20552427981,22
20552430850,9
20552430931,13
20552440570,22
20552440731,5
20552443919,5
20552457898,5
20552462115,5
20552468318,6
20552470487,7
20552474393,5
20552477147,5
20552478381,7
20552485671,20
20552487291,6
20552496010,6
20552500572,10
20552504641,24
20552511001,5
20552512074,7
20552515766,5
20552516223,19
20552518196,9
20552519249,26
20552522207,23
20552531371,5
20552532938,7
20552536500,7
20552542909,5
20552543549,22
20552546050,5
20552547455,6
20552553421,10
20552555806,6
20552562098,14
20552562926,12
20552564465,5
20552572565,21
20552576129,5
20552579730,10
20552580070,5
20552590385,5
20552593481,20
20552595930,6
20552606303,8
20552611307,10
20552614667,9
20552620471,8
20552622686,8
20552624468,8
20552631839,11
20552633611,21
20552640315,22
20552643098,21
20552645546,5
20552646780,6
20552648308,6
20552651783,5
20552653051,5
20552655932,15
20552666543,5
20552669569,22
20552670818,11
20552676859,11
20552677405,21
20552677669,5
20552685688,5
20552690762,5
20552691734,9
20552692030,5
20552692625,20
20552697937,8
20552700822,6
20552701632,5
20552702795,20
20552705387,19
20552706944,8
20552711603,20
20552711867,16
20552714378,22
20552716583,11
20552716664,8
20552721668,9
20552721749,21
20552722630,20
20552727861,5
20552733089,8
20552743394,5
20552758073,7
20552759045,8
20552763239,5
20552764804,22
20552766688,14
20552782454,5
20552782888,5
20552785712,6
20552802404,9
20552802587,18
20552805845,5
20552813511,5
20552819552,5
20552821026,6
20552822006,12
20552824475,15
20552826681,7
20552835671,21
20552836481,23
20552836996,5
20552839073,18
20552840756,7
20552841213,5
20552845553,19
20552846363,20
20552849460,14
20552856598,5
20552857217,9
20552861320,10
20552867361,12
20552868502,6
20552869495,23
20552870078,11
20552874570,5
20552884613,6
20552887710,9
20552892390,10
20552892551,5
20552895496,7
20552898754,5
20552905556,7
20552906366,7
20552908067,5
20552908229,11
20552914466,5
20552917139,7
20552918453,5
20552918615,6
20552922051,6
20552925743,7
20552926553,6
20552928921,9
20552936435,6
20552939451,6
20552945264,5
20552949171,16
20552949251,5
20552950268,6
20552950772,5
20552953101,6
20552954689,6
20552955065,10
20552956461,24
20552957432,16
20552958676,7
20552959303,6
20552963165,7
20552969015,5
20552973390,8
20552982461,11
20552986025,5
20552995521,10
20552997906,6
20553008795,22
20553009414,5
20553011826,7
20553014507,5
20553014841,8
20553017433,5
20553023751,10
20553029016,21
20553031002,24
20553041148,8
20553042896,22
20553043515,15
20553048151,11
20553053073,12
20553056846,22
20553057494,8
20553059861,7
20553062579,21
20553067538,22
20553079544,7
20553080712,5
20553081280,24
20553088888,5
20553093962,11
20553096473,9
20553104247,6
20553106614,7
20553107424,7
20553111707,7
20553124949,6
20553127379,5
20553135126,5
20553141282,7
20553142254,10
20553153370,6
20553157014,15
20553157286,6
20553157529,5
20553161712,6
20553167672,26
20553170975,5
20553171602,6
20553175691,6
20553180695,17
20553180857,5
20553191115,6
20553193754,8
20553197318,6
20553202761,6
20553205191,5
20553210519,7
20553211248,6
20553211671,5
20553221715,8
20553224145,7
20553225974,23
20553228132,12
20553234531,5
20553239681,5
20553241236,10
20553243875,5
20553246203,7
20553246971,19
20553247439,5
20553252602,5
20553255709,23
20553255881,23
20553256187,21
20553259283,6
20553259950,9
20553264520,10
20553265763,6
20553266573,7
20553271658,14
20553276455,16
20553277699,18
20553278741,6
20553282773,5
20553285101,6
20553292906,23
20553299404,11
20553300429,21
20553300852,6
20553302049,9
20553307431,23
20553309990,6
20553315965,14
20553316261,5
20553318395,12
20553318557,15
20553320021,22
20553326223,6
20553326819,6
20553327971,35
20553329087,5
20553333190,18
20553336539,6
20553344477,6
20553346178,24
20553355835,10
20553360910,7
20553363773,13
20553365555,22
20553373736,5
20553376247,5
20553388172,14
20553389578,9
20553390401,7
20553395896,6
20553401021,6
20553402001,5
20553403406,5
20553404046,7
20553404631,8
20553406685,7
20553407657,21
20553410526,6
20553411921,5
20553415676,10
20553417709,11
20553426791,8
20553429111,17
20553429201,22
20553432252,9
20553433143,7
20553438293,13
20553438960,5
20553444773,7
20553445079,8
20553448507,20
20553449490,13
20553450749,19
20553453098,5
20553455201,12
20553459029,6
20553459967,6
20553463301,11
20553470341,6
20553476209,21
20553476381,20
20553488983,5
20553492158,20
20553497117,16
20553497974,7
20553501751,9
20553503028,13
20553510661,7
20553511802,14
20553513929,5
20553517754,8
20553519617,5
20553521191,6
20553525773,5
20553529337,23
20553530858,5
20553533873,21
20553534411,9
20553536627,8
20553539723,8
20553542350,20
20553543755,8
20553545961,12
20553547238,5
20553547823,7
20553548986,6
20553549362,7
20553559911,6
20553560170,5
20553560927,21
20553561141,5
20553561222,5
20553576173,8
20553584435,10
20553586993,6
20553589232,18
20553596441,21
20553605963,5
20553617201,6
20553617627,22
20553617899,23
20553618518,8
20553621659,25
20553624674,5
20553626537,5
20553634475,5
20553635871,6
20553655049,23
20553658064,7
20553668027,5
20553672997,23
20553673969,11
20553680230,6
20553693480,7
20553694451,5
20553705674,17
20553706301,8
20553707456,21
20553708185,7
20553713693,7
20553716285,5
20553722412,5
20553727481,5
20553730601,12
20553732566,6
20553732647,6
20553734429,5
20553735743,9
20553737878,20
20553748055,7
20553748641,7
20553754454,6
20553764506,7
20553764689,5
20553766622,22
20553767271,5
20553769648,9
20553771111,13
20553773327,21
20553774307,6
20553778558,9
20553783047,5
20553790175,5
20553796378,7
20553810621,22
20553811351,6
20553814619,5
20553815429,8
20553817804,10
20553818100,5
20553822476,7
20553822719,28
20553824924,7
20553825815,7
20553829560,9
20553829641,6
20553849919,21
20553850330,7
20553851654,5
20553853355,16
20553855137,24
20553859981,21
20553861536,21
20553865795,9
20553867810,8
20553870870,21
20553871175,15
20553873623,5
20553879150,6
20553879231,16
20553881308,6
20553881561,9
20553882967,11
20553891109,6
20553891796,6
20553892253,5
20553902313,9
20553907897,7
20553921377,5
20553935599,7
20553936480,7
20553937702,6
20553943770,17
20553947414,10
20553956324,32
20553957053,9
20553965072,6
20553969493,8
20553970157,6
20553971986,8
20553974900,8
20553984701,7
20553989923,7
20553996032,5
20554007415,6
20554008659,8
20554010556,5
20554014896,6
20554015604,16
20554017569,10
20554019421,5
20554026550,5
20554031715,8
20554034064,5
20554039708,21
20554040111,5
20554042598,11
20554044965,5
20554045775,7
20554057862,22
20554060812,6
20554063242,13
20554063323,9
20554068040,8
20554070451,8
20554074104,5
20554074953,6
20554078436,6
20554078789,5
20554090053,5
20554102329,5
20554115064,6
20554115226,23
20554122605,5
20554127232,7
20554128395,5
20554128476,18
20554131850,5
20554134956,15
20554135251,5
20554135332,5
20554136223,9
20554144676,9
20554146881,5
20554152261,9
20554156844,21
20554162577,23
20554165592,6
20554166998,20
20554168770,5
20554175717,7
20554177761,20
20554178902,22
20554181792,7
20554200096,11
20554200843,13
20554201220,13
20554208666,28
20554209638,7
20554211616,8
20554213074,7
20554217657,7
20554218467,18
20554219781,6
20554222499,6
20554228934,11
20554231480,7
20554232028,7
20554249184,22
20554251677,24
20554256393,10
20554261397,13
20554266194,5
20554266437,21
20554277633,5
20554282637,6
20554284681,10
20554290494,5
20554290818,22
20554299441,5
20554301445,12
20554307729,5
20554309420,5
20554313028,5
20554315586,6
20554319816,20
20554323929,8
20554329617,5
20554329706,25
20554332081,5
20554337636,8
20554345493,5
20554347356,15
20554347941,8
20554348913,6
20554356002,6
20554356771,8
20554360883,22
20554369759,7
20554374914,5
20554375139,20
20554382186,5
20554382933,13
20554385282,22
20554386254,7
20554387498,10
20554389784,9
20554390448,8
20554390529,7
20554391258,22
20554395245,7
20554396136,6
20554399585,31
20554404171,20
20554407197,8
20554422072,5
20554422234,7
20554431578,22
20554437347,11
20554453890,5
20554454276,21
20554455329,5
20554461728,5
20554470557,23
20554471871,9
20554472843,6
20554477641,6
20554477721,19
20554480943,15
20554486712,6
20554490230,5
20554501371,5
20554508899,22
20554510362,7
20554513388,21
20554516212,8
20554520678,11
20554520830,7
20554522298,5
20554522883,7
20554523693,5
20554525807,7
20554526285,7
20554545662,12
20554545743,29
20554546472,21
20554556192,27
20554557679,12
20554569090,21
20554579133,23
20554579567,18
20554584561,6
20554596496,21
20554599240,20
20554603701,6
20554613251,5
20554617329,9
20554622161,5
20554624881,21
20554625933,19
20554638911,8
20554640576,7
20554666613,6
20554668667,7
20554672346,10
20554681507,7
20554685910,5
20554689583,9
20554693181,10
20554708049,22
20554716068,7
20554728317,8
20554728821,7
20554729984,5
20554731610,17
20554738541,16
20554739513,8
20554742573,12
20554765948,6
20554768025,12
20554785469,8
20554788131,7
20554788301,6
20554788999,5
20554789022,6
20554789456,10
20554793640,6
20554795260,7
20554803891,5
20554805753,6
20554815473,8
20554816526,21
20554830359,8
20554834001,6
20554836551,14
20554845038,7
20554849611,10
20554851356,11
20554854886,7
20554855343,5
20554858873,14
20554862986,17
20554873759,5
20554885099,5
20554889248,22
20554893784,21
20554896023,6
20554902449,22
20554903925,15
20554904221,16
20554910549,16
20554910891,5
20554912321,23
20554917713,8
20554921079,7
20554924337,27
20554929215,7
20554936424,8
20554940537,5
20554944796,23
20554945920,5
20554961887,22
20554962425,6
20554967061,15
20554967656,7
20554968971,7
20554975080,21
20554980831,6
20554982027,6
20554992685,6
20554997563,23
20554998888,6
20555000376,6
20555004282,5
20555013435,8
20555015721,5
20555016451,21
20555018151,5
20555035323,9
20555039078,5
20555041137,9
20555043261,13
20555044586,5
20555046287,16
20555047925,7
20555048905,7
20555049464,5
20555056916,5
20555065583,5
20555075112,6
20555077085,8
20555084961,7
20555085771,6
20555087986,7
20555095229,12
20555098911,19
20555103698,12
20555113499,20
20555113731,20
20555116323,11
20555125748,5
20555125829,18
20555126639,7
20555129816,7
20555130741,5
20555132281,7
20555135549,5
20555136782,5
20555138998,6
20555143487,8
20555146583,12
20555152559,6
20555154331,8
20555161388,6
20555172746,8
20555180927,5
20555184086,5
20555189631,28
20555190132,20
20555191538,7
20555195363,21
20555204028,11
20555207639,5
20555208953,13
20555212390,10
20555213795,6
20555224215,6
20555230452,21
20555241811,18
20555244755,11
20555253231,8
20555257652,5
20555271566,26
20555282339,9
20555286831,10
20555289422,10
20555293969,5
20555295406,9
20555299061,21
20555315873,5
20555318627,19
20555322063,11
20555325674,5
20555330244,23
20555331640,21
20555340711,22
20555348291,6
20555348887,25
20555351918,9
20555353708,21
20555356804,5
20555357100,6
20555367598,23
20555368993,10
20555369451,10
20555370386,25
20555370971,5
20555383101,8
20555385812,9
20555387785,19
20555390140,10
20555391464,8
20555393084,6
20555394641,19
20555398124,11
20555413026,7
20555418176,5
20555427167,12
20555434619,6
20555436743,19
20555439173,5
20555440007,5
20555447605,6
20555450819,5
20555451629,11
20555456698,7
20555457155,5
20555457741,5
20555460610,5
20555464445,5
20555469757,23
20555474327,5
20555481021,7
20555481374,18
20555484802,13
20555495596,6
20555503955,13
20555507861,10
20555508086,5
20555509481,5
20555523042,10
20555527625,9
20555530090,21
20555533943,8
20555535130,21
20555542187,11
20555546760,5
20555549432,19
20555552069,7
20555553626,5
20555554606,5
20555562021,20
20555564237,8
20555589574,23
20555592443,20
20555610107,21
20555636246,18
20555651555,22
20555652012,6
20555659963,17
20555666234,21
20555670266,10
20555672552,7
20555680148,5
20555682191,7
20555684721,21
20555690534,10
20555691263,13
20555691859,20
20555693711,14
20555693983,7
20555699671,6
20555700947,20
20555704268,6
20555705311,8
20555707950,19
20555710152,5
20555710667,8
20555712791,6
20555713097,8
20555714905,5
20555723645,6
20555725346,10
20555727632,6
20555733527,10
20555737514,6
20555739304,6
20555744138,8
20555745967,5
20555750961,7
20555757469,25
20555761229,7
20555762977,7
20555764163,19
20555764244,10
20555764325,8
20555765640,8
20555767189,6
20555767421,12
20555769556,5
20555772859,18
20555774045,22
20555776412,13
20555780100,23
20555786647,6
20555820926,7
20555822465,12
20555824913,17
20555826703,6
20555830131,20
20555833581,5
20555834129,10
20555837659,34
20555840528,21
20555849827,5
20555855045,6
20555860804,10
20555861282,9
20555869003,6
20555873531,7
20555874341,11
20555876123,15
20555880406,20
20555881551,20
20555881801,27
20555884223,5
20555885548,5
20555887672,6
20555888563,8
20555901179,30
20555903546,11
20555906138,8
20555907291,8
20555907703,6
20555915986,5
20555916524,5
20555917091,9
20555921528,13
20555923229,12
20555923491,7
20555927135,7
20555929936,23
20555931914,13
20555936045,26
20555936801,6
20555941120,23
20555942100,6
20555943840,7
20555948485,7
20555949538,10
20555950200,6
20555952750,5
20555953641,6
20555954884,7
20555957042,6
20555957981,6
20555959924,11
20555962984,20
20555968168,5
20555968672,8
20555974567,7
20555977230,8
20555988941,6
20555992387,5
20555994673,5
20555999047,7
20555999128,15
20556005461,9
20556008214,5
20556009881,16
20556011606,7
20556014028,6
20556014702,23
20556018872,5
20556020001,5
20556029564,17
20556034134,5
20556034991,10
20556036005,7
20556038806,27
20556041424,7
20556041939,20
20556042587,5
20556044016,11
20556045250,20
20556046493,22
20556049166,6
20556050415,6
20556052540,5
20556060305,16
20556062260,5
20556067067,7
20556079821,9
20556084662,7
20556088498,6
20556089621,6
20556092339,7
20556093734,5
20556097055,7
20556099180,5
20556102407,5
20556104281,14
20556106496,6
20556111651,8
20556115487,6
20556117935,5
20556119636,22
20556121029,18
20556126764,7
20556127736,6
20556128384,24
20556129518,12
20556138428,22
20556146790,11
20556147761,9
20556157139,6
20556160270,5
20556164348,6
20556167959,20
20556168505,7
20556172103,5
20556172791,8
20556176788,21
20556183059,5
20556187551,7
20556191582,7
20556200328,6
20556200832,6
20556206521,8
20556208493,5
20556209970,13
20556216089,9
20556216160,8
20556219185,7
20556219266,7
20556220191,20
20556223883,6
20556230154,9
20556249769,5
20556263168,12
20556268046,7
20556271268,21
20556280844,5
20556281140,20
20556281492,6
20556295876,20
20556296171,6
20556296848,7
20556297143,8
20556302911,26
20556312126,5
20556314684,6
20556316890,8
20556319058,23
20556321541,9
20556324990,9
20556332828,6
20556333638,5
20556334871,8
20556348236,13
20556362735,22
20556374318,5
20556390437,10
20556395820,7
20556400335,9
20556403865,8
20556404594,8
20556408310,5
20556414123,6
20556418897,7
20556432881,23
20556435040,10
20556437417,5
20556438731,6
20556440639,6
20556442259,6
20556442500,9
20556449342,12
20556450600,31
20556454346,5
20556455741,24
20556457876,19
20556458252,5
20556463256,7
20556466948,5
20556468487,15
20556468991,8
20556471356,11
20556493597,5
20556497312,21
20556502928,30
20556503142,11
20556503819,19
20556507725,6
20556508454,5
20556510190,5
20556520829,6
20556521124,5
20556522287,5
20556526517,7
20556530972,5
20556546895,21
20556550493,5
20556558478,11
20556567621,5
20556570681,20
20556571571,5
20556573272,5
20556575054,12
20556578746,11
20556579122,5
20556579394,22
20556581372,23
20556588547,5
20556590011,13
20556594512,8
20556597376,11
20556601152,22
20556604500,6
20556614726,9
20556620297,21
20556621188,7
20556622745,11
20556626813,6
20556626902,25
20556642932,20
20556651508,10
20556663425,6
20556664821,5
20556665126,17
20556670391,5
20556677990,6
20556679003,6
20556682993,5
20556687529,21
20556695548,8
20556699021,6
20556700487,11
20556702935,18
20556703231,9
20556718696,19
20556722707,19
20556736082,20
20556738964,24
20556739693,10
20556755036,5
20556756512,6
20556758051,8
20556758990,23
20556763641,5
20556763721,7
20556766151,10
20556766232,8
20556771074,6
20556787744,8
20556789101,7
20556792403,16
20556798193,5
20556799327,9
20556800279,5
20556804932,26
20556806986,21
20556808768,18
20556818054,10
20556824291,6
20556825425,5
20556828874,5
20556829501,7
20556831158,7
20556844136,8
20556849952,5
20556850454,12
20556859591,11
20556867853,5
20556868400,18
20556868582,7
20556874981,6
20556875287,9
20556877573,8
20556880019,6
20556882062,6
20556889237,9
20556898732,20
20556906263,7
20556909441,5
20556912158,13
20556919322,17
20556926531,5
20556928313,9
20556936928,5
20556939781,9
20556949400,11
20556952532,21
20556956287,8
20556959031,6
20556964620,25
20556965511,5
20556971677,5
20556980234,5
20556987671,6
20557010832,5
20557020803,19
20557023144,5
20557028294,7
20557036807,5
20557037285,7
20557041126,22
20557044494,6
20557047248,7
20557048562,13
20557052918,9
20557054023,19
20557054619,8
20557068245,21
20557075969,9
20557077741,18
20557079441,24
20557081420,5
20557083392,7
20557085760,5
20557087461,14
20557088602,10
20557088866,13
20557090259,9
20557098403,5
20557100661,9
20557101803,19
20557108646,16
20557110977,6
20557111353,6
20557112759,22
20557115421,22
20557117475,8
20557121821,7
20557124331,21
20557124846,8
20557126113,6
20557128248,5
20557136691,7
20557138049,8
20557144448,5
20557146068,5
20557147200,5
20557150171,9
20557154915,6
20557169785,19
20557175165,5
20557183770,8
20557188062,9
20557192256,21
20557198459,8
20557200968,5
20557209752,6
20557212541,7
20557213270,5
20557219987,30
20557230522,21
20557232223,10
20557232495,18
20557239821,9
20557240838,11
20557243934,7
20557246879,13
20557253735,22
20557256084,6
20557257307,5
20557264184,7
20557268848,7
20557269577,15
20557274902,5
20557280970,9
20557284533,16
20557285424,22
20557287559,5
20557290185,9
20557290932,8
20557292803,6
20557294849,7
20557296973,23
20557298836,18
20557300245,5
20557306286,5
20557311522,11
20557314386,5
20557327950,6
20557328921,9
20557331043,8
20557331981,16
20557337165,5
20557341944,5
20557342754,7
20557343050,7
20557345931,27
20557346075,5
20557353870,5
20557355147,9
20557361384,23
20557365967,8
20557367072,5
20557367404,12
20557371771,7
20557378783,6
20557387421,6
20557390210,6
20557392859,6
20557395874,23
20557396765,7
20557400894,7
20557410008,21
20557418751,7
20557418831,22
20557420062,20
20557425617,10
20557425889,5
20557433393,5
20557436490,15
20557438514,6
20557443607,8
20557443941,5
20557445308,17
20557448749,19
20557451375,6
20557454471,7
20557465911,6
20557476874,5
20557479890,9
20557480987,9
20557482416,18
20557482840,6
20557487051,5
20557489691,5
20557490192,6
20557493299,22
20557509802,21
20557521098,5
20557521764,14
20557523384,5
20557524607,6
20557530160,24
20557537172,15
20557539035,11
20557540718,6
20557543571,19
20557544462,10
20557547640,5
20557553615,21
20557561553,5
20557563840,7
20557567675,6
20557571354,5
20557574531,23
20557583441,9
20557583956,5
20557592271,6
20557592866,5
20557598392,5
20557599364,7
20557604031,8
20557606328,10
20557608452,6
20557612646,5
20557618849,5
20557618920,9
20557633724,7
20557635930,9
20557636405,5
20557639927,20
20557644416,12
20557654721,18
20557658042,5
20557659871,9
20557664875,9
20557668781,5
20557670255,21
20557679392,6
20557682261,7
20557685015,5
20557687905,6
20557691686,22
20557694430,20
20557696645,6
20557698770,16
20557715372,13
20557720295,9
20557727389,6
20557730096,6
20557733435,15
20557733869,7
20557737937,5
20557738828,22
20557739808,6
20557740482,5
20557743589,7
20557745522,7
20557748203,10
20557755161,11
20557763008,18
20557769626,19
20557769898,5
20557777301,22
20557777645,9
20557779001,6
20557779770,5
20557788841,7
20557801961,13
20557811924,20
20557812491,5
20557812904,5
20557814273,7
20557825127,8
20557825631,9
20557828495,11
20557828819,5
20557839004,6
20557856863,9
20557861867,7
20557866150,7
20557871315,5
20557873792,10
20557885294,6
20557890531,6
20557890611,5
20557897039,5
20557910663,9
20557911121,21
20557913760,8
20557915541,10
20557919962,21
20557920464,8
20557921355,26
20557932128,5
20557932985,5
20557934503,5
20557935496,5
20557942271,10
20557942786,10
20557942867,23
20557943677,20
20557948474,20
20557950703,7
20557954016,7
20557958861,6
20557961659,23
20557971379,21
20557976095,6
20557980106,13
20557983971,8
20557987020,23
20557994239,10
20558000571,7
20558001209,15
20558010291,10
20558010372,7
20558012740,6
20558015684,11
20558017032,13
20558017385,15
20558021579,11
20558025728,13
20558033313,8
20558035871,5
20558036258,24
20558043891,12
20558044781,9
20558053691,23
20558054230,5
20558067480,16
20558067561,19
20558069261,5
20558073293,8
20558075156,6
20558076128,13
20558078091,6
20558085895,6
20558095424,5
20558099845,14
20558100282,9
20558100444,15
20558105756,15
20558109077,12
20558113856,5
20558115476,5
20558127300,12
20558134772,8
20558140071,6
20558142791,14
20558144816,15
20558145545,10
20558149290,22
20558150972,8
20558155346,22
20558157551,25
20558158795,7
20558175452,6
20558175703,21
20558181347,7
20558181932,8
20558183986,15
20558191067,11
20558197855,10
20558203332,14
20558204819,11
20558210894,18
20558212757,14
20558216825,16
20558218879,12
20558226979,12
20558227517,14
20558228831,9
20558231891,10
20558237661,6
20558239019,15
20558242664,7
20558243717,23
20558251817,12
20558253194,9
20558256703,7
20558259125,6
20558263408,9
20558269198,9
20558269511,16
20558271257,9
20558284073,8
20558285550,23
20558286521,14
20558287765,6
20558301938,10
20558302829,7
20558309912,12
20558334607,16
20558335913,12
20558336642,5
20558337452,23
20558346362,6
20558350475,13
20558351790,25
20558352761,18
20558358531,5
20558359855,12
20558372011,7
20558374579,5
20558375389,8
20558376351,7
20558381788,5
20558385007,6
20558391406,13
20558561506,6
20558562651,15
20558565676,5
20558566567,19
20558570165,10
20558571307,19
20558571561,16
20558575558,15
20558577500,13
20558578221,23
20558588889,7
20558592215,23
20558592487,21
20558593963,14
20558599813,11
20558603861,17
20558606968,20
20558610051,21
20558614120,19
20558618541,8
20558618621,7
20558619946,13
20558622068,17
20558624605,21
20558628180,12
20558634589,11
20558636441,8
20558639386,5
20558642417,16
20558642506,12
20558642689,10
20558643570,13
20558643812,5
20558645866,19
20558647991,6
20558648962,13
20558650436,6
20558658925,8
20558659735,18
20558660237,5
20558660407,14
20558668998,13
20558669617,19
20558674700,5
20558681404,5
20558681820,8
20558684764,12
20558684926,12
20558685655,11
20558691035,7
20558692783,18
20558693089,11
20558698129,7
20558707055,17
20558707560,6
20558710439,5
20558712482,12
20558712644,7
20558717441,11
20558721554,18
20558730031,7
20558732084,6
20558733218,5
20558871874,6
20559068404,15
20559069800,5
20559072002,9
20559075524,6
20559080366,5
20559086135,16
20559087026,11
20559087450,15
20559091562,5
20559091643,23
20559091724,11
20559097501,9
20559098222,7
20559099385,7
20559102271,18
20559109101,16
20559110451,20
20559117626,15
20559123782,15
20559125483,10
20559131882,5
20559134041,14
20559139191,11
20559142221,5
20559152022,21
20559152456,9
20559154157,19
20559157920,15
20559158063,8
20559158811,5
20559159469,19
20559169855,15
20559170608,9
20559170942,14
20559171167,5
20559187756,7
20559189376,16
20559193136,9
20559195007,5
20559198791,5
20559211991,5
20559213854,21
20559219119,7
20559222764,15
20559225437,18
20559228614,6
20559230431,7
20559236129,5
20559246272,16
20559248721,7
20559259684,16
20559267512,10
20559272192,11
20559281001,12
20559285171,7
20559285251,7
20559285685,16
20559287629,12
20559288510,32
20559291499,10
20559291901,7
20559292037,11
20559294757,15
20559298582,5
20559310035,15
20559312241,15
20559314294,12
20559314537,22
20559318958,6
20559321584,7
20559331547,18
20559335615,7
20559336344,7
20559503852,11
20559509893,7
20559513220,8
20559517055,9
20559518451,11
20559518701,9
20559522130,6
20559522725,8
20559523888,5
20559527522,8
20559528685,8
20559533417,9
20559543722,8
20559547477,18
20559558835,10
20559563243,6
20559566854,7
20559568121,5
20559575331,6
20559577201,6
20559585727,7
20559587185,14
20559590569,5
20559593401,5
20559596257,6
20559601439,10
20559602753,5
20559605850,11
20559606741,5
20559614689,5
20559615065,6
20559615901,6
20559617190,11
20559622193,12
20559623327,5
20559624218,6
20559628639,7
20559635503,5
20559640175,5
20559644243,14
20559644910,10
20559646378,9
20559646700,6
20559647854,6
20559654711,7
20559655016,8
20559657817,13
20559659437,10
20559659861,9
20559660796,12
20559662225,6
20559664431,13
20559668851,6
20559669238,10
20559670759,10
20559671640,9
20559673936,6
20559678229,5
20559678814,16
20559683575,5
20559686833,9
20559688887,8
20559698416,8
20559702898,9
20559707008,12
20559707342,16
20559708667,8
20559711293,5
20559711706,6
20559711960,13
20559715019,5
20559720101,9
20559722813,6
20559729231,9
20559730166,14
20559737926,7
20559738493,5
20559742415,13
20559743225,8
20559744388,9
20559752488,7
20559757447,17
20559761801,7
20559762106,6
20559762955,5
20559765032,13
20559775003,11
20559783529,5
20559787516,13
20559791203,8
20559794059,9
20559794563,6
20559799956,8
20559801446,17
20559807134,5
20559807720,6
20559808378,7
20559810356,6
20559815668,10
20559819141,10
20559820076,9
20559820742,8
20559823415,6
20559824225,5
20559824578,12
20559825892,7
20559826198,11
20559829880,5
20559829961,6
20559831353,6
20559832678,5
20559835189,18
20559835693,9
20559836584,10
20559837122,9
20559842801,5
20559844099,7
20559845222,10
20559851893,7
20559854132,8
20559854990,5
20559856691,8
20559859011,5
20559860965,10
20559867897,5
20559873277,5
20559876373,11
20559876616,8
20559878821,5
20559881539,8
20559882349,9
20559882420,11
20559882853,7
20559891330,5
20559896480,7
20559896641,11
20559900002,9
20559903524,7
20559906116,11
20559912191,16
20559919790,6
20559920704,10
20559928861,6
20559934241,7
20559938077,9
20559940306,6
20559943313,15
20559944395,13
20559952819,9
20559956725,6
20559958183,9
20559960595,10
20559960919,10
20559961214,5
20559962024,5
20559962962,6
20559966101,7
20559967921,10
20559970558,8
20559977056,10
20559977307,9
20559987442,5
20559988414,7
20559989496,5
20559990401,7
20559991474,13
20559991806,5
20559992446,9
20559994066,12
20559995623,15
20559996514,11
20559998649,15
20560001861,23
20560004291,7
20560005858,11
20560007559,12
20560008016,8
20560015578,8
20560017601,12
20560019646,12
20560020903,6
20560022949,5
20560026006,5
20560026189,8
20560028122,10
20560029285,5
20560032235,7
20560032405,9
20560033801,9
20560034289,14
20560036061,6
20560037628,10
20560038195,11
20560039671,11
20560043270,16
20560046376,12
20560047267,7
20560047348,8
20560049553,5
20560050136,7
20560051370,12
20560053828,11
20560070081,9
20560075554,8
20560077506,12
20560082259,8
20560082411,6
20560083140,6
20560096713,12
20560109807,5
20560109980,7
20560111372,18
20560113235,11
20560121092,7
20560125594,5
20560127023,12
20560131721,6
20560131993,6
20560133007,12
20560133422,6
20560133775,6
20560137177,7
20560137258,5
20560140470,7
20560145358,10
20560147059,7
20560147644,6
20560149426,9
20560151323,6
20560156554,10
20560157950,6
20560159812,5
20560168994,7
20560170549,8
20560171197,14
20560173301,6
20560173645,7
20560178957,6
20560179503,8
20560184922,6
20560189568,13
20560190906,6
20560195452,6
20560198397,12
20560201011,12
20560202092,10
20560202769,5
20560203650,11
20561108014,5
20561110183,8
20561111741,21
20561115819,9
20561128473,5
20561128635,15
20561130966,9
20561131938,12
20561133809,8
20561140252,5
20561141496,9
20561144169,6
20561146617,9
20561152005,6
20561154474,15
20561160369,14
20561161098,8
20561162574,9
20561166723,11
20561168939,9
20561174076,10
20561174319,6
20561174742,5
20561176010,7
20561179973,15
20561183148,7
20561185434,17
20561188298,13
20561193291,8
20561194697,14
20561196631,6
20561197874,16
20561201651,18
20561203271,6
20561204676,7
20561207268,6
20561207772,6
20561208400,15
20561209121,7
20561215104,5
20561217654,5
20561223387,12
20561224278,9
20561225835,9
20561234150,7
20561239542,16
20561254428,7
20561257010,9
20561259659,13
20561263761,9
20561269611,5
20561274453,11
20561278874,6
20561278955,5
20561279099,7
20561279251,5
20561288322,5
20561289566,12
20561293679,12
20561307211,16
20561307301,6
20561308706,7
20561313882,6
20561314854,5
20561317101,7
20561319651,6
20561335932,14
20561337714,5
20561340341,5
20561353329,5
20561358631,6
20561359441,9
20561361429,13
20561368784,5
20561369322,13
20561370096,11
20561373516,6
20561380644,13
20561381969,6
20561383155,9
20561384712,5
20561384801,14
20561391689,7
20561398691,6
20561399825,6
20561403792,9
20561409561,11
20561416851,6
20562603744,25
20562606689,6
20562608037,10
20562611763,9
20562614193,6
20562615831,17
20562625128,7
20562632418,5
20562642219,7
20562649141,8
20562649221,7
20562649574,5
20562650408,5
20562650823,6
20562653768,5
20562666231,22
20562668871,20
20562669681,5
20562674501,8
20562679058,10
20562694448,6
20562707108,22
20562708171,20
20562710150,8
20562712799,22
20562719459,7
20562719700,16
20562724886,24
20562727711,25
20562734091,6
20562735811,6
20562740814,25
20562743911,7
20562760921,6
20562764756,10
20562780280,8
20562783203,20
20562810880,9
20562812661,5
20562813391,5
20562815253,13
20562827936,22
20562829041,31
20562830996,6
20562837222,6
20562837737,5
20562838971,6
20562841254,5
20562841840,7
20562841921,6
20562844199,21
20562848267,7
20562850750,8
20562851055,6
20562855476,16
20562856952,5
20562860984,6
20562869779,7
20562877101,17
20562878174,9
20562896237,8
20562897713,7
20562901338,21
20562902491,5
20562903462,20
20562903896,20
20562904604,20
20562905244,9
20562910591,5
20562912534,8
20562916360,17
20562919202,6
20562922769,6
20562925946,10
20562930788,5
20562945203,13
20562948563,11
20562949535,23
20562951190,8
20562952757,9
20562955853,11
20562956311,8
20562962558,5
20562970496,20
20562974998,7
20562975374,25
20562978471,23
20562993780,19
20562994832,14
20562997939,7
20562999711,10
20563007240,8
20563012839,16
20563013487,7
20563017806,22
20563018799,7
20563022125,8
20563023016,7
20563027607,21
20563032198,6
20563033160,7
20563034212,6
20563044102,7
20563045923,7
20563050099,13
20563050331,6
20563050765,22
20563066688,8
20563069946,6
20563070791,7
20563071681,7
20563077299,9
20563079585,15
20563081725,6
20563083183,10
20563083850,6
20563090805,6
20563105411,11
20563105845,5
20563107112,5
20563116537,8
20563117185,6
20563120135,25
20563124122,7
20563130955,24
20563136562,6
20563138425,8
20563150808,9
20563163021,10
20563168251,7
20563191407,9
20563194686,5
20563196387,24
20563196549,10
20563207095,25
20563207923,15
20563208229,6
20563209209,16
20563210983,11
20563214547,7
20563217139,19
20563234734,10
20563236192,13
20563236940,5
20563243059,5
20563248794,20
20563249766,21
20563249847,7
20563260069,11
20563267829,5
20563277387,20
20563278600,22
20563280256,15
20563282381,10
20563296250,22
20563296926,17
20563297655,23
20563309416,15
20563311402,12
20563311747,10
20563313791,9
20563314924,31
20563315068,7
20563317869,22
20563321467,6
20563332230,5
20563334445,5
20563342545,10
20563351960,20
20563371995,6
20563373181,7
20563374234,11
20563374404,10
20563378060,8
20563381958,23
20563387051,7
20563391325,7
20563391911,6
20563394006,7
20563405563,26
20563407426,19
20563414392,11
20563415879,5
20563417146,5
20563425670,8
20563426994,8
20563429403,5
20563436361,6
20563436957,6
20563438496,20
20563445352,13
20563451247,6
20563461552,8
20563466511,5
20563468646,22
20563472244,23
20563473216,5
20563473488,6
20563475693,5
20563476746,6
20563480697,8
20563483955,22
20563484684,5
20563491974,15
20563495457,6
20563496267,7
20563505436,5
20563506165,19
20563514427,9
20563526433,5
20563526786,23
20563529378,26
20563532751,5
20563534029,6
20563537711,5
20563538954,10
20563541408,5
20563549212,21
20563563479,20
20563567113,5
20563568608,15
20563579049,19
20563579553,18
20563589605,9
20563590956,11
20563594277,6
20563597292,14
20563603870,20
20563606461,9
20563608243,5
20563611546,5
20563613832,7
20563614723,22
20563615371,5
20563618559,14
20563620618,5
20563623714,22
20563628350,5
20563641887,7
20563647656,17
20563651769,5
20563656566,11
20563657538,5
20563660598,10
20563663775,13
20563672090,5
20563688174,7
20563689499,6
20563693763,8
20563694654,7
20563699028,5
20563701537,8
20563703319,6
20563709601,31
20563715911,11
20563716216,17
20563717611,5
20563718693,9
20563720591,22
20563724740,7
20563728818,20
20563729202,13
20563732416,15
20563737051,5
20563737132,21
20563739771,12
20563741679,15
20563747529,5
20563748339,8
20563748924,5
20563751046,22
20563758482,5
20563759373,24
20563763214,8
20563764539,21
20563764709,7
20563777789,18
20563788713,27
20563790025,10
20563792745,10
20563794101,22
20563800519,5
20563800608,5
20563801833,5
20563802643,9
20563806045,10
20563810743,8
20563811715,5
20563813173,7
20563817161,5
20563817675,8
20563824299,5
20563832712,8
20563839482,10
20563850451,7
20563860848,7
20563863944,8
20563873826,6
20563876094,10
20563883899,8
20563887371,5
20563887533,5
20563892537,13
20563893932,13
20563896877,11
20563900572,6
20563901463,6
20563908476,9
20563909952,6
20563916223,7
20563930561,8
20563938383,8
20563940281,9
20563942658,5
20563947889,8
20563951215,8
20563954664,10
20563956284,6
20563959542,5
20563963060,6
20563965437,8
20563970350,13
20563973537,11
20563975076,8
20563978687,5
20563983176,16
20563986515,5
20563988640,5
20563994704,5
20563999170,7
20564001334,6
20564004864,7
20564013341,6
20564016285,5
20564025357,5
20564026086,5
20564038688,5
20564048217,10
20564055001,10
20564058522,6
20564087972,8
20564091490,11
20564091813,12
20564093867,7
20564095215,21
20564099989,6
20564101801,5
20564104656,7
20564106861,5
20564108210,6
20564111270,15
20564113990,10
20564115267,12
20564115852,11
20564123014,5
20564126897,7
20564133591,6
20564135373,19
20564161374,20
20564172066,12
20564178340,9
20564179745,6
20564184404,7
20564193659,10
20564198375,6
20564199851,12
20564205843,6
20564213277,5
20564217264,10
20564220214,5
20564232221,9
20564234274,5
20564234355,6
20564237290,5
20564238008,14
20564241131,5
20564253066,5
20564253902,7
20564255514,16
20564256839,15
20564274730,10
20564283216,6
20564288528,11
20564289419,12
20564291669,13
20564292550,5
20564298591,5
20564301052,8
20564303004,5
20564305473,5
20564306950,6
20564307174,5
20564307841,12
20564308065,5
20564312763,6
20564314464,6
20564325741,9
20564326713,9
20564332365,12
20564338053,5
20564341518,5
20564342590,14
20564347982,7
20564352471,13
20564354920,11
20564356035,12
20564356205,10
20564357783,10
20564364305,17
20564368637,5
20564376737,13
20564380416,6
20564381579,8
20564394476,7
20564394638,11
20564394808,7
20564398111,5
20564402321,7
20564403131,7
20564404293,9
20564408281,10
20564410421,10
20564410773,13
20564411401,5
20564412989,5
20564418243,17
20564421970,7
20564424308,9
20564426939,6
20564428478,13
20564429369,8
20564442209,8
20564445640,7
20564447693,6
20564448070,6
20564448312,10
20564448665,5
20564449980,14
20564450724,13
20564465675,8
20564477843,11
20564495230,9
20564502201,8
20564502546,28
20564502627,6
20564504671,7
20564509711,5
20564510301,11
20564513076,6
20564515443,9
20564518035,5
20564519431,5
20564521508,10
20564526135,9
20564526721,15
20564533778,18
20565207165,16
20565210620,5
20565214960,10
20565215346,7
20565216407,5
20565217632,8
20565219414,6
20565228243,5
20565234561,19
20565238630,6
20565241347,16
20565246144,6
20565249593,5
20565253353,19
20565253787,21
20565258665,5
20565272901,8
20565275322,5
20565275756,7
20565282370,22
20565287509,8
20565303636,11
20565307119,18
20565309324,5
20565316029,5
20565321707,22
20565327497,8
20565328973,6
20565331508,8
20565332571,8
20565333209,14
20565339584,7
20565340671,11
20565341210,5
20565342615,5
20565343697,17
20565347099,21
20565348061,8
20565354389,6
20565361083,5
20565361598,5
20565365828,23
20565366719,5
20565368339,6
20565369220,6
20565379888,7
20565383729,7
20565384296,21
20565385004,11
20565389760,5
20565394763,5
20565399561,5
20565407920,5
20565412257,5
20565413903,9
20565425316,5
20565425821,6
20565426550,7
20565429907,24
20565430824,23
20565431634,22
20565433416,5
20565442083,5
20565443993,11
20565444701,9
20565445180,5
20565446402,5
20565447123,6
20565448286,5
20565455576,5
20565456971,15
20565462432,6
20565466420,7
20565469526,8
20565477464,20
20565479246,21
20565496761,5
20565497902,6
20565500547,5
20565510003,7
20565511077,7
20565514254,10
20565515650,19
20565520734,13
20565525531,24
20565531779,7
20565535766,6
20565538510,9
20565557735,23
20565564782,16
20565572963,6
20565576284,21
20565577922,8
20565582098,6
20565586247,20
20565592646,14
20565593537,22
20565608828,6
20565609557,20
20565613236,6
20565613660,5
20565615280,7
20565619862,5
20565625242,6
20565630751,8
20565638905,5
20565640128,5
20565641281,19
20565643143,6
20565643496,31
20565646754,9
20565651910,5
20565653378,5
20565659228,7
20565661397,13
20565662288,5
20565665465,5
20565668308,7
20565668561,22
20565677986,22
20565683013,22
20565684923,5
20565688911,7
20565692276,5
20565694210,5
20565699955,6
20565700988,7
20565703570,6
20565707052,5
20565711327,19
20565711670,17
20565716396,7
20565717104,21
20565727754,5
20565728645,5
20565730976,9
20565734025,5
20565738101,5
20565739175,5
20565744179,5
20565744250,20
20565747356,13
20565750730,21
20565751892,5
20565761006,6
20565775210,17
20565783409,6
20565791258,8
20565795326,6
20565808592,7
20565809564,15
20565822072,10
20565831144,5
20565831900,6
20565836961,23
20565850441,11
20565852818,5
20565853971,7
20565855329,6
20565856309,12
20565861051,6
20565869389,10
20565878531,16
20565882725,21
20565894651,22
20565895037,8
20565895118,11
20565896432,10
20565898133,6
20565904711,7
20565907574,9
20565907736,5
20565910524,21
20565910796,16
20565911768,8
20565921135,14
20565935861,5
20565938615,13
20565944691,9
20565951638,20
20565955463,10
20565956354,7
20565957164,6
20565960548,10
20565963725,18
20565964292,5
20565964705,5
20565971825,5
20565972988,6
20565975812,13
20565976461,5
20565984056,20
20565991001,6
20565993390,19
20565999169,8
20566010829,9
20566013844,23
20566015111,21
20566021430,10
20566030188,24
20566031583,12
20566036895,8
20566041384,6
20566053471,5
20566058601,10
20566065721,16
20566067774,10
20566067855,8
20566078032,21
20566078890,7
20566079357,6
20566083117,5
20566102278,7
20566108632,9
20566112079,18
20566115761,9
20566117119,13
20566119324,16
20566122384,8
20566127181,24
20566127343,22
20566128315,5
20566138469,20
20566142067,10
20566142903,18
20566144434,29
20566144949,11
20566147611,6
20566148006,20
20566148936,5
20566149401,6
20566150914,12
20566156360,6
20566158061,7
20566163811,6
20566177791,15
20566181046,21
20566188211,5
20566188725,5
20566193133,14
20566205085,6
20566212961,6
20566213932,7
20566215048,9
20566216109,5
20566216281,5
20566226830,12
20566228883,6
20566229774,7
20566229855,6
20566232724,9
20566239061,7
20566241472,9
20566248213,5
20566253217,6
20566254531,5
20566267277,5
20566268834,5
20566272271,7
20566272785,6
20566273919,10
20566274214,21
20566276420,6
20566280028,7
20566280290,14
20566288941,13
20566289912,23
20566301556,6
20566307678,16
20566310466,7
20566316669,6
20566317126,7
20566318441,5
20566321662,5
20566323797,8
20566327865,10
20566331897,9
20566337747,7
20566343631,21
20566349249,5
20566353432,8
20566358400,23
20566376301,9
20566383854,5
20566384826,22
20566397561,7
20566399262,9
20566411068,5
20566412625,5
20566420059,6
20566420130,8
20566420211,13
20566423317,5
20566428386,6
20566433461,15
20566440084,10
20566444586,11
20566466121,5
20566472440,9
20566485771,15
20566485851,19
20566494761,21
20566497787,23
20566501725,7
20566514622,20
20566528500,12
20566538050,9
20566540461,6
20566542758,15
20566543649,6
20566548101,25
20566551072,9
20566558166,6
20566558247,23
20566558590,22
20566580251,5
20566583861,21
20566587182,17
20566594391,5
20566598389,8
20566603994,5
20566604290,12
20566604613,20
20566608520,13
20567103961,8
20567105238,5
20567111718,8
20567112102,5
20567113842,5
20567113923,13
20567120547,5
20567123058,7
20567128441,6
20567128874,6
20567129331,10
20567136206,15
20567140068,6
20567140220,6
20567140653,6
20567142435,19
20567166377,5
20567167691,10
20567168159,7
20567175791,14
20567181091,6
20567181333,8
20567182577,7
20567190162,7
20567190243,17
20567203167,14
20567203329,5
20567206182,8
20567209106,6
20567213120,7
20567215092,18
20567219161,5
20567219594,17
20567220258,16
20567221491,12
20567221653,8
20567223605,7
20567230300,8
20567245323,8
20567249825,5
20567251641,11
20567253857,11
20567254829,16
20567255809,14
20567258905,5
20567261281,26
20567261957,10
20567264115,5
20567265359,9
20567268293,6
20567271596,17
20567271758,16
20567271839,15
20567274269,5
20567279732,11
20567279813,19
20567281711,5
20567282105,5
20567287247,7
20567292089,19
20567293301,7
20568006977,11
20568010907,9
20568015372,5
20568020619,6
20568021852,5
20568026731,7
20568028199,10
20568031734,6
20568033354,14
20568038071,11
20568043074,5
20568045361,8
20568048114,7
20568051841,8
20568063008,10
20568065558,6
20568072414,5
20568073658,13
20568075278,16
20568086041,17
20568093250,8
20568098219,6
20568107901,8
20568119232,9
20568123426,10
20568124589,9
20568135271,8
20568141751,15
20568147104,6
20568150407,7
20568154658,5
20568156944,8
20568161786,7
20568161948,11
20568162596,7
20568163487,7
20568169094,11
20568169175,8
20568170777,5
20568181388,8
20568185880,7
20568187581,18
20568193394,7
20568193718,6
20568195419,7
20568198272,5
20568203373,6
20568203888,6
20568210230,10
20568216785,7
20568224885,8
20568230265,12
20568232985,13
20568236115,5
20568239301,7
20568253800,5
20568269986,13
20568271450,8
20568275013,23
20568279353,5
20568282818,12
20568283385,14
20568284276,7
20568286562,16
20568289154,14
20568299206,5
20568304056,25
20568304480,7
20568304722,11
20568305532,18
20568306695,17
20568313471,5
20568314876,7
20568320922,5
20568321490,7
20568321902,24
20568333820,13
20568338627,11
20568338899,7
20568349408,7
20568355041,7
20568357176,7
20568362099,7
20568363575,5
20568367309,9
20568381638,7
20568384220,5
20568394888,26
20568398794,7
20568399090,19
20568404352,7
20568409150,6
20568414820,14
20568416792,8
20568428294,13
20568437285,5
20568438508,14
20568441983,8
20568444575,10
20568444737,16
20568451512,5
20568451946,15
20568460937,8
20568470223,7
20568471971,7
20568475292,6
20568476931,6
20568477236,6
20568480296,9
20568485921,5
20568489838,9
20568490411,7
20568498071,10
20568499043,6
20568500823,13
20568502109,9
20568502443,15
20568503253,5
20568511515,11
20568511604,6
20568511868,7
20568512082,7
20568513216,25
20568516827,11
20568521588,5
20568521740,6
20568537409,8
20568551061,5
20568552467,9
20568558236,6
20568563582,6
20568566921,5
20568567146,7
20568568118,6
20568572069,11
20568574941,6
20568577702,10
20568582293,13
20568587767,10
20568592175,8
20568595948,7
20568600453,10
20568601425,6
20568605251,5
20568607466,6
20568614161,6
20568617267,13
20568624719,6
20568624981,10
20568631766,12
20568634862,13
20568635834,10
20568635915,5
20568636997,15
20568642610,8
20568646364,11
20568647417,7
20568655355,5
20568657722,6
20568660278,9
20568662211,5
20568673761,10
20568684533,12
20568684614,5
20568706103,7
20568706286,5
20568722214,18
20568724772,6
20568729146,10
20568731558,5
20568732368,10
20568734221,6
20568743726,10
20568748442,9
20568756038,6
20568757603,6
20568758596,9
20568763328,5
20568772076,9
20568777621,8
20568780923,13
20568781229,5
20568787774,10
20568791291,15
20568795521,11
20568796684,10
20568798113,10
20568800380,13
20568802081,7
20568810342,6
20568812809,10
20568814682,6
20568819056,7
20568820909,6
20568827822,6
20568830378,23
20568836571,7
20568842970,6
20568846886,5
20568848668,10
20568854552,5
20568859279,12
20568868693,5
20568871562,7
20568874154,5
20568877099,13
20568878656,6
20568884206,6
20568890940,6
20568902891,7
20568904321,5
20568907770,6
20568909128,6
20568912692,8
20568913079,8
20568921179,12
20568921250,6
20568921845,6
20568922574,6
20568925166,7
20568932880,12
20568934157,9
20568938144,6
20568939973,5
20568949693,11
20568956045,5
20568958846,10
20568962959,5
20568963173,13
20568968647,6
20568971273,8
20568973136,5
20568973489,6
20568979762,5
20568984502,9
20568985576,8
20568987943,6
20569004978,14
20569006831,10
20569019738,8
20569024227,21
20569029610,6
20569034028,8
20569040699,6
20569049645,8
20569058121,19
20569062404,6
20569064440,6
20569075051,8
20569078319,5
20569079714,13
20569091251,10
20569098182,14
20569102392,7
20569103950,5
20569114218,5
20569121427,12
20569122237,7
20569122741,8
20569125333,9
20569126658,10
20569128600,10
20569132381,19
20569144800,8
20569146926,26
20569148627,13
20569148899,5
20569150362,15
20569153469,9
20569165041,8
20569166951,8
20569167681,18
20569169110,5
20569172170,9
20569173907,5
20569176248,6
20569179182,5
20569180865,5
20569181756,8
20569187959,8
20569192367,12
20569192448,5
20569193177,10
20569196435,6
20569196516,5
20569201960,5
20569206929,11
20569210101,11
20569214514,9
20569215677,8
20569216304,8
20569218188,6
20569221642,8
20569225044,5
20569226288,5
20569231877,13
20569238618,9
20569238707,5
20569241597,5
20569246637,9
20569249903,6
20569250588,5
20569250669,10
20569254222,16
20569268444,5
20569270422,11
20569280576,10
20569280819,5
20569282358,14
20569283249,10
20569283753,10
20569284211,7
20569284997,16
20569285969,7
20569290709,10
20569292078,6
20569292582,12
20569292663,6
20569292825,7
20569293988,10
20569295336,5
20569297380,6
20569297894,6
20569300194,6
20569300275,12
20569303614,6
20569307792,6
20569309817,10
20569314144,15
20569315035,8
20569318727,5
20569319618,7
20569320462,6
20569320896,6
20569324611,6
20569324701,6
20569330859,5
20569330930,14
20569331073,8
20569331235,7
20569333106,15
20569339309,11
20569341621,11
20569345961,9
20570507649,12
20570512481,19
20570513371,8
20570516559,12
20570522010,11
20570527593,17
20570527755,9
20570528051,10
20570532911,10
20570533054,12
20570538013,10
20570553322,5
20570554132,5
20570558120,7
20570564952,8
20570566734,9
20570574320,10
20570576535,18
20570577779,9
20570579046,5
20570580729,6
20570584121,9
20570584635,8
20570586417,11
20570594860,12
20570595165,10
20570601581,6
20570613082,5
20570615026,5
20570615701,11
20570616693,12
20570616936,10
20570621425,9
20570633946,9
20570639553,5
20570643828,5
20570644981,14
20570656563,11
20570661303,6
20570663349,13
20570665392,16
20570668731,7
20570668812,16
20570671791,5
20570672844,6
20570675355,14
20570675941,9
20570682726,10
20570685741,9
20570686985,7
20570687361,16
20570692284,9
20570695976,5
20570698304,9
20570698487,9
20570698991,13
20570702344,8
20570703669,11
20570706170,6
20570706331,7
20570706927,7
20570708628,12
20570709357,9
20570709861,5
20570714351,6
20570715756,5
20570728815,5
20570730712,10
20570737300,10
20570739698,7
20570742303,16
20570746716,10
20570754905,11
20570760387,7
20570768361,5
20570768795,9
20570768876,16
20570774337,7
20570777352,10
20570777433,6
20570783671,11
20570793471,5
20570793633,8
20570796497,5
20570797116,9
20570799917,11
20570804775,13
20570808339,7
20570815386,5
20570821190,7
20570824377,11
20570826825,5
20570829689,6
20570835492,5
20570835654,5
20570836111,8
20570838670,5
20570842782,5
20570848713,6
20570856651,16
20570860098,11
20570863607,12
20570869559,10
20570873319,12
20570874471,6
20570874803,5
20570879945,9
20570892291,5
20571101981,8
20571104491,10
20571107326,6
20571122040,6
20571131464,6
20571135885,8
20571139287,6
20571145848,12
20571148197,9
20571163587,9
20571170958,5
20571172730,5
20571176727,8
20571177618,12
20571180911,7
20571182298,9
20571185637,9
20571187842,14
20571190983,10
20571202663,12
20571207118,7
20571215056,5
20571217181,6
20571220998,6
20571221536,10
20571224551,8
20571241723,7
20571247331,7
20571251281,8
20571260191,6
20571260272,10
20571263298,16
20571273501,7
20571282594,5
20571288363,5
20571288959,24
20571299560,11
20571307503,14
20571310806,16
20571311284,5
20571321328,5
20571324424,9
20571333253,11
20571356202,28
20571365023,8
20571365376,5
20571374014,14
20571374791,5
20571376572,7
20571379245,13
20571386373,8
20571387183,5
20571392349,13
20571395798,5
20571404886,12
20571407630,16
20571413443,7
20571414091,9
20571420067,5
20571424135,6
20571434017,9
20571436575,7
20571440173,15
20571442460,11
20571442621,9
20571444837,7
20571447852,8
20571449391,6
20571463203,6
20571464196,8
20571471303,7
20571473004,5
20571473691,10
20571476364,6
20571477417,6
20571481791,5
20571483573,6
20571485517,6
20571491835,9
20571491916,6
20571495407,10
20571499496,7
20571500095,6
20571500176,7
20571509556,6
20571510724,9
20571510996,7
20571516170,6
20571518466,5
20571521688,7
20571524512,6
20571525322,12
20571525594,18
20571530911,5
20571531306,7
20571532370,6
20571533180,20
20571536529,6
20571539463,12
20571540046,10
20571545510,5
20571550513,24
20571551323,16
20571552052,7
20571552729,22
20571557879,6
20571559812,14
20571562104,8
20571562520,5
20571563411,9
20571563500,7
20571564140,6
20571570972,7
20571571430,5
20571574455,15
20571575699,5
20571585147,33
20571586461,10
20571587948,6
20571588081,8
20571591546,6
20571593751,5
20571595452,5
20571598982,8
20571599792,6
20571601959,7
20571604460,6
20571610788,5
20571611326,8
20571614694,10
20571615747,7
20572101500,5
20572115390,14
20572118496,12
20572120555,18
20572124461,14
20572127487,5
20572128882,9
20572131751,6
20572132057,6
20572136630,6
20572139060,14
20572142281,8
20572144497,6
20572144659,8
20572147593,7
20572155006,10
20572157394,11
20572157807,6
20572160182,5
20572162631,7
20572165494,12
20572167357,6
20572172199,7
20572180451,5
20572185924,7
20572189679,16
20572195482,5
20572199631,9
20572204490,16
20572205895,16
20572206948,12
20572208568,11
20572209297,8
20572211356,6
20572212751,6
20572215777,7
20572220428,10
20572221157,7
20572221408,5
20572222986,17
20572223281,11
20572230491,13
20572235379,9
20572246737,5
20572249752,7
20572253601,5
20572255051,7
20572257933,7
20572263071,7
20572264042,10
20572264123,8
20572266258,9
20572267149,8
20572269869,6
20572270794,8
20572278345,14
20572278779,9
20572280161,6
20572283772,16
20572287506,5
20572288065,8
20573002645,5
20573008414,7
20573014066,5
20573014902,7
20573016786,7
20573041209,11
20573073666,6
20573075286,9
20573081332,5
20573086059,8
20573087888,6
20573090081,6
20573090676,5
20573093853,5
20573095473,6
20573098731,10
20573102780,14
20573110707,13
20573127774,24
20573131887,6
20573133316,6
20573144199,7
20573144865,5
20573149239,7
20573152531,6
20573155719,10
20573161794,17
20573165510,5
20573170866,10
20573175159,6
20573189885,9
20573193564,7
20573198108,6
20573200528,6
20573202733,21
20573211139,8
20573212020,5
20573212291,22
20573220553,18
20573228619,13
20573238339,8
20573244142,7
20573244819,20
20573248059,7
20573248563,12
20573260423,7
20573261829,7
20573262043,16
20573276427,5
20573277075,5
20573281005,7
20573284012,10
20573286490,5
20573293275,5
20573296614,6
20573306601,10
20573308051,11
20573320698,5
20573320779,5
20573324928,9
20573326891,5
20573328168,21
20573330499,5
20573338554,6
20573801017,6
20573803818,20
20573805357,14
20573807996,18
20573815310,6
20573827164,5
20573832834,8
20573834454,16
20573835850,11
20573836741,8
20573837801,10
20573839413,5
20573844093,5
20573845499,8
20573848161,5
20573851031,9
20573853599,5
20573854137,10
20573856261,7
20573856938,5
20573864019,7
20573866909,9
20573867115,6
20573867387,9
20573869673,10
20573869835,5
20573878745,9
20573879717,6
20573893388,7
20573894511,12
20573894945,5
20573896051,11
20573900261,8
20573900775,24
20573902557,13
20573925760,5
20573926731,7
20574600325,12
20574608652,15
20574611017,25
20574614547,5
20574615781,16
20574615942,10
20574616086,21
20574616591,5
20574619263,6
20574622728,13
20574624267,7
20574627011,10
20574629811,9
20574632529,12
20574633177,6
20574637750,22
20574638993,8
20574640971,16
20574643130,5
20574646660,15
20574651825,7
20574653283,25
20574654093,8
20574654174,15
20574655227,5
20574655570,9
20574662517,22
20574663246,7
20574663599,6
20574663912,14
20574664137,7
20574677620,13
20574679673,8
20574680761,5
20574687269,13
20574688745,16
20574692343,5
20574700621,10
20574702322,5
20574704619,10
20574706581,22
20574714096,10
20574714509,13
20574717940,12
20574718326,14
20574718598,9
20574719055,8
20574724482,5
20574732400,17
20574733554,9
20574735093,10
20574735417,5
20574739161,11
20574742545,21
20574745994,5
20574750050,5
20574756333,5
20574761922,5
20574765162,26
20574766487,11
20574771057,8
20574771561,6
20574773009,6
20574776521,11
20574778817,9
20574779899,16
20574782172,5
20574782768,18
20574793531,14
20574796475,6
20600000366,6
20600000579,7
20600000684,14
20600001176,9
20600001397,14
20600001427,7
20600001605,7
20600001737,7
20600002024,6
20600002717,16
20600002725,10
20600002971,8
20600003594,17
20600003811,6
20600004027,16
20600004035,5
20600004523,21
20600004876,11
20600004981,8
20600004990,6
20600005163,6
20600005805,8
20600006101,5
20600006429,19
20600007174,11
20600007662,6
20600007972,20
20600008278,14
20600009673,14
20600009843,20
20600010281,6
20600010311,24
20600010329,16
20600011376,19
20600011881,20
20600012275,10
20600012640,7
20600012828,10
20600013620,8
20600013824,6
20600013956,6
20600014031,9
20600014481,10
20600014529,10
20600014588,5
20600014791,8
20600014910,12
20600014944,12
20600015266,5
20600015274,15
20600015746,8
20600016319,11
20600016432,11
20600017366,11
20600017684,11
20600018061,12
20600018451,5
20600019202,7
20600020022,28
20600020464,10
20600020600,5
20600020731,7
20600020847,8
20600021380,6
20600021860,5
20600022190,8
20600022319,5
20600022629,9
20600022955,5
20600022980,5
20600025172,6
20600025377,6
20600025784,7
20600025911,7
20600026403,10
20600026462,5
20600026900,8
20600027035,5
20600027337,7
20600027426,10
20600027612,8
20600028058,20
20600028309,5
20600028864,8
20600029496,11
20600029674,9
20600029798,6
20600030877,8
20600031318,11
20600031423,6
20600031687,5
20600032039,5
20600032195,7
20600032861,8
20600033329,16
20600033671,13
20600034121,5
20600034198,7
20600034660,8
20600034864,10
20600035071,7
20600035232,11
20600035313,10
20600035496,11
20600036271,13
20600037201,7
20600037219,7
20600037383,6
20600038487,14
20600038525,11
20600039335,17
20600039386,5
20600039424,10
20600039611,14
20600039840,11
20600040554,22
20600041038,14
20600041291,11
20600041968,5
20600042123,9
20600042212,8
20600043812,10
20600044088,6
20600044452,5
20600044479,10
20600044495,6
20600044533,6
20600044711,22
20600044983,5
20600045521,24
20600045548,14
20600046218,6
20600046676,23
20600047231,10
20600047842,23
20600048083,15
20600048369,7
20600048644,11
20600048652,18
20600048709,10
20600048857,7
20600049357,5
20600050240,14
20600050738,7
20600051254,5
20600051645,18
20600051785,5
20600052048,6
20600052595,21
20600053273,9
20600053389,8
20600053401,9
20600053583,16
20600053982,12
20600054032,10
20600054130,5
20600054717,5
20600055284,5
20600055519,8
20600055586,6
20600056426,6
20600056728,21
20600057627,14
20600057708,16
20600057902,5
20600057945,8
20600057988,5
20600058119,22
20600059018,12
20600059255,6
20600059417,5
20600059735,29
20600059794,24
20600060067,7
20600060130,12
20600060458,5
20600060849,22
20600061187,5
20600061322,21
20600061659,22
20600061691,24
20600061993,7
20600062213,5
20600062973,18
20600063074,5
20600064062,23
20600064801,24
20600065387,6
20600065727,10
20600065921,8
20600066871,20
20600067029,8
20600067398,5
20600068319,6
20600068327,6
20600068530,6
20600069218,7
20600069421,7
20600070402,10
20600070615,11
20600071077,10
20600071344,11
20600072588,10
20600072685,11
20600073363,6
20600073495,5
20600073681,9
20600073878,7
20600074149,8
20600074246,6
20600074408,5
20600074556,7
20600074572,10
20600075145,7
20600075510,6
20600075595,8
20600075901,5
20600076303,5
20600076460,5
20600077750,5
20600077962,6
20600078021,7
20600078098,20
20600078284,5
20600078551,5
20600078969,5
20600079493,5
20600079507,7
20600079647,7
20600079736,5
20600080050,8
20600080483,6
20600081781,7
20600082443,5
20600082915,24
20600082931,8
20600083296,5
20600083407,14
20600083725,6
20600084489,8
20600084551,6
20600085205,6
20600085582,5
20600085841,6
20600086163,10
20600086341,6
20600086562,5
20600086791,7
20600086805,14
20600087127,6
20600088786,5
20600089341,6
20600089375,7
20600089456,5
20600090420,9
20600091370,5
20600091485,8
20600091671,7
20600091841,5
20600091973,6
20600092007,21
20600092139,8
20600092261,8
20600092287,6
20600092490,16
20600092554,5
20600092741,6
20600092805,5
20600093739,10
20600094212,9
20600094611,17
20600095448,13
20600095669,5
20600096550,10
20600096606,10
20600097033,7
20600097785,5
20600098633,21
20600099001,8
20600099044,13
20600099362,10
20600099541,6
20600099729,8
20600100450,8
20600100557,10
20600101588,8
20600101596,6
20600101782,5
20600102070,6
20600102266,12
20600102771,12
20600103661,6
20600103696,6
20600103734,16
20600104765,9
20600105303,12
20600105419,17
20600105826,13
20600106237,10
20600106482,13
20600106512,5
20600106806,11
20600107055,15
20600108272,29
20600108612,19
20600108639,21
20600108949,8
20600109155,8
20600109201,25
20600109228,7
20600109635,7
20600109881,24
20600110200,5
20600110544,5
20600110854,7
20600110986,6
20600111117,6
20600111150,18
20600111354,22
20600111478,8
20600111605,15
20600111826,7
20600111931,11
20600112547,10
20600112580,13
20600112822,5
20600113098,5
20600113161,11
20600113519,22
20600113527,5
20600114744,6
20600114957,6
20600115104,6
20600115147,10
20600115716,7
20600116755,12
20600117034,8
20600117115,6
20600117123,5
20600117395,13
20600117417,5
20600117565,5
20600117590,7
20600117727,15
20600117760,5
20600118197,5
20600118235,11
20600118278,16
20600118553,9
20600119321,21
20600119517,10
20600119771,7
20600119851,5
20600119878,5
20600120124,10
20600120736,5
20600120795,7
20600120981,8
20600121171,5
20600121236,15
20600121503,26
20600121686,11
20600122356,5
20600122437,10
20600122844,16
20600123166,11
20600123450,5
20600123981,25
20600124472,21
20600124936,16
20600125380,8
20600125665,8
20600126181,14
20600126564,7
20600126661,19
20600126998,6
20600127056,5
20600127731,5
20600128320,21
20600128605,5
20600128672,7
20600129261,8
20600129849,5
20600129997,22
20600130154,18
20600131231,7
20600131347,10
20600131363,23
20600131495,9
20600132041,6
20600132190,5
20600132386,22
20600132530,6
20600133005,9
20600133889,14
20600133901,9
20600134010,16
20600134087,15
20600134419,9
20600134567,20
20600134834,13
20600135482,5
20600135563,9
20600135733,10
20600135873,9
20600136144,5
20600136284,9
20600136713,9
20600137094,24
20600137230,9
20600137272,20
20600137442,6
20600137469,5
20600137981,5
20600137990,12
20600138228,8
20600139089,7
20600139127,10
20600139151,6
20600139437,7
20600139704,11
20600140125,8
20600140672,6
20600141148,5
20600141334,9
20600141351,7
20600141814,5
20600141822,6
20600141849,9
20600141911,18
20600142985,5
20600143078,7
20600143264,6
20600143299,10
20600143345,10
20600143426,12
20600143442,7
20600143639,7
20600143884,16
20600144261,5
20600144635,10
20600144961,11
20600145330,11
20600145402,23
20600145861,16
20600146352,5
20600146689,6
20600146743,12
20600146999,14
20600147481,7
20600147600,5
20600147782,5
20600147812,7
20600147952,26
20600148193,8
20600149149,6
20600149343,5
20600150996,8
20600151101,7
20600151496,5
20600151542,5
20600151950,5
20600151968,8
20600153766,11
20600154118,12
20600154363,12
20600154495,8
20600154967,6
20600155271,11
20600155815,21
20600155874,5
20600156099,21
20600156331,6
20600156439,22
20600157478,19
20600158342,8
20600158466,15
20600158733,5
20600158741,8
20600159021,5
20600159071,21
20600160100,5
20600161041,17
20600161106,22
20600161297,5
20600161921,5
20600162773,6
20600163346,18
20600164393,5
20600164890,6
20600165306,5
20600166086,11
20600166183,6
20600167791,6
20600168046,7
20600168194,6
20600168437,24
20600169131,8
20600169484,5
20600169603,9
20600169841,7
20600170458,12
20600170482,7
20600170661,21
20600170687,9
20600171403,10
20600171667,14
20600172019,5
20600172531,23
20600173252,14
20600173490,6
20600173694,19
20600173791,7
20600174020,16
20600174143,8
20600174313,6
20600174399,8
20600174917,5
20600175832,6
20600176294,10
20600176707,5
20600177002,5
20600177126,7
20600177631,7
20600177649,5
20600178335,7
20600178742,7
20600179111,7
20600179544,5
20600180267,8
20600180631,21
20600180658,22
20600180771,9
20600181816,6
20600181859,12
20600181867,5
20600182154,6
20600182197,23
20600182421,5
20600182464,6
20600182669,5
20600183037,9
20600183142,6
20600183827,5
20600184611,6
20600184742,6
20600185081,5
20600185528,5
20600185811,10
20600186621,5
20600186931,12
20600187032,7
20600187164,5
20600187351,5
20600187482,7
20600187504,8
20600188829,9
20600189051,10
20600189230,6
20600190238,12
20600190611,7
20600192176,21
20600192222,5
20600192541,5
20600192613,8
20600192621,11
20600193512,10
20600194144,9
20600194284,5
20600194861,5
20600194934,8
20600195833,9
20600195990,12
20600196180,6
20600196376,5
20600198077,5
20600198468,9
20600198972,9
20600199804,5
20600200110,15
20600201108,21
20600201701,21
20600201817,5
20600203887,8
20600205375,5
20600205693,6
20600205812,6
20600205847,5
20600206312,5
20600207025,8
20600207360,15
20600207807,5
20600207874,5
20600208650,5
20600208781,7
20600209532,7
20600209991,21
20600210221,5
20600210760,6
20600211022,10
20600211138,6
20600212223,5
20600212754,7
20600212789,8
20600212916,8
20600213114,8
20600213203,5
20600213475,9
20600213513,9
20600213866,5
20600214277,5
20600214919,5
20600215168,12
20600215206,12
20600215214,22
20600215532,8
20600215826,11
20600215834,6
20600216024,6
20600216512,18
20600217209,12
20600217748,11
20600217764,12
20600218183,5
20600218591,15
20600219082,11
20600219601,6
20600220609,6
20600220650,9
20600220757,10
20600221176,10
20600221753,22
20600222024,8
20600222393,11
20600222849,12
20600223292,10
20600223756,13
20600223837,5
20600224124,12
20600224540,12
20600224663,20
20600225805,7
20600226054,9
20600226127,11
20600226321,11
20600226402,6
20600226534,7
20600226569,12
20600226631,5
20600227000,8
20600227018,5
20600227492,5
20600227522,5
20600227743,8
20600228782,8
20600229142,5
20600229274,5
20600229363,5
20600229380,10
20600229584,5
20600229738,6
20600229819,13
20600229827,5
20600229835,9
20600230175,6
20600230736,7
20600233344,6
20600233671,5
20600234685,17
20600234693,5
20600234715,9
20600235479,7
20600235592,8
20600235738,15
20600235801,13
20600236068,10
20600236548,5
20600236688,5
20600237455,19
20600238656,6
20600238672,7
20600239440,5
20600240073,5
20600240464,5
20600241029,10
20600241436,6
20600241487,10
20600242009,20
20600242629,5
20600244044,8
20600244702,14
20600245164,15
20600245393,12
20600245504,9
20600245636,11
20600245644,5
20600246080,12
20600246837,7
20600248571,17
20600249160,6
20600249411,6
20600249895,10
20600250206,7
20600250419,13
20600250737,22
20600250834,5
20600250869,7
20600251555,7
20600252101,6
20600252829,21
20600253051,8
20600253175,6
20600253230,5
20600253876,24
20600253906,6
20600254571,5
20600254881,20
20600255089,15
20600255445,5
20600255640,5
20600255755,15
20600255895,11
20600256301,7
20600256361,23
20600256379,7
20600257286,10
20600257405,6
20600257715,20
20600258126,5
20600258274,13
20600258673,9
20600258746,5
20600258771,5
20600258894,20
20600258991,19
20600259700,6
20600260198,14
20600260724,5
20600260732,5
20600260767,5
20600261151,14
20600261844,9
20600261852,7
20600263201,14
20600263286,10
20600263359,6
20600263481,21
20600264070,18
20600264096,12
20600264657,5
20600264762,23
20600265041,11
20600265238,6
20600265289,8
20600266005,23
20600266633,14
20600266684,5
20600267176,7
20600268024,17
20600268610,7
20600269314,9
20600269713,7
20600269918,12
20600270037,6
20600270088,14
20600270932,9
20600271432,5
20600271611,7
20600271955,5
20600272200,11
20600272331,21
20600272854,8
20600272919,7
20600273061,9
20600273214,7
20600275764,5
20600276612,5
20600276779,5
20600276825,6
20600277031,7
20600277660,12
20600278241,7
20600279484,6
20600280172,21
20600280202,5
20600281250,9
20600281489,24
20600281551,9
20600282612,7
20600283015,11
20600283058,6
20600283384,6
20600283562,5
20600283775,5
20600284551,10
20600284691,15
20600284992,9
20600285671,5
20600286413,6
20600286821,6
20600286863,6
20600287177,7
20600287533,9
20600288092,20
20600288998,8
20600289137,6
20600289200,10
20600289234,5
20600289242,7
20600289382,13
20600289544,12
20600289765,8
20600289897,15
20600290577,19
20600292235,5
20600292391,15
20600292421,5
20600293231,11
20600293321,11
20600293568,22
20600293622,7
20600293851,7
20600294203,17
20600294301,5
20600294785,5
20600295374,9
20600296133,6
20600297148,11
20600297539,7
20600297661,13
20600297741,5
20600298322,7
20600298331,6
20600298381,6
20600299159,9
20600299507,9
20600299884,23
20600300211,6
20600300378,6
20600300882,11
20600300912,8
20600301102,24
20600301919,10
20600302176,6
20600302524,5
20600302630,8
20600302648,10
20600302885,6
20600302982,12
20600303296,8
20600303873,8
20600304021,5
20600304357,10
20600304594,6
20600304721,6
20600305353,7
20600305493,9
20600306091,31
20600307089,8
20600307623,9
20600309065,7
20600309995,5
20600310004,6
20600311477,8
20600311728,5
20600311957,5
20600312058,6
20600312082,6
20600313780,6
20600313861,7
20600314000,10
20600314336,6
20600314409,8
20600316142,21
20600316398,14
20600316509,6
20600316851,6
20600318056,6
20600318170,20
20600318366,5
20600319109,12
20600319508,6
20600319541,6
20600320689,15
20600321537,6
20600321651,8
20600321766,19
20600321995,6
20600322223,8
20600323688,21
20600323980,22
20600324382,5
20600325281,9
20600325401,11
20600326202,7
20600326326,12
20600326601,7
20600326679,18
20600326865,10
20600329147,15
20600329635,5
20600330129,21
20600330722,13
20600332598,8
20600332822,10
20600333012,6
20600333233,7
20600334043,9
20600334515,6
20600334558,5
20600334817,14
20600334922,8
20600335121,13
20600335147,6
20600336020,11
20600337751,19
20600337760,6
20600337832,21
20600337859,12
20600338260,5
20600339517,8
20600340540,5
20600340710,8
20600340736,6
20600341805,8
20600342062,10
20600342208,5
20600344871,5
20600345932,12
20600346114,11
20600347382,5
20600347790,6
20600349814,5
20600350308,10
20600350588,7
20600351223,10
20600351509,10
20600351762,8
20600352840,22
20600353005,7
20600353307,8
20600353625,8
20600353757,13
20600354206,5
20600354991,13
20600355059,6
20600355644,19
20600356098,11
20600356136,23
20600356501,6
20600356705,9
20600356772,6
20600357248,6
20600357540,5
20600357825,12
20600357981,13
20600358449,7
20600358953,12
20600359135,24
20600359241,8
20600359500,9
20600359551,7
20600361865,18
20600362021,10
20600362161,12
20600362837,11
20600362977,22
20600364953,9
20600365364,7
20600366051,7
20600366166,21
20600366492,10
20600366948,23
20600367189,8
20600367421,6
20600367448,6
20600367677,12
20600369114,18
20600369246,7
20600369327,6
20600369491,9
20600369921,7
20600370082,9
20600370091,13
20600370139,21
20600370899,22
20600370937,15
20600371089,6
20600371160,9
20600371194,5
20600371399,14
20600371828,7
20600372344,6
20600372646,5
20600372654,6
20600373863,24
20600374193,11
20600374339,10
20600375050,20
20600375254,20
20600375378,8
20600375408,6
20600375572,5
20600375602,20
20600375688,20
20600376595,6
20600377524,8
20600377672,9
20600377877,10
20600378172,8
20600378822,9
20600379233,7
20600381181,8
20600381360,19
20600381726,10
20600382005,7
20600382641,11
20600382731,8
20600382838,21
20600383630,7
20600383851,6
20600384075,9
20600384849,8
20600385187,11
20600385209,5
20600385217,8
20600385411,5
20600386108,7
20600386167,7
20600386442,21
20600386809,8
20600387198,6
20600387384,6
20600388194,5
20600388470,5
20600389093,5
20600389310,10
20600389468,5
20600390016,5
20600390644,6
20600390911,12
20600391071,11
20600391438,5
20600392019,8
20600392132,5
20600392159,5
20600392698,7
20600394372,7
20600395565,20
20600396049,7
20600396260,7
20600396995,12
20600397240,5
20600397461,7
20600398017,6
20600398084,15
20600398092,7
20600398106,6
20600398351,5
20600398777,8
20600398815,8
20600399510,5
20600399617,5
20600400461,11
20600400780,6
20600401514,5
20600401603,8
20600401913,7
20600402049,8
20600402154,8
20600403436,14
20600403967,7
20600404386,10
20600404785,5
20600405358,16
20600405510,20
20600406184,5
20600406281,6
20600406737,5
20600407229,21
20600407482,14
20600407598,11
20600408365,12
20600408535,5
20600409043,15
20600409311,10
20600409604,5
20600410386,5
20600410459,9
20600411412,9
20600411668,7
20600411978,5
20600412451,6
20600412729,12
20600413539,18
20600414276,10
20600414951,5
20600415001,5
20600415523,5
20600415582,5
20600415639,5
20600415698,9
20600416023,5
20600416155,15
20600416473,5
20600416741,6
20600417348,11
20600417429,8
20600418085,6
20600418425,8
20600419341,5
20600419839,7
20600420063,6
20600420098,6
20600420756,10
20600421094,8
20600421612,5
20600421990,21
20600422031,6
20600422210,5
20600422481,17
20600422821,5
20600423658,10
20600424638,5
20600425162,5
20600425600,21
20600425723,6
20600426061,5
20600426151,7
20600426282,14
20600426673,8
20600427734,23
20600428951,5
20600429150,5
20600429354,6
20600429486,5
20600430476,22
20600430638,23
20600431260,6
20600431421,5
20600431677,21
20600431901,6
20600432177,7
20600432266,7
20600432363,16
20600432525,10
20600432703,7
20600432991,11
20600433050,9
20600433076,5
20600433441,12
20600434005,8
20600434021,10
20600435044,10
20600435486,5
20600436440,5
20600436954,5
20600437144,5
20600437667,5
20600437748,5
20600437969,8
20600438051,5
20600438329,9
20600438493,5
20600438736,6
20600439007,15
20600439368,7
20600439741,6
20600439783,6
20600439881,8
20600440072,5
20600440803,6
20600441028,8
20600441605,21
20600441770,12
20600444060,8
20600444094,12
20600444531,21
20600444680,5
20600444698,5
20600445449,11
20600445856,10
20600445881,9
20600446020,6
20600446151,9
20600446461,10
20600447018,8
20600447280,5
20600447417,8
20600448120,15
20600448367,22
20600449258,11
20600449622,15
20600449886,5
20600449983,7
20600450281,12
20600451317,7
20600451864,7
20600451996,15
20600452046,7
20600452097,8
20600452411,6
20600453221,20
20600454472,6
20600454481,14
20600454545,35
20600454626,8
20600455177,8
20600455398,7
20600456777,12
20600457277,7
20600458737,5
20600458818,10
20600458915,7
20600459431,7
20600459946,29
20600460146,7
20600460316,11
20600460740,9
20600460863,8
20600461363,8
20600461690,11
20600462220,6
20600462483,7
20600462602,7
20600462637,5
20600462939,5
20600462955,10
20600463692,10
20600463854,10
20600464923,7
20600465377,11
20600465580,19
20600465946,5
20600467035,12
20600467051,6
20600467124,25
20600467558,7
20600467949,8
20600469267,7
20600469275,11
20600469429,6
20600470192,5
20600470907,6
20600471105,22
20600471326,12
20600472233,10
20600472489,12
20600472802,13
20600473523,6
20600473531,6
20600473639,11
20600475003,6
20600475232,7
20600476301,6
20600476701,5
20600479220,13
20600479289,9
20600480210,5
20600480295,5
20600480481,6
20600480686,5
20600480708,22
20600481003,5
20600481020,15
20600481534,7
20600481577,6
20600481721,9
20600482093,8
20600482182,5
20600482441,6
20600482620,5
20600483570,8
20600483596,23
20600483847,7
20600483901,9
20600484207,8
20600484266,20
20600484291,18
20600485491,5
20600485769,8
20600485815,5
20600485891,5
20600486277,8
20600486382,5
20600486889,7
20600487044,6
20600487052,9
20600487079,10
20600487494,6
20600487702,18
20600488237,11
20600488300,7
20600488504,7
20600488695,6
20600488792,8
20600489161,7
20600489284,20
20600489501,5
20600490614,6
20600490801,6
20600491416,7
20600491874,6
20600491891,16
20600492587,5
20600492676,8
20600492820,18
20600492846,6
20600493150,9
20600493192,10
20600493303,7
20600493508,5
20600494300,12
20600494636,7
20600495900,11
20600496078,19
20600497481,22
20600497856,7
20600498470,6
20600498631,8
20600498925,6
20600499476,7
20600499719,6
20600500105,5
20600500474,5
20600500971,5
20600501446,21
20600501543,5
20600501802,5
20600501870,5
20600502175,13
20600502540,6
20600502841,5
20600503414,6
20600503503,13
20600503660,10
20600503945,10
20600504313,12
20600504585,7
20600505000,8
20600505069,7
20600505123,6
20600506006,8
20600506669,6
20600506863,5
20600506871,8
20600506987,6
20600507371,16
20600508475,7
20600508548,23
20600508726,5
20600509552,8
20600509625,24
20600510330,6
20600510666,9
20600511018,9
20600511131,5
20600511271,7
20600511514,6
20600511824,7
20600512308,7
20600512766,9
20600513045,10
20600513339,5
20600514599,6
20600515498,6
20600516052,23
20600516087,13
20600516192,5
20600516214,5
20600516222,5
20600516389,16
20600516559,7
20600516753,8
20600516885,23
20600517164,5
20600517237,12
20600517270,24
20600517571,11
20600517628,20
20600517954,5
20600518969,18
20600519175,6
20600519183,12
20600519663,9
20600519701,5
20600519833,6
20600520017,7
20600520068,5
20600520114,8
20600520653,21
20600520661,6
20600520891,19
20600520998,15
20600521226,8
20600521242,6
20600521307,6
20600522036,7
20600522206,6
20600523130,8
20600523172,10
20600524241,5
20600524454,18
20600525272,15
20600525469,7
20600525507,5
20600526121,9
20600527381,5
20600527836,5
20600528425,6
20600528671,9
20600528794,13
20600529197,7
20600529251,11
20600529430,21
20600529481,19
20600530012,5
20600530136,7
20600530748,6
20600531612,16
20600531621,7
20600532031,14
20600532082,9
20600532741,13
20600532970,5
20600533020,8
20600533275,18
20600534212,14
20600534263,10
20600534646,5
20600535022,5
20600535391,7
20600535634,23
20600536037,17
20600536401,11
20600536801,13
20600536835,5
20600537157,8
20600537190,17
20600537246,9
20600537432,7
20600537513,5
20600537726,7
20600537858,5
20600538196,20
20600538251,18
20600539184,6
20600539362,7
20600539486,11
20600540174,8
20600540395,6
20600540476,6
20600541081,6
20600541103,11
20600541146,13
20600542002,14
20600542185,5
20600542258,20
20600542363,14
20600542525,11
20600542746,6
20600542762,6
20600542941,7
20600543050,7
20600543459,25
20600543599,7
20600543807,6
20600544111,6
20600544331,11
20600544480,6
20600544757,7
20600545168,13
20600545745,14
20600545885,7
20600545974,6
20600546041,23
20600546415,18
20600546695,5
20600547004,8
20600547012,5
20600547306,24
20600547349,21
20600547527,5
20600547551,5
20600547977,5
20600548485,11
20600549228,7
20600549546,7
20600549759,20
20600550099,10
20600550421,15
20600550986,5
20600551290,5
20600551354,5
20600551648,17
20600551877,9
20600552580,16
20600552849,8
20600553004,7
20600553080,15
20600553098,17
20600553268,33
20600553292,6
20600554221,10
20600554230,5
20600554795,6
20600556674,5
20600557301,11
20600558006,8
20600558081,6
20600558481,18
20600558685,9
20600559363,5
20600559428,8
20600559622,9
20600559681,8
20600560311,9
20600561023,9
20600561902,7
20600562887,12
20600562984,21
20600563051,14
20600563212,5
20600563409,5
20600563468,5
20600563611,9
20600563808,9
20600564316,7
20600565461,11
20600565509,5
20600565576,14
20600565584,6
20600565606,17
20600565771,10
20600566289,6
20600566394,8
20600566564,5
20600566998,6
20600567161,21
20600567609,5
20600567749,5
20600568630,5
20600568796,16
20600569130,8
20600569431,6
20600570057,10
20600570138,20
20600570189,13
20600570685,6
20600570839,11
20600570880,6
20600570944,6
20600571410,15
20600571592,6
20600571916,12
20600572106,22
20600572190,7
20600572459,11
20600573056,9
20600573064,5
20600573561,7
20600573919,14
20600574346,16
20600574401,13
20600574443,8
20600575059,6
20600575636,11
20600575954,22
20600576365,5
20600576870,12
20600576900,7
20600576993,5
20600577094,5
20600577221,8
20600577680,7
20600577922,14
20600578155,8
20600578490,5
20600578627,7
20600579011,10
20600579054,18
20600579305,8
20600579445,9
20600579895,5
20600580168,21
20600580427,16
20600580583,26
20600581741,21
20600581768,22
20600582039,8
20600582322,5
20600582365,7
20600583078,6
20600583132,5
20600583299,5
20600584431,14
20600584520,7
20600584856,5
20600584953,6
20600585224,19
20600585721,20
20600586204,22
20600586336,6
20600586549,7
20600587014,5
20600587626,23
20600588525,6
20600589076,5
20600589645,8
20600589891,5
20600590015,12
20600590252,6
20600590686,9
20600590783,18
20600591135,7
20600591691,11
20600591984,5
20600592832,10
20600592930,5
20600593065,6
20600593499,6
20600593685,27
20600594304,11
20600594444,9
20600594525,6
20600594614,5
20600594819,5
20600594860,11
20600595521,6
20600595645,9
20600595963,7
20600596196,6
20600596382,19
20600596412,5
20600596439,10
20600596773,6
20600597184,5
20600597273,5
20600597613,7
20600597745,5
20600597940,21
20600597966,13
20600598318,9
20600598334,15
20600598385,24
20600598504,7
20600598768,9
20600599624,6
20600599870,10
20600599951,12
20600600193,10
20600600461,5
20600600746,7
20600601173,10
20600601467,6
20600602315,9
20600602714,5
20600602722,5
20600603931,9
20600604521,9
20600604776,7
20600605349,15
20600606507,9
20600606612,9
20600607279,10
20600607775,8
20600607830,9
20600608062,6
20600608976,13
20600609158,14
20600609239,10
20600610008,12
20600610032,7
20600610041,5
20600610725,7
20600610890,10
20600611934,8
20600612213,11
20600612248,6
20600612558,20
20600612671,8
20600612922,22
20600613619,7
20600613716,5
20600614232,25
20600615140,9
20600616235,10
20600617045,8
20600617495,9
20600617592,7
20600617894,7
20600618131,6
20600618220,5
20600618475,5
20600619307,7
20600619625,8
20600619811,6
20600619927,15
20600620526,6
20600620577,20
20600621158,9
20600621298,20
20600621395,20
20600621794,8
20600622740,7
20600623304,5
20600623312,7
20600623827,9
20600624467,15
20600624548,6
20600624912,17
20600624939,7
20600625005,7
20600625439,18
20600625579,5
20600626036,15
20600626109,11
20600626419,6
20600626443,6
20600626451,13
20600626567,28
20600627172,5
20600627377,6
20600627831,12
20600627971,7
20600628144,19
20600628357,11
20600628837,17
20600629388,14
20600629400,8
20600629418,9
20600629817,7
20600630769,9
20600631196,8
20600633369,10
20600633440,11
20600633601,8
20600633784,8
20600633873,9
20600633903,10
20600633938,10
20600635086,22
20600635477,11
20600635663,5
20600636228,6
20600636261,5
20600637054,23
20600637470,16
20600637623,5
20600637704,5
20600637992,6
20600638131,24
20600639359,11
20600639375,5
20600639529,8
20600639537,20
20600639740,6
20600639812,15
20600640152,8
20600640683,5
20600641001,14
20600641078,6
20600641426,11
20600642007,6
20600642830,9
20600644999,5
20600645090,10
20600645138,6
20600645316,12
20600646436,5
20600648773,6
20600649044,6
20600649192,5
20600650174,16
20600650387,20
20600650476,8
20600650841,8
20600650859,6
20600650930,21
20600651464,16
20600651758,20
20600651855,6
20600651901,22
20600651936,7
20600652096,9
20600652312,12
20600652461,6
20600652789,13
20600653289,5
20600654200,7
20600654226,7
20600654498,13
20600654668,9
20600654871,21
20600655672,7
20600655931,8
20600656261,6
20600656547,5
20600657012,6
20600657616,7
20600657641,8
20600657691,20
20600657730,8
20600657861,5
20600657888,26
20600657918,7
20600659066,18
20600659511,20
20600659686,9
20600659945,11
20600661206,6
20600661524,9
20600661869,8
20600662148,7
20600662971,11
20600662997,21
20600663071,7
20600664396,10
20600664493,5
20600664957,16
20600665279,5
20600665341,6
20600665562,5
20600665929,6
20600665953,15
20600666119,5
20600666666,22
20600667174,12
20600667280,8
20600667468,5
20600667603,7
20600667611,10
20600667883,6
20600667948,6
20600668430,5
20600668871,16
20600669126,7
20600670116,10
20600670400,10
20600670825,22
20600670949,21
20600671139,14
20600671546,10
20600671872,5
20600672275,5
20600672445,6
20600672631,15
20600672861,6
20600673212,5
20600673581,8
20600673735,5
20600673981,6
20600674120,7
20600674464,9
20600674642,6
20600675096,5
20600675983,7
20600676084,23
20600676157,6
20600676297,6
20600676505,13
20600676831,6
20600676939,5
20600677064,13
20600678001,5
20600678141,6
20600678397,18
20600678541,6
20600678605,9
20600678613,12
20600679164,23
20600679717,22
20600680201,7
20600680324,8
20600681258,23
20600681592,10
20600681665,8
20600681932,6
20600682203,18
20600682297,7
20600682386,9
20600682688,16
20600682963,5
20600683277,10
20600685393,8
20600685482,5
20600685725,22
20600685946,6
20600686691,23
20600686756,22
20600686837,7
20600686951,11
20600687086,6
20600687183,5
20600687370,10
20600687655,21
20600688066,9
20600688295,5
20600688341,19
20600689020,5
20600689437,6
20600689569,8
20600689623,12
20600689780,21
20600690028,12
20600690800,8
20600690869,5
20600691202,19
20600691245,6
20600691296,5
20600691903,5
20600692349,7
20600692420,14
20600693086,22
20600694422,6
20600694589,13
20600694996,9
20600695216,7
20600695232,6
20600695771,7
20600695852,6
20600695984,20
20600696034,6
20600696654,11
20600697006,12
20600697511,22
20600697626,11
20600697847,7
20600697898,9
20600698525,7
20600699092,8
20600699131,17
20600699505,7
20600700040,5
20600700066,5
20600700201,6
20600700228,9
20600700520,6
20600700741,6
20600701381,10
20600701844,7
20600702549,6
20600702638,6
20600703171,11
20600703928,7
20600704355,5
20600704398,12
20600704517,5
20600704967,6
20600705289,5
20600705386,9
20600705785,6
20600705874,9
20600705963,5
20600706307,19
20600706455,6
20600707362,5
20600707826,6
20600708318,17
20600708474,20
20600708997,24
20600709314,9
20600709373,5
20600709772,9
20600710983,6
20600711009,5
20600711181,7
20600711220,5
20600711335,19
20600712277,9
20600712315,6
20600712986,10
20600713117,13
20600713435,5
20600713893,12
20600714989,22
20600715292,21
20600715501,7
20600715756,6
20600715861,10
20600716221,20
20600716311,6
20600716388,5
20600716795,6
20600716833,18
20600717350,8
20600717872,7
20600719280,9
20600720636,7
20600720679,23
20600720920,6
20600720946,5
20600721012,8
20600721179,8
20600722132,8
20600723457,11
20600724089,7
20600724666,7
20600725069,10
20600725506,5
20600725964,21
20600726219,23
20600727037,8
20600727142,5
20600728041,13
20600728688,23
20600730003,7
20600730852,8
20600731239,6
20600731387,5
20600732847,5
20600732961,8
20600733321,8
20600733487,5
20600733533,8
20600733967,9
20600734289,5
20600734513,6
20600734670,5
20600734751,15
20600735706,5
20600736508,17
20600736541,8
20600736630,11
20600736923,15
20600736931,6
20600737091,5
20600737181,10
20600737245,10
20600737342,5
20600737377,9
20600737563,9
20600738047,11
20600738179,23
20600738322,5
20600738594,14
20600738691,5
20600738781,5
20600738977,5
20600739175,23
20600739299,20
20600739329,6
20600739345,12
20600739477,25
20600740122,8
20600740416,7
20600740505,13
20600740629,9
20600740726,6
20600740815,8
20600740955,8
20600741544,10
20600741668,5
20600742575,8
20600743202,14
20600743644,7
20600743750,6
20600745205,6
20600745621,5
20600746091,11
20600746228,5
20600746384,8
20600747437,6
20600747704,20
20600747992,5
20600749855,5
20600750276,26
20600750403,7
20600750551,6
20600751167,5
20600751205,9
20600751396,7
20600751540,8
20600751639,21
20600752180,7
20600752384,7
20600752724,7
20600753020,5
20600753488,5
20600753976,5
20600754476,12
20600755090,6
20600755227,10
20600755529,21
20600755693,7
20600756011,21
20600756622,6
20600757203,5
20600757718,5
20600758242,10
20600759141,14
20600759796,10
20600759940,12
20600759958,5
20600760298,11
20600760361,5
20600761197,7
20600761600,5
20600761731,11
20600761987,5
20600762096,8
20600762177,10
20600762266,11
20600762304,15
20600763378,16
20600763424,5
20600763670,11
20600763947,7
20600764072,17
20600764161,8
20600765052,5
20600765095,7
20600765311,5
20600766369,5
20600766407,13
20600767101,14
20600767306,5
20600767454,6
20600767462,6
20600767471,5
20600767730,5
20600768299,12
20600768841,7
20600769431,7
20600769783,14
20600769881,8
20600770102,20
20600770170,10
20600770421,9
20600770625,13
20600771877,10
20600771893,5
20600772130,8
20600772199,12
20600772521,14
20600772547,15
20600772733,7
20600773080,15
20600773551,18
20600773608,7
20600773888,9
20600774639,6
20600774647,16
20600775066,7
20600775317,9
20600775368,5
20600775473,5
20600775651,13
20600775724,9
20600776241,14
20600776933,6
20600777115,22
20600777590,8
20600777719,13
20600777981,7
20600778286,8
20600778561,7
20600778898,5
20600779169,12
20600779401,8
20600780434,5
20600780477,5
20600780493,11
20600780841,7
20600781261,9
20600781309,12
20600781414,6
20600781708,20
20600781767,5
20600782216,10
20600782275,7
20600783131,23
20600783646,5
20600783662,6
20600783697,5
20600784111,11
20600784146,6
20600784669,10
20600785266,6
20600785428,8
20600785541,6
20600785622,22
20600786360,7
20600786734,7
20600786840,8
20600786874,5
20600787030,8
20600787382,9
20600787421,13
20600788729,20
20600788818,8
20600788826,5
20600790111,7
20600790669,8
20600790871,9
20600791215,10
20600791771,17
20600791959,10
20600792343,6
20600793277,5
20600793285,5
20600794729,5
20600794745,18
20600795024,10
20600796438,20
20600796471,10
20600796551,8
20600796641,7
20600797108,6
20600797698,6
20600797990,8
20600798627,12
20600799020,20
20600799062,6
20600799101,6
20600799194,18
20600801831,6
20600802047,6
20600803060,7
20600803302,11
20600803647,5
20600803744,6
20600804813,6
20600804970,11
20600805241,5
20600805780,7
20600805836,16
20600806786,9
20600806905,9
20600807162,9
20600807260,16
20600807405,5
20600807448,6
20600807685,22
20600807855,6
20600808142,6
20600808266,9
20600809459,5
20600809602,5
20600809807,6
20600810813,9
20600811071,11
20600811364,7
20600813197,13
20600813804,5
20600814649,11
20600815459,7
20600815467,5
20600815629,18
20600815742,8
20600815751,9
20600815882,6
20600815904,5
20600815971,6
20600817150,19
20600817605,7
20600817788,9
20600818512,6
20600818661,10
20600819667,11
20600820126,10
20600820479,17
20600821017,5
20600821025,7
20600821173,5
20600821505,6
20600821815,19
20600822421,5
20600823125,7
20600823524,11
20600823621,12
20600824059,5
20600824415,5
20600824954,6
20600825187,18
20600825438,7
20600826132,6
20600826426,11
20600826540,9
20600826574,11
20600827252,6
20600827872,10
20600828038,7
20600828551,11
20600828739,5
20600828780,5
20600828925,10
20600829239,5
20600829255,7
20600830385,8
20600830474,6
20600831497,9
20600831667,11
20600832621,8
20600832728,9
20600832779,9
20600832825,5
20600833201,20
20600834135,7
20600834160,5
20600834348,6
20600834712,5
20600834909,22
20600835506,20
20600836111,26
20600836189,5
20600837622,8
20600837860,9
20600838114,5
20600838220,7
20600838351,23
20600838653,8
20600838718,6
20600839897,12
20600839901,5
20600840712,5
20600840968,7
20600841620,18
20600841727,10
20600842197,5
20600842251,22
20600842502,6
20600843088,6
20600843509,5
20600843576,12
20600843665,7
20600844084,5
20600845111,6
20600845315,6
20600845358,18
20600845790,8
20600846257,5
20600846265,19
20600846541,23
20600847032,6
20600847288,20
20600847385,18
20600847466,7
20600847482,16
20600847563,6
20600848012,6
20600848268,6
20600848497,12
20600849019,24
20600849167,7
20600849299,8
20600849671,21
20600849752,7
20600849833,5
20600850432,9
20600850840,20
20600851307,6
20600851536,5
20600851854,12
20600852435,7
20600853059,5
20600853318,5
20600854292,5
20600854535,6
20600854691,9
20600855078,14
20600855299,8
20600855477,7
20600855965,5
20600856031,5
20600857089,8
20600857313,13
20600857372,7
20600857496,6
20600857615,6
20600858174,10
20600858352,6
20600858565,6
20600858875,17
20600859219,6
20600859553,8
20600859740,5
20600859871,9
20600859961,19
20600860161,5
20600860225,7
20600860659,10
20600860691,16
20600860730,6
20600860853,5
20600861825,6
20600862279,6
20600862287,7
20600862422,6
20600862775,16
20600862813,24
20600864964,5
20600866436,12
20600866444,22
20600866614,9
20600866835,7
20600867033,6
20600867246,6
20600867475,5
20600867548,11
20600867696,6
20600868021,6
20600868315,10
20600868358,10
20600868544,5
20600868862,14
20600869095,9
20600869575,6
20600869583,12
20600869940,27
20600870581,6
20600871618,11
20600871723,14
20600872355,15
20600872410,5
20600872606,5
20600872711,7
20600873459,16
20600873521,27
20600873777,20
20600874315,13
20600875028,6
20600875079,12
20600875087,5
20600875214,7
20600875427,7
20600875605,15
20600875699,5
20600875711,5
20600876211,23
20600876491,35
20600877004,19
20600877349,14
20600877365,6
20600877748,5
20600879490,8
20600879970,9
20600880081,5
20600880251,9
20600880421,15
20600881028,24
20600881044,5
20600881664,9
20600882440,10
20600882890,9
20600883047,11
20600883829,8
20600884060,6
20600884159,6
20600884230,6
20600884361,14
20600885104,9
20600885236,10
20600885635,5
20600885783,11
20600885911,8
20600886151,16
20600886321,10
20600886381,19
20600886437,10
20600887166,7
20600887701,6
20600887832,8
20600887859,6
20600888022,7
20600888553,5
20600888596,5
20600888634,23
20600888936,5
20600889240,7
20600890035,5
20600890191,7
20600890353,5
20600891074,8
20600891082,11
20600891121,5
20600891317,6
20600891775,6
20600891970,12
20600892003,12
20600892470,25
20600892631,9
20600892755,8
20600893166,8
20600893204,7
20600893409,20
20600893654,5
20600893913,5
20600894251,6
20600894626,7
20600894821,15
20600894847,6
20600895495,11
20600895711,9
20600896394,7
20600896424,5
20600896726,6
20600896840,9
20600896874,7
20600897048,15
20600897145,7
20600897153,18
20600897188,18
20600897391,11
20600897471,8
20600897528,7
20600898290,14
20600899211,7
20600899261,9
20600899750,21
20600900553,16
20600900685,18
20600900766,5
20600900812,6
20600900855,9
20600901118,10
20600901312,7
20600901631,5
20600902301,5
20600902564,7
20600902670,9
20600902891,19
20600903129,14
20600904192,6
20600904401,5
20600904770,11
20600904818,7
20600905181,6
20600905369,11
20600906306,7
20600907035,21
20600907302,5
20600907370,9
20600907426,5
20600907973,5
20600908325,11
20600908406,21
20600908546,5
20600908627,16
20600908937,10
20600909011,6
20600909038,5
20600909585,7
20600909828,5
20600909887,8
20600910176,18
20600910567,7
20600911300,16
20600912225,11
20600912306,8
20600912942,12
20600913485,9
20600913850,5
20600913884,16
20600913931,15
20600914082,5
20600914261,11
20600914414,6
20600914465,6
20600914767,7
20600914848,6
20600915551,5
20600918452,8
20600918592,7
20600918843,5
20600918991,13
20600919858,5
20600920066,5
20600920228,5
20600920325,21
20600921046,5
20600921101,5
20600921224,5
20600921267,11
20600921615,5
20600921739,6
20600921763,9
20600922026,14
20600922263,5
20600922441,14
20600922611,9
20600923197,22
20600923685,11
20600924291,8
20600924380,9
20600924509,5
20600924771,22
20600926293,6
20600926595,15
20600927397,6
20600927753,5
20600928067,20
20600928296,9
20600928831,19
20600929411,5
20600930029,9
20600930533,15
20600930584,13
20600930801,12
20600931114,10
20600931394,5
20600931556,9
20600931726,7
20600931921,7
20600932561,6
20600933583,20
20600934555,9
20600934580,6
20600934873,10
20600935446,5
20600935489,6
20600936019,11
20600936230,10
20600936761,6
20600937112,17
20600937651,8
20600937805,9
20600937813,9
20600938089,5
20600938119,7
20600938267,5
20600938305,5
20600938321,7
20600938615,11
20600938798,6
20600939361,5
20600940181,7
20600940300,10
20600940407,15
20600940881,13
20600941349,16
20600942345,8
20600942370,6
20600942680,5
20600943121,6
20600944291,6
20600944402,13
20600944411,19
20600944461,16
20600944798,5
20600944992,13
20600945450,6
20600945948,15
20600946031,21
20600946057,7
20600946090,16
20600946502,11
20600946600,9
20600947193,21
20600947461,5
20600947711,8
20600948131,18
20600949064,7
20600949170,6
20600949439,11
20600949552,5
20600949641,10
20600950232,8
20600950364,21
20600950399,6
20600951531,5
20600951727,7
20600952014,21
20600952120,5
20600952731,8
20600953061,6
20600953509,7
20600953541,6
20600954637,6
20600955595,9
20600956222,9
20600956249,5
20600956257,11
20600956346,9
20600956826,6
20600957083,19
20600957377,12
20600957644,7
20600957652,12
20600957687,10
20600957822,6
20600957920,6
20600958403,6
20600958501,6
20600958578,5
20600958659,14
20600958772,8
20600958861,11
20600959361,5
20600959671,13
20600960017,5
20600960084,8
20600960238,7
20600960882,6
20600961552,6
20600962893,7
20600963539,19
20600963563,6
20600963695,20
20600963792,6
20600963857,5
20600963989,5
20600964187,5
20600965345,9
20600965949,6
20600965990,6
20600966571,5
20600966708,5
20600967496,13
20600967607,18
20600967780,9
20600968603,5
20600968671,14
20600968930,5
20600968948,23
20600969324,8
20600969529,5
20600969758,5
20600969979,6
20600970951,7
20600971205,11
20600971507,5
20600971647,6
20600971795,5
20600972830,6
20600973585,21
20600973739,7
20600973984,6
20600974212,6
20600974689,19
20600974794,5
20600974841,11
20600975049,5
20600975383,18
20600975651,9
20600976347,10
20600976363,12
20600976550,6
20600977009,6
20600977424,12
20600977513,8
20600977602,6
20600977661,23
20600977912,7
20600978064,6
20600978161,5
20600978293,8
20600978471,11
20600979061,7
20600979079,8
20600979559,13
20600979958,5
20600980328,21
20600981022,11
20600981430,8
20600982100,8
20600982860,6
20600983491,9
20600983653,7
20600984790,12
20600985346,8
20600985567,7
20600985591,6
20600985672,5
20600985788,6
20600985869,5
20600987047,10
20600987225,9
20600987306,9
20600987641,13
20600987799,21
20600988078,11
20600988256,9
20600988302,8
20600988671,8
20600988914,8
20600988949,6
20600989040,24
20600989325,19
20600990153,7
20600990803,9
20600990897,6
20600990919,6
20600991133,10
20600991249,5
20600991338,6
20600991770,12
20600991788,6
20600992130,6
20600993161,9
20600993284,7
20600993365,8
20600993926,23
20600994302,5
20600995813,12
20600996054,12
20600996267,9
20600997891,7
20600998120,10
20600998448,5
20600999223,6
20600999576,5
20600999584,13
20600999703,6
20600999797,12
20600999827,5
20601000831,6
20601001285,7
20601001994,8
20601002788,7
20601004993,6
20601005132,11
20601005396,8
20601005850,6
20601005981,10
20601006511,5
20601006554,6
20601006562,5
20601006953,7
20601007101,17
20601007119,17
20601007496,11
20601007682,8
20601007861,6
20601007879,5
20601008093,9
20601008751,5
20601008786,11
20601010128,9
20601010322,7
20601010667,12
20601010799,10
20601010802,7
20601010837,5
20601010918,7
20601010951,5
20601011175,19
20601011299,6
20601011434,21
20601011515,6
20601011523,14
20601011680,6
20601011736,23
20601011957,6
20601012287,6
20601012597,7
20601012872,5
20601013011,22
20601013101,6
20601013631,15
20601013658,8
20601014735,12
20601014832,8
20601014921,8
20601014956,22
20601015235,20
20601015294,10
20601015324,9
20601015421,22
20601016193,5
20601016347,21
20601017106,20
20601017157,17
20601017238,11
20601017670,5
20601018498,9
20601018838,7
20601019443,10
20601019516,9
20601019869,7
20601019923,6
20601020085,5
20601020140,5
20601020247,15
20601020522,9
20601020581,12
20601020719,9
20601020930,20
20601021405,5
20601021782,7
20601022401,6
20601022444,8
20601022886,10
20601023734,20
20601024021,7
20601024072,13
20601024714,19
20601024731,6
20601025427,11
20601025516,7
20601026881,5
20601026920,5
20601026997,11
20601027004,9
20601027136,6
20601029007,7
20601029741,10
20601030013,18
20601030242,6
20601030811,5
20601031303,5
20601031401,6
20601031630,20
20601031664,14
20601032075,5
20601032571,19
20601032971,13
20601033055,16
20601033144,8
20601033543,6
20601033683,17
20601033764,21
20601034418,7
20601034809,23
20601035198,12
20601035431,8
20601035708,20
20601035872,11
20601036119,12
20601036992,6
20601037328,7
20601038502,17
20601039592,7
20601039851,16
20601040426,11
20601040850,7
20601041619,11
20601042062,7
20601042135,5
20601042151,7
20601042178,5
20601042267,12
20601042453,14
20601043158,10
20601043174,7
20601043735,6
20601043778,5
20601044120,7
20601044154,17
20601044162,18
20601044855,10
20601045045,6
20601045053,10
20601045061,5
20601045461,11
20601045746,16
20601045819,5
20601046289,5
20601046793,5
20601047056,7
20601047111,8
20601047871,9
20601048001,7
20601048061,9
20601048125,5
20601049474,10
20601049725,7
20601050120,21
20601050235,6
20601050405,13
20601050421,14
20601050901,5
20601051011,7
20601051134,6
20601051215,19
20601051487,18
20601051690,21
20601052084,7
20601052297,11
20601052521,10
20601052963,8
20601053161,8
20601053226,7
20601054648,6
20601055288,6
20601055415,24
20601055431,8
20601055768,5
20601056136,7
20601056187,5
20601056241,7
20601056306,24
20601056438,5
20601057027,15
20601057060,20
20601057302,6
20601057353,10
20601058210,8
20601058341,5
20601058384,10
20601058406,6
20601058503,12
20601058872,17
20601059623,18
20601059682,12
20601059763,16
20601060486,6
20601060770,11
20601060800,9
20601060826,5
20601060966,6
20601061016,11
20601061245,8
20601062055,6
20601062314,8
20601062403,7
20601062420,7
20601063159,7
20601063345,7
20601063779,9
20601064007,5
20601064074,5
20601064392,7
20601064511,9
20601064856,5
20601065691,10
20601066018,6
20601066034,8
20601066611,7
20601067430,8
20601067448,7
20601067642,8
20601067901,8
20601068606,6
20601069611,5
20601069815,7
20601070368,16
20601070414,5
20601070481,5
20601070911,5
20601070961,7
20601071232,6
20601071518,7
20601072107,6
20601072140,14
20601072280,22
20601072581,15
20601072638,8
20601073871,5
20601074045,7
20601074070,10
20601074151,6
20601074266,16
20601074436,6
20601074568,8
20601075394,6
20601076315,18
20601076757,7
20601076781,19
20601076960,22
20601077087,5
20601078199,11
20601078610,22
20601079225,11
20601079276,18
20601079535,5
20601080142,5
20601080428,9
20601080771,10
20601080819,11
20601081416,5
20601081491,6
20601082471,6
20601082617,5
20601082943,15
20601083117,6
20601083133,6
20601083770,8
20601084628,12
20601084989,5
20601085233,6
20601085641,5
20601086094,12
20601086493,7
20601086736,9
20601086752,11
20601087261,5
20601087601,5
20601087708,6
20601087813,7
20601087961,13
20601088755,14
20601089450,14
20601090059,7
20601090491,14
20601090741,19
20601090849,11
20601091101,5
20601091683,6
20601092167,6
20601092183,11
20601092302,19
20601092663,11
20601093163,14
20601094127,5
20601094763,6
20601095310,8
20601095590,7
20601096022,6
20601096031,12
20601096294,22
20601096430,7
20601096685,10
20601097002,8
20601097061,11
20601097487,6
20601097541,12
20601097711,7
20601097932,20
20601098998,6
20601099293,5
20601099404,9
20601099757,5
20601100160,7
20601100593,7
20601100861,6
20601100941,22
20601101123,10
20601101794,11
20601102481,6
20601102758,6
20601102944,6
20601102987,9
20601103347,13
20601104084,6
20601104165,9
20601104807,6
20601104874,5
20601105021,13
20601105226,18
20601105293,5
20601105421,22
20601105641,8
20601106192,7
20601106974,17
20601107032,5
20601107075,9
20601107130,9
20601108799,23
20601109230,18
20601109744,12
20601109841,7
20601110033,7
20601110068,16
20601110661,12
20601111129,17
20601111919,5
20601112052,14
20601112427,10
20601112702,21
20601112745,7
20601113784,5
20601113873,5
20601114152,5
20601114331,8
20601115370,6
20601115388,20
20601115558,14
20601116082,43
20601116121,6
20601116431,14
20601116538,6
20601116546,5
20601116848,16
20601117101,6
20601117348,20
20601117488,9
20601117496,15
20601117526,11
20601117739,5
20601117836,20
20601118522,8
20601118620,5
20601118972,17
20601119111,9
20601119260,13
20601119707,8
20601119961,7
20601119979,5
20601120101,10
20601120284,20
20601120454,8
20601120471,6
20601120691,5
20601121141,7
20601121604,7
20601122015,16
20601122406,8
20601122520,7
20601122597,13
20601122864,12
20601122872,5
20601123101,20
20601124107,9
20601125251,5
20601125600,10
20601126410,9
20601127050,7
20601127238,6
20601127602,19
20601127718,5
20601127742,5
20601127882,19
20601128072,8
20601128617,6
20601129532,5
20601129796,10
20601129826,24
20601130085,6
20601130131,9
20601130191,9
20601130301,18
20601130930,6
20601130964,16
20601131421,5
20601132371,7
20601132835,5
20601133025,6
20601133351,17
20601133386,6
20601133688,5
20601133939,8
20601134170,6
20601134412,6
20601134587,5
20601134854,9
20601135257,6
20601135991,10
20601136431,5
20601136733,10
20601136849,21
20601137365,19
20601137411,5
20601137535,6
20601137624,21
20601138809,6
20601138892,12
20601139244,6
20601139821,7
20601140625,15
20601140749,9
20601141303,5
20601142075,6
20601142261,5
20601142555,9
20601142601,13
20601143004,7
20601143411,5
20601143489,8
20601144566,17
20601144639,11
20601145121,5
20601145376,9
20601145422,11
20601145791,6
20601145970,5
20601146071,7
20601146160,9
20601146241,23
20601146682,6
20601146925,21
20601146992,8
20601147000,6
20601147018,6
20601147352,22
20601147450,8
20601147883,9
20601148391,8
20601148553,9
20601148642,5
20601148901,12
20601149223,23
20601149371,18
20601149398,10
20601149525,11
20601149631,22
20601150167,9
20601150418,8
20601151058,5
20601151066,7
20601151384,21
20601152003,8
20601152143,8
20601152291,6
20601152381,20
20601152852,6
20601153026,9
20601153352,7
20601153778,5
20601154464,23
20601155142,5
20601155401,5
20601155894,5
20601156327,11
20601156572,5
20601156858,5
20601156912,9
20601157404,9
20601157587,11
20601157692,6
20601157731,5
20601157854,5
20601158168,8
20601158362,6
20601158605,5
20601159245,6
20601159440,5
20601159563,7
20601159636,6
20601159831,18
20601160324,12
20601160367,9
20601160537,13
20601160561,16
20601160693,5
20601161436,8
20601161746,5
20601161754,5
20601161860,7
20601162050,18
20601162149,7
20601162335,5
20601162432,23
20601162696,8
20601163137,5
20601163391,20
20601164389,6
20601164443,5
20601164931,16
20601164974,6
20601165385,6
20601165881,21
20601165989,6
20601166021,7
20601166578,8
20601167132,12
20601167191,8
20601167655,13
20601167795,5
20601167833,7
20601167922,14
20601168732,10
20601169593,6
20601169682,22
20601169691,12
20601170010,6
20601170729,6
20601171181,5
20601171440,23
20601171709,12
20601171725,6
20601172012,7
20601172217,7
20601172284,8
20601172420,21
20601173221,12
20601173299,5
20601173400,20
20601174279,8
20601174325,5
20601174589,5
20601175020,11
20601175330,8
20601175429,5
20601175810,6
20601176506,20
20601176620,6
20601177812,7
20601178142,8
20601178339,6
20601178401,6
20601178771,6
20601178916,14
20601178991,9
20601179271,14
20601179327,5
20601179971,5
20601180015,6
20601181801,6
20601182158,14
20601182727,11
20601183731,10
20601183910,25
20601184339,12
20601184568,6
20601184622,12
20601184819,12
20601184908,10
20601185246,6
20601185653,5
20601185793,7
20601185904,11
20601185971,10
20601186820,7
20601187044,8
20601187192,6
20601187389,17
20601187478,14
20601187974,22
20601188059,19
20601188296,11
20601188717,5
20601188865,11
20601188920,8
20601189161,13
20601189659,6
20601190193,23
20601190606,12
20601190983,6
20601191343,21
20601191564,5
20601192153,5
20601192340,9
20601192404,14
20601192579,14
20601193427,6
20601193877,10
20601193931,20
20601194181,17
20601194814,7
20601195381,6
20601195799,5
20601196256,10
20601196582,7
20601196841,5
20601197171,9
20601197261,10
20601197848,11
20601198046,6
20601198135,12
20601198348,5
20601198381,5
20601198836,6
20601198925,6
20601199328,18
20601199557,10
20601199824,12
20601200172,6
20601200601,5
20601200903,8
20601201136,12
20601201233,6
20601201560,11
20601201641,5
20601202574,8
20601202680,5
20601202850,12
20601202965,11
20601203007,11
20601203660,9
20601203856,5
20601204046,7
20601204208,6
20601204267,22
20601204364,6
20601204488,16
20601205964,6
20601206308,5
20601206561,5
20601206758,7
20601206880,13
20601206928,11
20601206952,12
20601207177,10
20601207193,24
20601207304,5
20601207401,5
20601207592,15
20601208327,5
20601208611,5
20601209234,7
20601209587,23
20601209790,7
20601210003,5
20601211433,8
20601211441,6
20601211841,7
20601212090,7
20601212421,8
20601212430,5
20601212472,6
20601212502,5
20601213070,5
20601213274,8
20601213860,5
20601214173,6
20601214661,5
20601214726,11
20601214742,6
20601214793,5
20601214831,23
20601214874,11
20601215072,8
20601215986,13
20601216427,6
20601217067,7
20601217245,6
20601217687,21
20601217768,6
20601218675,24
20601218781,8
20601218942,5
20601219302,14
20601219566,5
20601219582,6
20601220378,6
20601220939,8
20601221129,23
20601221331,21
20601221846,8
20601221927,9
20601222435,7
20601222788,10
20601223636,8
20601224250,6
20601224276,6
20601224331,8
20601225175,7
20601225353,5
20601225639,22
20601225728,6
20601226015,23
20601226431,21
20601226759,9
20601226775,7
20601226902,12
20601227178,9
20601227747,8
20601227828,12
20601228085,8
20601228263,6
20601228425,5
20601228492,12
20601228514,18
20601228557,9
20601228590,21
20601228701,5
20601228719,6
20601229006,14
20601229201,11
20601229251,5
20601229294,6
20601229766,20
20601230659,6
20601230691,5
20601230799,6
20601231051,5
20601231060,6
20601231477,6
20601232201,8
20601233488,16
20601234115,5
20601234123,12
20601234352,5
20601234379,6
20601234638,5
20601234719,6
20601234999,6
20601235537,7
20601235758,8
20601236088,7
20601236134,6
20601237181,26
20601237335,7
20601237513,15
20601237572,10
20601237840,17
20601237912,8
20601238277,6
20601238340,16
20601238498,6
20601238544,20
20601239079,8
20601239842,13
20601240298,5
20601241421,5
20601241669,17
20601241871,10
20601242266,11
20601242291,6
20601242304,5
20601242380,20
20601242410,6
20601242517,10
20601242657,15
20601242789,5
20601243513,20
20601244145,9
20601244269,6
20601245206,7
20601245974,10
20601246636,6
20601246741,20
20601246890,9
20601248116,6
20601248566,7
20601248582,5
20601248647,11
20601248884,5
20601249431,12
20601249571,5
20601249678,8
20601249821,5
20601249970,7
20601251567,6
20601251737,11
20601251931,6
20601252202,15
20601252458,13
20601253241,7
20601253781,10
20601253799,9
20601253977,5
20601254817,22
20601255724,11
20601256534,9
20601257247,7
20601257280,23
20601257387,11
20601257425,9
20601257514,14
20601258146,7
20601258812,5
20601259754,12
20601260094,5
20601260191,11
20601260302,22
20601260388,5
20601260779,5
20601261031,19
20601261074,5
20601261104,8
20601261341,7
20601262038,10
20601262291,6
20601262496,6
20601263093,7
20601263298,9
20601263506,6
20601264031,5
20601264235,8
20601264910,9
20601265002,9
20601265339,10
20601265495,6
20601265517,7
20601266432,9
20601266882,18
20601266980,5
20601267200,19
20601267439,5
20601267951,15
20601268206,15
20601268583,5
20601268605,9
20601269547,10
20601269652,5
20601269849,34
20601269873,5
20601269911,8
20601270430,5
20601271827,5
20601272831,5
20601273463,5
20601273510,9
20601273960,5
20601274028,9
20601274133,8
20601274257,22
20601274516,9
20601274575,5
20601274699,9
20601274966,5
20601275211,6
20601275318,11
20601275776,9
20601275792,5
20601276144,7
20601276187,5
20601277272,5
20601277949,12
20601278074,6
20601278236,5
20601278406,8
20601278465,5
20601278490,8
20601278589,14
20601278694,7
20601278830,5
20601279542,6
20601279593,8
20601279623,5
20601279682,6
20601280133,5
20601280419,6
20601280508,11
20601280516,8
20601280541,12
20601281024,9
20601281199,6
20601281431,5
20601282829,6
20601283108,7
20601283191,6
20601283230,11
20601283353,5
20601283744,7
20601284007,8
20601284031,5
20601285127,5
20601285330,9
20601285526,6
20601285941,24
20601286158,7
20601286166,5
20601286344,13
20601286417,7
20601286671,10
20601286794,6
20601287481,6
20601287693,8
20601288100,10
20601288657,5
20601289408,6
20601289645,5
20601289688,10
20601290015,13
20601290856,5
20601292379,6
20601292514,5
20601292867,7
20601293197,5
20601294541,8
20601295076,7
20601295343,5
20601295483,8
20601295521,11
20601295815,8
20601296170,5
20601296226,12
20601296650,6
20601296820,10
20601296960,5
20601297401,8
20601297541,6
20601297621,5
20601297648,10
20601297702,7
20601297826,10
20601298661,5
20601298733,10
20601299977,5
20601300088,11
20601301271,8
20601301441,19
20601301572,7
20601301947,6
20601302111,7
20601302129,5
20601302609,5
20601302862,6
20601302889,5
20601303222,13
20601304253,7
20601304342,12
20601304521,11
20601304636,8
20601305535,5
20601305772,11
20601305870,6
20601306256,8
20601306302,6
20601306566,22
20601306621,6
20601306647,6
20601307015,6
20601307082,6
20601307422,6
20601307686,7
20601307864,10
20601307988,9
20601308160,21
20601308321,9
20601308917,7
20601309786,6
20601310601,5
20601310695,20
20601311608,15
20601311781,7
20601312710,17
20601313031,7
20601313414,19
20601313449,5
20601313597,14
20601314526,7
20601314607,13
20601314615,19
20601314666,6
20601314674,16
20601314984,25
20601316031,6
20601316201,9
20601316880,5
20601317207,6
20601317461,22
20601317738,6
20601317924,9
20601318220,9
20601318491,21
20601319528,5
20601319676,9
20601319978,6
20601320186,7
20601320305,6
20601320313,9
20601320551,7
20601321140,6
20601321816,16
20601321875,5
20601322103,5
20601322278,10
20601322456,21
20601322898,10
20601323461,7
20601323525,20
20601323746,9
20601325307,5
20601325617,19
20601326249,14
20601327148,11
20601327326,12
20601327440,6
20601327547,15
20601327903,5
20601328039,12
20601328047,16
20601328195,5
20601328209,5
20601328624,5
20601329256,7
20601329540,21
20601330335,6
20601330696,8
20601330866,7
20601330882,8
20601330963,6
20601331188,8
20601331463,13
20601331897,7
20601332559,6
20601332648,7
20601333946,12
20601334152,14
20601334497,6
20601334586,8
20601334969,9
20601334985,7
20601335990,6
20601337275,9
20601337542,6
20601337755,15
20601337798,7
20601338204,8
20601338522,6
20601338590,7
20601339278,7
20601339332,11
20601339413,6
20601339791,16
20601340101,6
20601340331,5
20601340675,7
20601340811,6
20601341582,7
20601342309,14
20601342325,5
20601342368,9
20601342724,15
20601342872,7
20601343241,6
20601343534,10
20601343984,22
20601344441,5
20601344999,6
20601345154,11
20601345286,7
20601345979,21
20601346622,5
20601346941,6
20601346983,6
20601347742,22
20601348455,16
20601348561,8
20601348803,5
20601349214,6
20601349249,5
20601349788,8
20601349931,5
20601350158,8
20601350387,5
20601350697,10
20601350956,6
20601350981,12
20601351120,5
20601352185,5
20601352410,8
20601352452,5
20601352959,20
20601353017,5
20601353432,6
20601354897,9
20601355133,9
20601355281,6
20601355478,13
20601355761,28
20601355885,8
20601356024,21
20601356075,6
20601356148,8
20601356156,8
20601357471,7
20601357578,5
20601357659,6
20601357691,6
20601358582,10
20601358868,5
20601359040,8
20601359325,12
20601359635,15
20601359929,5
20601359953,14
20601360382,6
20601361044,7
20601361052,7
20601361087,5
20601361273,5
20601361541,18
20601362008,5
20601362679,13
20601362954,8
20601363420,8
20601363861,6
20601363977,23
20601364833,5
20601365007,20
20601365015,6
20601365040,9
20601365741,22
20601366208,12
20601366739,5
20601366917,7
20601367042,6
20601367212,7
20601367760,12
20601368600,6
20601368766,11
20601368995,5
20601369231,8
20601369622,7
20601369819,7
20601369886,5
20601370621,9
20601371074,14
20601371171,5
20601371783,14
20601371953,5
20601372674,18
20601373247,11
20601373875,21
20601374260,13
20601374588,18
20601374685,8
20601375479,5
20601375932,16
20601376092,7
20601377021,11
20601377587,13
20601377609,13
20601377650,6
20601379016,9
20601379199,13
20601379229,15
20601380260,9
20601382262,11
20601382912,5
20601383064,15
20601383463,5
20601383714,6
20601383722,6
20601384737,10
20601385547,8
20601385997,5
20601386519,10
20601386608,5
20601387272,7
20601388112,7
20601388848,13
20601389283,5
20601389364,7
20601390125,6
20601390320,14
20601390621,5
20601390699,7
20601390851,7
20601391784,15
20601391792,5
20601392063,12
20601392101,10
20601393884,5
20601394520,5
20601395046,5
20601395925,8
20601396123,8
20601396239,13
20601396298,7
20601397120,23
20601397294,10
20601397464,21
20601397618,5
20601398789,9
20601399297,35
20601400031,9
20601400546,11
20601400805,5
20601400902,16
20601401038,9
20601401089,6
20601401453,5
20601401623,5
20601401682,7
20601402174,6
20601402263,7
20601402433,11
20601402506,8
20601402662,8
20601402760,6
20601403332,9
20601403766,7
20601403928,7
20601404479,6
20601404916,8
20601405599,21
20601405661,8
20601406153,7
20601406218,6
20601406358,18
20601406480,5
20601407133,8
20601407699,5
20601408237,8
20601408300,21
20601408687,7
20601409926,11
20601410398,23
20601410576,6
20601411190,5
20601411327,9
20601411629,10
20601412102,6
20601412692,15
20601412714,8
20601412871,8
20601413095,9
20601413168,7
20601413281,5
20601413320,5
20601413613,6
20601413842,7
20601414067,15
20601414971,17
20601415101,7
20601415276,5
20601415608,16
20601416329,11
20601416761,6
20601416931,9
20601417619,10
20601417929,6
20601417937,5
20601418437,5
20601418518,5
20601418577,6
20601418828,7
20601418917,7
20601419476,5
20601419590,7
20601420121,6
20601420229,11
20601420245,6
20601420288,23
20601420628,7
20601420881,7
20601420971,10
20601421225,18
20601421420,7
20601421951,12
20601421977,6
20601422329,10
20601422469,6
20601422698,8
20601422868,7
20601423295,9
20601423759,5
20601424313,12
20601424429,9
20601424551,8
20601424747,15
20601424810,7
20601424895,5
20601425166,7
20601425425,6
20601425654,9
20601425697,10
20601425719,7
20601425743,7
20601426341,7
20601426421,7
20601426618,6
20601426758,11
20601427193,5
20601427576,6
20601428203,8
20601428572,5
20601428874,5
20601429323,5
20601429391,5
20601429617,5
20601429773,16
20601429943,9
20601430470,6
20601430542,5
20601430551,12
20601430909,5
20601430925,9
20601431352,5
20601431361,12
20601431425,21
20601431964,9
20601432332,5
20601432529,6
20601432642,7
20601432740,6
20601432774,7
20601432855,7
20601432961,8
20601433479,11
20601433584,7
20601434149,11
20601434335,23
20601434351,12
20601435111,6
20601435277,10
20601435293,6
20601435404,6
20601435421,16
20601436737,5
20601437415,6
20601437717,7
20601437989,9
20601438152,6
20601438586,30
20601438756,5
20601438870,7
20601439221,6
20601439361,12
20601439655,5
20601439868,5
20601440041,9
20601440254,6
20601440289,6
20601440807,6
20601440874,8
20601441242,5
20601442401,5
20601442575,9
20601443008,5
20601443091,17
20601443156,22
20601443431,17
20601444071,9
20601444373,5
20601444624,5
20601444705,5
20601444934,8
20601445621,5
20601445671,6
20601445868,10
20601446015,12
20601446350,11
20601446562,6
20601446619,5
20601446724,13
20601447518,7
20601448425,7
20601448689,10
20601448697,21
20601448875,10
20601449022,5
20601449031,5
20601450110,11
20601450748,5
20601451272,9
20601451418,5
20601451647,8
20601451663,13
20601452031,5
20601452121,5
20601452651,16
20601453925,7
20601454131,9
20601454255,21
20601455065,6
20601455723,6
20601456304,12
20601457297,9
20601457998,5
20601458463,12
20601458854,8
20601459737,7
20601460182,8
20601460204,6
20601460727,6
20601460913,5
20601461154,8
20601461570,31
20601461863,12
20601462231,11
20601463203,5
20601463971,19
20601464030,6
20601464391,8
20601464447,6
20601464480,8
20601464692,8
20601464765,7
20601465061,9
20601465729,7
20601465842,14
20601466075,11
20601466920,27
20601467420,12
20601467454,12
20601467471,17
20601467799,11
20601467900,6
20601468256,6
20601468370,7
20601468400,6
20601468582,15
20601468655,7
20601469210,21
20601469333,19
20601470064,8
20601470161,9
20601470561,19
20601471222,5
20601471311,6
20601471567,5
20601471800,8
20601471818,5
20601473403,6
20601473683,5
20601473926,27
20601474485,7
20601474736,6
20601474892,6
20601474957,9
20601475261,5
20601475791,7
20601476291,8
20601477565,8
20601477891,6
20601478391,5
20601478634,5
20601478774,22
20601478936,7
20601479126,10
20601479151,7
20601479584,11
20601480345,8
20601480655,7
20601481015,11
20601481945,5
20601482569,5
20601483689,21
20601484049,8
20601484138,14
20601484774,6
20601484995,8
20601485088,9
20601486068,7
20601486254,12
20601486611,8
20601486777,7
20601486874,15
20601486998,5
20601487285,9
20601487749,23
20601488052,13
20601488087,7
20601488702,5
20601489601,6
20601489709,7
20601489725,11
20601490316,6
20601490324,12
20601490405,6
20601490472,6
20601490821,6
20601492343,8
20601492394,5
20601492921,10
20601493030,15
20601493684,5
20601493749,8
20601494061,6
20601494095,12
20601494176,14
20601494338,12
20601495342,10
20601495504,12
20601495989,8
20601496357,7
20601496683,5
20601496837,13
20601497566,6
20601497973,5
20601498023,8
20601498830,7
20601498953,12
20601498970,5
20601499020,6
20601499810,5
20601499879,7
20601499909,5
20601500184,12
20601500231,18
20601501105,11
20601501326,14
20601501997,11
20601502365,7
20601502373,8
20601502748,8
20601503094,7
20601503477,9
20601503752,6
20601504261,7
20601504481,5
20601504708,6
20601505178,10
20601505658,9
20601505984,10
20601506069,16
20601506115,5
20601506921,18
20601507626,6
20601508070,7
20601508401,12
20601508835,6
20601509157,25
20601509513,7
20601509653,14
20601509785,8
20601509874,10
20601509882,5
20601511844,12
20601512662,10
20601512671,7
20601512786,5
20601513341,5
20601514681,14
20601514843,15
20601514916,7
20601515556,9
20601515599,21
20601515963,11
20601516005,7
20601516331,7
20601516471,7
20601516587,19
20601516650,13
20601517796,15
20601517842,6
20601518130,8
20601518440,15
20601518458,5
20601518563,13
20601518695,10
20601518741,5
20601519501,22
20601520096,12
20601520231,10
20601520339,9
20601520681,5
20601521009,14
20601521734,11
20601521874,5
20601522013,5
20601522463,8
20601523303,11
20601523338,5
20601523672,12
20601523974,5
20601524881,5
20601524903,5
20601525233,10
20601525306,13
20601525586,11
20601525675,6
20601525721,6
20601525781,5
20601525993,6
20601526078,7
20601526370,19
20601526388,9
20601526566,21
20601527031,11
20601527147,11
20601527325,7
20601527911,11
20601529361,20
20601529492,5
20601529786,16
20601530521,5
20601530636,5
20601530849,34
20601531012,8
20601532566,6
20601532981,5
20601534330,13
20601534623,22
20601534771,9
20601534879,11
20601535204,9
20601535301,7
20601535441,15
20601536171,7
20601536201,5
20601536294,5
20601536529,21
20601537029,5
20601537177,9
20601537185,6
20601537312,5
20601537452,7
20601538165,26
20601538173,10
20601538840,11
20601539749,5
20601540151,7
20601540275,12
20601540437,20
20601540488,5
20601540976,7
20601541131,20
20601542065,15
20601542456,6
20601542570,11
20601542600,6
20601542740,5
20601543053,14
20601543746,6
20601544238,7
20601544688,9
20601544840,5
20601544947,8
20601545366,6
20601545633,12
20601546176,17
20601546761,6
20601546770,7
20601546818,6
20601547687,12
20601548357,18
20601548365,24
20601548527,5
20601548730,5
20601548811,9
20601548829,12
20601548951,5
20601549698,5
20601550335,7
20601551421,7
20601551510,12
20601551528,10
20601551650,8
20601552125,5
20601552745,11
20601553105,6
20601553334,6
20601553431,8
20601553482,10
20601553628,11
20601553954,9
20601555434,5
20601556279,10
20601557020,8
20601557062,23
20601557526,22
20601557755,7
20601558263,21
20601558816,22
20601560136,5
20601560489,8
20601560624,10
20601561906,6
20601563216,11
20601563721,15
20601564247,9
20601564743,5
20601565235,5
20601565588,5
20601565715,7
20601566363,11
20601566584,10
20601566924,12
20601566983,6
20601567106,6
20601567157,19
20601567335,8
20601567629,6
20601568234,11
20601568561,8
20601568731,21
20601569141,7
20601569354,6
20601569656,9
20601569664,11
20601570174,6
20601570409,7
20601570531,7
20601570760,5
20601570972,13
20601571022,9
20601571065,5
20601571103,5
20601571553,5
20601571677,5
20601571715,9
20601571944,7
20601572835,7
20601574102,5
20601574676,6
20601574901,5
20601576245,20
20601576580,5
20601576695,6
20601577055,9
20601577128,11
20601577501,8
20601577713,7
20601578566,7
20601578710,5
20601579244,16
20601579295,13
20601579368,5
20601579414,7
20601579864,9
20601580005,7
20601580099,5
20601580781,7
20601580820,5
20601581621,7
20601581834,7
20601581877,7
20601582423,16
20601583519,13
20601584001,16
20601584108,17
20601584914,5
20601584973,6
20601585236,19
20601586003,7
20601586097,14
20601586305,21
20601586615,21
20601587361,9
20601589193,14
20601590647,6
20601590736,6
20601590825,5
20601591406,5
20601591619,18
20601591911,7
20601592585,5
20601592631,5
20601593026,13
20601593301,6
20601593751,16
20601593930,6
20601594154,20
20601594324,6
20601594464,22
20601594472,9
20601594561,6
20601594791,27
20601595053,5
20601595126,10
20601595339,19
20601595711,7
20601596424,5
20601596793,16
20601596891,8
20601596971,16
20601596998,31
20601597137,6
20601597293,10
20601597315,14
20601597358,6
20601598001,20
20601598052,5
20601598575,7
20601598796,10
20601599237,7
20601599342,5
20601600341,5
20601600545,22
20601600707,9
20601600952,5
20601601045,12
20601601185,8
20601601266,10
20601601401,6
20601601452,8
20601602122,6
20601602246,10
20601602416,7
20601602467,6
20601603820,21
20601605024,21
20601605067,23
20601605334,6
20601605466,5
20601605482,5
20601605776,12
20601606055,10
20601606233,8
20601606390,7
20601606764,10
20601606942,6
20601607523,9
20601607825,5
20601608210,6
20601608325,8
20601608406,7
20601608562,11
20601608856,6
20601609071,9
20601609241,19
20601609437,8
20601609526,11
20601609615,6
20601609763,5
20601609861,7
20601610036,8
20601610664,19
20601610826,8
20601610907,7
20601610923,5
20601611164,5
20601612250,7
20601612276,8
20601612691,9
20601612888,8
20601613396,21
20601613442,5
20601614066,10
20601614082,19
20601614368,10
20601614767,9
20601615216,5
20601616191,6
20601616204,8
20601617359,10
20601617430,5
20601617928,6
20601618118,18
20601618291,6
20601618690,7
20601618886,6
20601619033,21
20601619271,11
20601619947,6
20601620147,5
20601620376,6
20601621241,6
20601621828,23
20601622115,6
20601622387,6
20601622450,6
20601623260,5
20601623961,8
20601624088,21
20601624347,9
20601624983,14
20601625017,7
20601625301,11
20601625475,5
20601626081,8
20601626234,7
20601626986,6
20601627052,11
20601627460,7
20601628253,15
20601628296,5
20601628687,9
20601628890,13
20601629055,15
20601629292,9
20601630061,13
20601630100,9
20601630185,8
20601630282,6
20601630495,14
20601632846,22
20601633192,7
20601633591,8
20601633966,6
20601634032,20
20601634091,5
20601634181,8
20601634229,15
20601634237,6
20601634288,9
20601634369,8
20601634512,19
20601634831,5
20601635161,8
20601635306,11
20601636981,20
20601637503,5
20601638135,7
20601638143,11
20601638259,10
20601638496,8
20601640474,10
20601640512,21
20601640911,12
20601640971,7
20601641012,7
20601641250,23
20601641322,9
20601641926,8
20601642035,13
20601642078,10
20601642311,8
20601642451,18
20601642981,14
20601643490,5
20601643902,5
20601644488,6
20601644607,8
20601644640,11
20601645786,28
20601645964,23
20601646383,9
20601646979,11
20601647053,9
20601647410,20
20601647649,24
20601647681,9
20601647860,10
20601648084,5
20601649439,5
20601649498,5
20601649579,20
20601649781,9
20601650127,5
20601650160,5
20601650950,5
20601651328,5
20601651336,11
20601651531,23
20601651999,9
20601653550,6
20601653916,8
20601653941,8
20601653991,6
20601654408,6
20601655064,5
20601655099,6
20601655234,18
20601655251,7
20601655412,5
20601655544,11
20601656371,6
20601656419,6
20601656966,10
20601657067,7
20601657261,7
20601657440,9
20601657822,8
20601658462,9
20601658551,6
20601658675,7
20601658713,8
20601658756,17
20601659051,11
20601659205,9
20601659680,8
20601660718,7
20601660939,10
20601661111,8
20601661404,9
20601661552,5
20601661820,6
20601662150,7
20601662257,7
20601663300,5
20601664161,11
20601664179,9
20601664403,6
20601664489,26
20601664781,7
20601664900,5
20601665281,5
20601665329,8
20601666236,5
20601666767,11
20601667062,5
20601667135,5
20601667852,9
20601668395,6
20601668425,18
20601668433,10
20601668441,8
20601668476,6
20601668581,7
20601668913,8
20601669146,8
20601669316,22
20601669626,21
20601669707,6
20601670187,21
20601670331,7
20601670471,9
20601670560,6
20601670578,9
20601670632,5
20601670705,9
20601671361,10
20601671540,16
20601671990,9
20601672198,12
20601672210,11
20601672236,8
20601673615,7
20601673739,6
20601673810,6
20601673895,7
20601674115,5
20601674506,9
20601674735,8
20601674956,8
20601675103,8
20601675138,9
20601675154,8
20601676088,7
20601676347,12
20601676541,20
20601677459,7
20601677688,11
20601677823,7
20601677831,6
20601678579,18
20601681898,15
20601682436,10
20601682801,7
20601682819,19
20601683157,7
20601686725,6
20601686857,9
20601688213,8
20601689066,11
20601689546,9
20601689988,5
20601690498,5
20601691150,6
20601691168,9
20601691222,17
20601691460,9
20601691966,7
20601692032,5
20601692474,9
20601692491,5
20601692571,6
20601692598,8
20601692954,6
20601692989,5
20601693110,5
20601693357,23
20601693926,6
20601694752,13
20601694876,7
20601695147,12
20601695180,9
20601695503,5
20601695597,22
20601696372,7
20601696909,14
20601697531,10
20601697701,12
20601697913,5
20601698286,5
20601698987,5
20601699321,5
20601699479,5
20601700001,14
20601700124,18
20601700230,8
20601700647,11
20601700779,9
20601700876,8
20601701503,8
20601701627,8
20601701741,13
20601701783,8
20601702097,6
20601702399,7
20601702836,5
20601703450,12
20601703514,6
20601703671,9
20601703824,10
20601704219,8
20601704464,10
20601704723,6
20601704774,22
20601705185,29
20601705282,8
20601705878,6
20601705916,5
20601705959,11
20601706181,5
20601706777,6
20601706980,27
20601707293,7
20601707650,25
20601708141,19
20601708427,23
20601708524,15
20601708583,18
20601708974,12
20601709016,9
20601709148,9
20601709300,9
20601709326,6
20601709652,5
20601709822,6
20601710006,10
20601710511,16
20601711703,13
20601712726,5
20601713706,11
20601713765,10
20601713790,8
20601714079,10
20601714214,22
20601714346,8
20601714559,8
20601714800,13
20601714974,5
20601715393,5
20601715491,5
20601715687,10
20601716039,6
20601716811,7
20601716977,16
20601717752,9
20601718082,5
20601718465,5
20601718791,8
20601718929,5
20601719321,9
20601719739,11
20601720346,6
20601720486,15
20601720885,6
20601721474,11
20601721539,9
20601722373,6
20601722390,12
20601722438,13
20601722993,10
20601723035,10
20601723086,17
20601723159,6
20601723167,13
20601723175,6
20601723426,12
20601723434,21
20601723451,16
20601723825,19
20601724007,21
20601724112,21
20601724503,22
20601724597,12
20601725160,5
20601725551,21
20601726174,5
20601726191,7
20601726549,20
20601726662,15
20601727006,9
20601727766,5
20601728550,7
20601728657,10
20601729017,20
20601729661,5
20601730856,5
20601731453,5
20601732964,8
20601733413,6
20601733421,5
20601733740,9
20601735343,7
20601735661,7
20601735912,5
20601736099,10
20601736200,9
20601736269,7
20601736552,5
20601736561,5
20601736749,7
20601736781,5
20601737362,6
20601738156,6
20601738369,14
20601738717,12
20601738881,21
20601738954,5
20601739691,5
20601739781,9
20601739829,5
20601740959,11
20601741122,33
20601741637,20
20601742021,5
20601742111,5
20601742218,8
20601742668,9
20601743079,6
20601743338,5
20601743974,7
20601744351,7
20601744369,6
20601745233,8
20601746078,5
20601746116,10
20601746370,7
20601746680,7
20601746744,6
20601746795,6
20601747244,19
20601747317,5
20601748089,17
20601748101,9
20601748178,8
20601748283,15
20601748909,19
20601749298,5
20601749875,5
20601749981,20
20601751004,6
20601751250,22
20601751691,7
20601751861,9
20601751900,6
20601752078,8
20601752426,21
20601752507,14
20601753031,7
20601754020,6
20601754062,6
20601754241,20
20601754488,10
20601755476,13
20601755506,5
20601756901,16
20601756944,10
20601757126,5
20601757134,5
20601757339,15
20601758122,9
20601758556,6
20601758688,22
20601758751,14
20601758939,18
20601759307,12
20601759358,6
20601759404,5
20601759749,13
20601760283,13
20601760542,6
20601760585,8
20601761611,19
20601761913,8
20601762219,24
20601762731,8
20601763011,15
20601763631,26
20601763657,20
20601763720,9
20601763894,12
20601763941,5
20601764173,8
20601764271,5
20601764670,11
20601765072,5
20601765129,6
20601765641,9
20601765803,10
20601765978,9
20601766028,10
20601766338,5
20601766451,5
20601766842,8
20601767423,21
20601767580,22
20601768551,7
20601769132,9
20601769426,5
20601769850,6
20601769922,7
20601769949,5
20601769973,11
20601770017,7
20601770475,6
20601770653,6
20601770840,19
20601771331,7
20601771641,24
20601771811,6
20601771854,6
20601771901,11
20601771943,6
20601772397,7
20601772435,5
20601773130,6
20601773792,13
20601773954,13
20601774004,21
20601774179,6
20601774420,5
20601774675,17
20601775019,5
20601775108,11
20601775418,11
20601775612,7
20601775744,5
20601776082,6
20601776309,11
20601776520,11
20601776694,7
20601776767,21
20601776864,9
20601777194,13
20601777844,21
20601777968,9
20601780519,13
20601780764,10
20601780781,7
20601782066,7
20601782082,9
20601782341,5
20601782945,12
20601783011,11
20601783267,11
20601784824,8
20601785162,5
20601785413,9
20601785677,14
20601785961,9
20601786100,9
20601786151,11
20601786304,14
20601786606,5
20601786673,5
20601786738,5
20601787394,12
20601787700,17
20601787815,5
20601788005,6
20601788676,7
20601788838,5
20601789435,10
20601789541,14
20601789800,6
20601790115,9
20601790271,6
20601790361,13
20601790395,11
20601790662,11
20601790760,5
20601791332,6
20601791987,13
20601792118,7
20601792517,6
20601792550,6
20601792754,7
20601792789,9
20601793521,7
20601793661,5
20601794030,5
20601794307,9
20601794374,16
20601794480,6
20601794536,6
20601794633,7
20601794790,7
20601794838,13
20601794935,7
20601795796,6
20601796211,5
20601797314,6
20601797471,13
20601797497,7
20601797781,6
20601798396,6
20601799317,10
20601799872,5
20601800765,17
20601800838,10
20601800871,7
20601801249,5
20601801311,5
20601801371,12
20601801494,19
20601801559,14
20601802296,21
20601802300,6
20601802628,14
20601803021,28
20601803071,7
20601803411,11
20601803501,10
20601804086,13
20601804256,9
20601804426,7
20601804906,8
20601805082,13
20601805732,5
20601805856,19
20601805911,5
20601806046,6
20601806283,5
20601806801,7
20601807221,7
20601807883,8
20601807921,7
20601808219,21
20601808359,12
20601808405,7
20601808855,20
20601809045,6
20601809541,6
20601809711,10
20601809738,8
20601809878,5
20601810388,13
20601810400,11
20601810884,6
20601811074,16
20601811121,10
20601811333,6
20601811350,8
20601811384,5
20601812755,10
20601812798,16
20601812844,5
20601812992,20
20601813352,7
20601813557,10
20601814278,6
20601814626,6
20601814791,6
20601815282,10
20601816017,21
20601816335,5
20601816602,9
20601816785,5
20601817188,6
20601817293,7
20601817412,5
20601817455,6
20601818125,7
20601818231,5
20601818257,11
20601818605,7
20601818672,10
20601819253,11
20601819563,5
20601819784,5
20601819831,11
20601820120,13
20601820243,8
20601821070,6
20601821312,10
20601821606,6
20601823323,6
20601824133,7
20601824265,22
20601824711,8
20601825245,16
20601825491,13
20601825563,7
20601825806,11
20601826136,7
20601826811,5
20601827434,8
20601827451,14
20601827591,10
20601827612,6
20601828473,10
20601828848,9
20601829046,6
20601829101,8
20601829623,7
20601830010,5
20601830869,5
20601830966,9
20601831601,12
20601832390,22
20601832616,11
20601832781,10
20601833035,24
20601833396,10
20601833761,5
20601834082,5
20601834121,7
20601834643,15
20601834945,5
20601835071,11
20601835127,5
20601835305,21
20601835569,5
20601835640,8
20601836417,20
20601836841,13
20601836913,18
20601837138,12
20601837545,23
20601837651,5
20601837871,8
20601839203,5
20601839211,7
20601839327,8
20601839459,10
20601839840,7
20601840350,6
20601840619,8
20601841071,5
20601841411,11
20601841909,7
20601842085,14
20601842590,5
20601842603,18
20601842689,5
20601842778,8
20601842999,11
20601843502,5
20601843596,8
20601843839,8
20601844096,21
20601844436,7
20601844916,26
20601845114,6
20601845173,9
20601845408,5
20601845726,20
20601846056,6
20601846561,18
20601847265,5
20601847834,5
20601847869,5
20601848253,5
20601848458,5
20601848776,7
20601849411,6
20601849616,20
20601849772,6
20601849811,8
20601849845,11
20601849942,6
20601850223,14
20601850274,6
20601850291,5
20601850657,7
20601851246,6
20601851408,7
20601851513,6
20601851840,11
20601852153,6
20601852641,8
20601852668,8
20601852706,18
20601852749,8
20601852927,16
20601853010,6
20601853281,6
20601853478,15
20601853656,11
20601854377,8
20601854776,6
20601855331,9
20601855551,8
20601855705,5
20601856621,6
20601857023,15
20601857295,22
20601857317,7
20601857457,28
20601857759,5
20601857791,16
20601858003,9
20601858259,21
20601858399,6
20601858526,5
20601858615,8
20601858721,6
20601859107,8
20601859409,5
20601859735,5
20601860202,12
20601860601,5
20601861772,10
20601861985,7
20601862027,6
20601862345,5
20601862515,5
20601862663,20
20601863899,6
20601863911,5
20601864003,8
20601864119,5
20601864372,6
20601864381,5
20601864623,7
20601865042,6
20601865204,10
20601866481,6
20601866553,8
20601866928,6
20601867304,5
20601867428,5
20601867801,9
20601868173,11
20601868335,10
20601868831,6
20601869226,7
20601869447,20
20601870119,5
20601870330,5
20601870810,10
20601870933,15
20601870950,6
20601870968,5
20601871077,10
20601871093,8
20601871221,7
20601871387,8
20601871409,7
20601872103,6
20601872553,13
20601872669,8
20601872766,5
20601873398,11
20601873690,5
20601873894,21
20601874599,5
20601874629,5
20601875200,7
20601875374,6
20601877555,5
20601877717,10
20601878462,8
20601878713,11
20601878721,5
20601879965,11
20601880190,11
20601880327,15
20601880530,18
20601881153,12
20601881340,9
20601882249,6
20601882745,10
20601882761,5
20601882940,7
20601883121,6
20601883415,5
20601884691,14
20601885191,11
20601885515,6
20601885671,18
20601885787,8
20601886287,5
20601886741,6
20601886864,9
20601886881,8
20601888221,7
20601888875,7
20601889341,7
20601889740,8
20601890063,5
20601890730,6
20601890829,11
20601891663,5
20601892023,7
20601892139,16
20601892708,5
20601893488,5
20601893704,15
20601893771,5
20601893895,21
20601894581,10
20601894891,8
20601895499,5
20601896614,15
20601896789,12
20601896835,6
20601897823,5
20601897882,18
20601898293,7
20601898463,13
20601898561,10
20601898722,5
20601899095,5
20601899541,5
20601899575,6
20601900409,13
20601900514,21
20601900654,14
20601900662,23
20601901677,5
20601902096,7
20601902746,17
20601902878,6
20601903211,6
20601904064,5
20601904102,12
20601904234,7
20601905257,17
20601905842,6
20601905893,7
20601905915,7
20601906351,9
20601906725,6
20601906814,19
20601907152,7
20601907624,12
20601908191,8
20601908752,22
20601908868,5
20601909082,6
20601909163,5
20601909317,11
20601909392,16
20601909511,8
20601910145,14
20601910307,7
20601910421,12
20601910587,16
20601911257,12
20601911524,6
20601912270,9
20601912610,8
20601912636,8
20601912997,12
20601913055,7
20601913691,6
20601913799,14
20601914094,5
20601914141,21
20601914540,11
20601914655,6
20601914833,5
20601915465,11
20601915503,14
20601915660,12
20601915899,6
20601916381,8
20601916712,12
20601916828,9
20601916950,5
20601917590,22
20601917671,5
20601917883,11
20601918022,14
20601918146,11
20601918375,11
20601918766,9
20601918774,6
20601918898,5
20601919061,7
20601919240,8
20601919657,10
20601919681,6
20601920353,6
20601920825,7
20601921104,5
20601921210,12
20601922780,14
20601922895,7
20601923646,6
20601923654,8
20601923778,7
20601923972,8
20601924391,8
20601924421,17
20601924618,5
20601925100,9
20601925215,5
20601926378,6
20601926459,11
20601926483,9
20601926971,5
20601927650,7
20601928010,10
20601928346,20
20601928621,9
20601929351,9
20601930570,5
20601930715,9
20601930880,5
20601931282,8
20601931924,7
20601931991,16
20601932394,16
20601932424,8
20601932459,8
20601933170,10
20601933404,6
20601933978,7
20601934389,9
20601934982,17
20601935024,5
20601935440,5
20601935458,5
20601935521,11
20601935725,17
20601935997,6
20601936195,10
20601936501,5
20601937183,6
20601937647,11
20601937655,6
20601937787,7
20601937868,7
20601938007,7
20601938457,8
20601939437,5
20601939526,5
20601939682,5
20601940451,5
20601940605,16
20601941881,9
20601942179,5
20601942390,7
20601942632,5
20601943175,6
20601943680,9
20601943736,19
20601944287,11
20601945291,9
20601945330,6
20601945348,6
20601945925,5
20601945950,11
20601946026,6
20601946140,11
20601946816,10
20601947421,5
20601952034,11
20601952077,11
20601952093,6
20601952409,9
20601952484,12
20601952841,7
20601953235,8
20601954444,19
20601954789,15
20601955165,14
20601955301,7
20601955483,5
20601956404,7
20601956781,7
20601957362,10
20601957621,20
20601958121,20
20601958474,18
20601958644,18
20601958695,5
20601958792,22
20601958911,14
20601960061,6
20601960401,6
20601960487,7
20601960762,10
20601960959,19
20601961009,34
20601961254,22
20601961297,5
20601961386,5
20601961955,8
20601962102,7
20601962161,5
20601962625,12
20601963010,8
20601964423,5
20601964512,11
20601964971,9
20601965543,18
20601965985,7
20601966027,7
20601966272,6
20601966612,12
20601966647,14
20601966671,6
20601967104,12
20601967643,23
20601968135,6
20601968470,6
20601968551,5
20601969051,5
20601969867,8
20601970172,6
20601970580,7
20601970687,10
20601970849,24
20601970962,9
20601971276,5
20601972027,11
20601972108,5
20601972558,17
20601973392,6
20601973597,16
20601974119,11
20601974721,8
20601975298,7
20601975361,10
20601976031,8
20601976294,14
20601976405,13
20601976430,15
20601976782,8
20601976898,21
20601977207,14
20601977797,11
20601978297,10
20601978319,15
20601978556,5
20601978572,21
20601978602,7
20601978700,18
20601978823,17
20601978971,13
20601979498,7
20601980500,7
20601981077,6
20601981522,10
20601982090,6
20601982952,5
20601983657,10
20601984211,5
20601984327,6
20601984343,5
20601984432,10
20601984696,14
20601985072,5
20601985188,5
20601985218,10
20601985668,8
20601985960,5
20601986028,14
20601986184,6
20601986362,6
20601987083,9
20601987733,21
20601988322,6
20601989060,9
20601989108,19
20601989701,18
20601989761,7
20601990564,19
20601991951,6
20601992125,5
20601992664,14
20601993181,10
20601994225,8
20601994543,6
20601994578,5
20601994802,7
20601995931,8
20601996571,5
20601997330,10
20601997381,6
20601997518,22
20601997551,7
20601997577,23
20601997992,10
20601999065,11
20601999812,9
20602000231,7
20602000312,7
20602000622,7
20602001173,9
20602001521,7
20602002285,5
20602003346,20
20602003397,5
20602003427,10
20602004369,5
20602005560,5
20602005934,9
20602006027,11
20602006124,7
20602006477,5
20602007970,10
20602008011,6
20602008879,20
20602009328,9
20602009701,7
20602010334,22
20602010628,10
20602010920,6
20602011497,10
20602012701,6
20602013252,21
20602013350,18
20602013503,9
20602013759,9
20602014372,5
20602016146,22
20602016791,6
20602016812,9
20602016979,5
20602017410,7
20602017479,6
20602017614,9
20602018661,5
20602019455,5
20602019781,23
20602020399,13
20602020518,20
20602020798,13
20602022065,6
20602022154,5
20602023151,11
20602023673,16
20602023894,5
20602024327,5
20602024386,8
20602024696,10
20602024718,5
20602024963,13
20602025030,6
20602025234,14
20602025382,7
20602025731,9
20602026036,9
20602026575,20
20602026664,7
20602026991,5
20602027024,8
20602027083,11
20602027300,11
20602027679,8
20602028306,7
20602028781,21
20602028829,21
20602029345,6
20602029558,23
20602030149,6
20602031188,20
20602031889,19
20602032494,10
20602033032,5
20602033105,9
20602033431,7
20602033792,5
20602033865,11
20602034004,5
20602034161,8
20602034675,15
20602034993,7
20602035418,10
20602035795,5
20602036732,8
20602037399,7
20602037933,22
20602038697,10
20602039413,6
20602039804,13
20602039901,6
20602040098,10
20602040373,5
20602040659,5
20602040799,5
20602042180,5
20602042201,6
20602042252,7
20602042546,17
20602043615,10
20602044239,26
20602044310,5
20602044638,6
20602044697,5
20602044735,6
20602044883,6
20602045057,5
20602045162,6
20602045570,6
20602045774,9
20602046321,6
20602047424,6
20602047785,5
20602048285,10
20602048498,7
20602048943,10
20602049427,6
20602049451,8
20602050123,5
20602050786,19
20602050956,6
20602050981,8
20602051561,19
20602052142,5
20602052193,16
20602052266,5
20602052282,6
20602052355,11
20602052941,7
20602053394,14
20602053742,7
20602053904,10
20602054064,13
20602054137,7
20602054170,7
20602054609,5
20602054986,10
20602055095,6
20602055184,6
20602055478,13
20602055567,11
20602055605,9
20602055702,22
20602055834,8
20602056610,18
20602056652,10
20602056792,5
20602056857,11
20602057292,5
20602057888,7
20602058230,6
20602058795,7
20602059074,5
20602059180,8
20602059198,6
20602059261,8
20602060811,5
20602060960,9
20602061494,9
20602061613,5
20602061796,5
20602062211,11
20602062318,14
20602062491,8
20602063616,7
20602063756,10
20602064205,13
20602064515,27
20602065856,9
20602066691,6
20602067301,5
20602067751,5
20602067786,5
20602068740,9
20602068928,11
20602069126,7
20602069207,8
20602069274,7
20602069550,11
20602069801,7
20602070078,5
20602070507,8
20602070809,16
20602071040,5
20602071309,7
20602071414,9
20602071635,5
20602072151,8
20602072313,14
20602072500,6
20602073468,5
20602073484,8
20602073646,17
20602073701,10
20602073778,11
20602073905,12
20602074081,6
20602074219,5
20602075151,8
20602075631,5
20602076050,6
20602076220,7
20602076301,6
20602076351,7
20602076611,9
20602076793,13
20602078052,11
20602078079,6
20602078672,21
20602079091,5
20602079857,21
20602080421,6
20602080707,22
20602080774,7
20602081061,23
20602081401,7
20602081576,9
20602081681,7
20602082084,7
20602082351,12
20602083048,24
20602083137,10
20602083731,5
20602083951,5
20602084028,11
20602084176,7
20602084575,9
20602084974,6
20602085164,5
20602085385,23
20602085415,6
20602085661,10
20602086004,6
20602086080,9
20602086209,7
20602086519,6
20602086560,12
20602086578,7
20602086977,12
20602087329,6
20602088597,8
20602088660,5
20602088864,8
20602089178,8
20602089267,6
20602089941,6
20602090001,15
20602090117,9
20602090702,7
20602091342,11
20602091458,6
20602091521,13
20602092063,13
20602092101,8
20602092233,9
20602092276,9
20602092381,7
20602092390,8
20602092845,12
20602093159,8
20602093345,7
20602094155,8
20602094236,9
20602094805,6
20602095879,5
20602096174,5
20602096808,12
20602097251,11
20602097413,5
20602097570,5
20602097791,5
20602099084,9
20602099203,11
20602099262,5
20602099319,5
20602099416,8
20602099564,5
20602099661,5
20602100023,12
20602100201,20
20602100333,6
20602100856,6
20602102344,5
20602102832,8
20602102913,5
20602102948,8
20602103162,8
20602103219,8
20602103235,13
20602103405,8
20602103499,8
20602104428,20
20602105106,5
20602105122,5
20602105408,17
20602105475,6
20602105505,14
20602105815,6
20602106277,11
20602106561,5
20602107079,10
20602107184,5
20602107567,13
20602108008,21
20602108075,10
20602108083,10
20602109225,5
20602109519,5
20602109608,5
20602109837,7
20602109951,6
20602110061,5
20602110231,12
20602110673,6
20602110860,8
20602111092,6
20602112056,6
20602114121,5
20602115217,8
20602115349,23
20602116256,10
20602117058,6
20602117431,6
20602117759,10
20602118640,8
20602118976,5
20602119263,5
20602119395,7
20602119557,7
20602119778,13
20602120202,6
20602121314,8
20602121497,18
20602122205,5
20602122230,7
20602122248,6
20602122612,5
20602122779,23
20602123104,11
20602123112,9
20602123139,8
20602123732,6
20602124097,21
20602124381,17
20602125352,7
20602125361,6
20602125379,11
20602125441,6
20602125972,6
20602127118,12
20602127908,7
20602128122,21
20602128335,5
20602128467,10
20602128700,22
20602128823,21
20602129021,12
20602129293,11
20602130259,7
20602130399,7
20602130780,12
20602130895,18
20602131549,23
20602131620,5
20602131735,5
20602131972,6
20602133282,8
20602133541,6
20602133550,18
20602135714,11
20602136893,8
20602137555,25
20602138829,10
20602138969,19
20602139256,6
20602139311,7
20602140050,5
20602140106,7
20602140491,8
20602140891,6
20602141064,8
20602141340,8
20602141536,8
20602142303,5
20602143881,11
20602143962,8
20602144233,7
20602144373,20
20602144390,17
20602144403,7
20602144462,14
20602144535,5
20602144969,8
20602144977,5
20602145248,10
20602146015,8
20602146104,5
20602146112,20
20602146295,12
20602146350,5
20602146376,8
20602146449,6
20602146759,5
20602146856,8
20602147682,9
20602147925,5
20602147941,5
20602148042,5
20602148051,10
20602148093,5
20602148344,6
20602148409,19
20602148506,19
20602148581,9
20602149227,7
20602149731,13
20602150888,6
20602151213,5
20602152309,6
20602152376,6
20602153011,5
20602153488,7
20602153861,5
20602154182,9
20602154271,10
20602154433,5
20602154549,21
20602154948,6
20602155171,6
20602155464,22
20602156517,11
20602157432,5
20602157912,5
20602157921,19
20602157963,5
20602158056,19
20602158196,21
20602158731,13
20602158897,5
20602159290,6
20602159591,5
20602159826,8
20602160026,17
20602160417,12
20602160638,6
20602162371,6
20602162908,7
20602162967,6
20602163106,5
20602163297,10
20602163327,8
20602163602,5
20602164366,11
20602164650,10
20602165401,5
20602165427,9
20602166245,18
20602166393,7
20602166733,5
20602167519,11
20602167781,10
20602168337,8
20602169651,17
20602169678,5
20602169732,8
20602170137,6
20602170366,10
20602170528,8
20602170641,17
20602171621,9
20602172415,5
20602172610,6
20602173926,6
20602174906,9
20602174981,12
20602175198,12
20602176054,6
20602176216,7
20602176534,20
20602176542,21
20602176925,8
20602177271,9
20602178162,9
20602178669,5
20602179606,7
20602180175,5
20602180213,6
20602181431,5
20602181601,9
20602182721,7
20602183280,5
20602183654,5
20602184065,10
20602184171,7
20602184618,9
20602185240,7
20602186033,5
20602186220,6
20602186319,11
20602186611,12
20602186793,7
20602186955,7
20602187081,5
20602187307,21
20602187366,6
20602187552,7
20602188478,6
20602188486,8
20602188567,6
20602188681,10
20602188877,5
20602189253,12
20602189318,6
20602189415,7
20602190103,21
20602190448,5
20602190693,9
20602191045,12
20602192602,6
20602192696,6
20602192734,15
20602193595,6
20602193617,13
20602193889,5
20602194303,7
20602194982,5
20602195211,9
20602195695,7
20602195857,5
20602197400,15
20602197809,12
20602199089,12
20602199615,5
20602200095,16
20602200826,11
20602200931,12
20602200958,11
20602201148,14
20602201211,5
20602201563,6
20602201652,6
20602201725,5
20602201831,8
20602201865,15
20602202373,8
20602202853,6
20602203001,8
20602204538,6
20602204872,5
20602205992,6
20602206247,15
20602206794,11
20602207162,9
20602207685,7
20602208002,9
20602208231,5
20602208479,6
20602208819,9
20602209173,8
20602210082,5
20602210902,8
20602211305,7
20602211712,16
20602211852,10
20602211887,8
20602212441,5
20602212751,13
20602213081,21
20602213227,21
20602213782,6
20602213871,6
20602214037,6
20602214801,5
20602214908,6
20602214941,8
20602215360,5
20602216609,7
20602217061,5
20602217222,7
20602217290,10
20602217508,5
20602217788,5
20602218105,10
20602218938,5
20602219047,12
20602219624,6
20602219683,10
20602219861,8
20602219977,6
20602220762,6
20602220959,7
20602221360,12
20602221505,30
20602221726,5
20602221807,10
20602222064,7
20602222668,9
20602222676,7
20602222960,11
20602223206,6
20602224181,16
20602224491,5
20602224598,5
20602224792,6
20602224954,8
20602225446,8
20602225829,14
20602225969,5
20602226400,9
20602227180,5
20602227333,5
20602227481,5
20602227589,10
20602227775,10
20602227902,19
20602228224,8
20602228399,17
20602228500,5
20602229450,14
20602230491,6
20602231209,10
20602231292,5
20602231705,8
20602231748,13
20602231969,12
20602232582,5
20602232639,6
20602232663,5
20602232892,19
20602232990,6
20602233619,7
20602233627,17
20602233767,5
20602234232,18
20602234593,5
20602234836,7
20602234861,7
20602234950,8
20602236006,14
20602236600,16
20602236642,11
20602236782,5
20602236928,5
20602236987,5
20602237525,24
20602237941,14
20602238343,12
20602238581,13
20602238912,5
20602239196,7
20602240437,13
20602240445,13
20602240551,7
20602240615,7
20602240704,9
20602241107,7
20602241298,6
20602241581,5
20602241671,14
20602241751,5
20602243215,7
20602243509,5
20602243967,5
20602244173,6
20602244670,5
20602244823,8
20602245315,7
20602245498,5
20602245641,23
20602245994,7
20602246079,5
20602247041,11
20602247504,5
20602247750,14
20602247911,23
20602249655,12
20602250165,6
20602250441,8
20602250530,6
20602250629,9
20602250807,9
20602251013,11
20602251510,7
20602252010,13
20602252648,5
20602252656,21
20602253334,7
20602253482,8
20602253628,12
20602253865,11
20602253873,18
20602254195,5
20602254268,6
20602254438,8
20602254489,7
20602254501,5
20602255051,16
20602255183,7
20602255604,6
20602255876,5
20602256953,8
20602257127,5
20602257135,9
20602257356,8
20602257631,5
20602258573,12
20602258964,6
20602259073,5
20602259383,10
20602259693,8
20602260179,8
20602260802,8
20602261001,7
20602261060,6
20602262201,7
20602262597,5
20602262945,10
20602263267,20
20602263402,5
20602263577,11
20602263585,19
20602264069,13
20602264093,10
20602264387,5
20602264450,11
20602264573,5
20602265103,5
20602265120,7
20602265138,5
20602265171,13
20602265197,6
20602265723,7
20602265791,6
20602266576,11
20602266771,23
20602266916,10
20602267491,20
20602267912,9
20602268102,6
20602268137,11
20602268331,10
20602269273,8
20602270441,22
20602270751,16
20602271014,20
20602271456,7
20602271774,8
20602271928,9
20602272151,23
20602273432,11
20602273637,10
20602273823,8
20602273874,19
20602273939,19
20602274021,6
20602274064,7
20602275991,12
20602276491,21
20602276890,13
20602277497,6
20602278183,6
20602278281,21
20602278931,5
20602279805,6
20602279821,10
20602279902,9
20602280277,6
20602281834,6
20602281885,7
20602282041,10
20602282148,8
20602282156,22
20602282288,8
20602283764,6
20602284442,8
20602284523,8
20602284914,11
20602286291,10
20602286569,20
20602286623,9
20602286666,5
20602287034,7
20602287697,20
20602288189,6
20602288731,6
20602289452,22
20602290078,13
20602290159,29
20602290795,13
20602290906,6
20602291708,6
20602292313,19
20602292453,20
20602292887,10
20602295118,11
20602295240,5
20602295851,8
20602296505,5
20602296581,6
20602297994,16
20602298842,5
20602298877,7
20602299458,17
20602299911,5
20602300201,25
20602300707,8
20602301070,8
20602301207,5
20602301461,21
20602301916,8
20602301941,6
20602301959,5
20602302092,10
20602302343,5
20602302521,16
20602302793,8
20602303595,6
20602303684,21
20602304907,6
20602306659,6
20602306829,6
20602307183,16
20602307671,5
20602307949,13
20602308104,8
20602308252,5
20602308392,17
20602308929,7
20602309291,9
20602309313,5
20602309399,6
20602309704,5
20602309950,15
20602310231,5
20602310711,22
20602310885,5
20602312691,19
20602313400,5
20602313558,25
20602313906,20
20602314058,10
20602314104,6
20602316042,19
20602316221,23
20602317031,7
20602317227,6
20602317413,9
20602317529,6
20602318355,9
20602318398,5
20602318673,5
20602318690,6
20602318924,6
20602319262,5
20602319378,8
20602319530,11
20602319599,5
20602319696,8
20602319751,5
20602319807,6
20602320660,9
20602320821,15
20602321101,8
20602322280,7
20602322379,8
20602322441,5
20602322751,17
20602322816,12
20602322905,9
20602323031,7
20602323456,5
20602323693,14
20602323995,14
20602324363,6
20602324410,5
20602325602,7
20602325700,6
20602325831,7
20602326153,6
20602326226,5
20602326242,5
20602326544,9
20602328172,12
20602329489,5
20602330983,7
20602331084,15
20602331831,9
20602331921,19
20602331955,14
20602333745,8
20602333796,5
20602333915,8
20602334211,10
20602334237,8
20602334270,20
20602334318,20
20602334784,6
20602335063,14
20602335110,7
20602335390,9
20602336141,6
20602336272,5
20602336442,6
20602336680,6
20602336876,6
20602338011,19
20602339344,9
20602340113,14
20602340547,11
20602341225,10
20602341586,7
20602341608,5
20602341675,11
20602342841,5
20602343350,11
20602343571,12
20602344534,6
20602345522,6
20602345573,19
20602345964,6
20602346138,7
20602346596,5
20602346847,5
20602347282,5
20602348157,26
20602348297,16
20602348777,5
20602348904,9
20602349234,7
20602349277,6
20602349676,18
20602350780,6
20602350909,5
20602351913,7
20602352111,9
20602352481,18
20602352758,17
20602352910,17
20602353169,10
20602353720,6
20602353771,9
20602353789,9
20602353983,11
20602354823,20
20602355552,5
20602355846,12
20602355978,5
20602357024,12
20602357831,14
20602357849,5
20602357865,8
20602358446,8
20602358683,9
20602359019,14
20602359191,11
20602359256,8
20602359981,23
20602360009,12
20602360548,7
20602361731,8
20602362044,5
20602362273,8
20602362656,20
20602362664,5
20602363245,6
20602364128,5
20602364233,7
20602364748,6
20602364900,9
20602365230,5
20602365990,12
20602366031,12
20602367194,5
20602367496,7
20602367615,6
20602368492,7
20602369219,20
20602369294,8
20602369707,6
20602369782,20
20602369901,9
20602370497,11
20602370802,13
20602371051,8
20602371132,13
20602371442,34
20602371558,10
20602371931,19
20602372201,6
20602372341,8
20602372953,21
20602373160,5
20602373488,12
20602373496,8
20602374417,17
20602375383,5
20602375537,8
20602375758,10
20602376941,7
20602377033,5
20602377050,15
20602377190,9
20602377327,6
20602377351,11
20602377971,7
20602378129,6
20602378145,5
20602378749,5
20602378781,5
20602378820,10
20602379460,8
20602379494,17
20602380697,6
20602380972,7
20602381286,11
20602381448,6
20602382126,5
20602382291,21
20602382711,16
20602383882,7
20602384323,18
20602384544,12
20602384625,11
20602385044,8
20602385257,6
20602385371,9
20602385851,8
20602386075,14
20602386971,5
20602387888,5
20602387900,8
20602388060,7
20602388132,8
20602388591,8
20602388795,9
20602389210,8
20602389813,6
20602390056,12
20602390498,6
20602390820,7
20602390927,8
20602391427,17
20602391656,7
20602391681,11
20602391923,6
20602392334,9
20602392822,15
20602393250,6
20602393349,7
20602393641,6
20602393799,19
20602393926,6
20602393934,22
20602393969,5
20602394078,5
20602394345,6
20602394850,12
20602395031,11
20602395236,5
20602395953,5
20602397433,5
20602397492,13
20602397751,7
20602397794,9
20602398316,7
20602398782,6
20602399801,10
20602400078,8
20602400256,12
20602400949,11
20602401562,8
20602401660,20
20602401708,5
20602401988,5
20602401996,5
20602402089,5
20602402844,5
20602403182,9
20602403301,7
20602403310,7
20602403441,11
20602403468,12
20602403701,7
20602404341,6
20602404456,5
20602405126,11
20602405274,7
20602405398,19
20602405428,6
20602405932,18
20602406416,7
20602407153,6
20602408176,7
20602409334,11
20602409679,18
20602409806,5
20602410251,5
20602410812,16
20602412416,5
20602412491,5
20602412793,9
20602413641,5
20602413897,42
20602413986,5
20602414133,13
20602414494,10
20602415296,14
20602415440,5
20602417558,14
20602417787,20
20602418295,7
20602418961,5
20602419038,7
20602419089,6
20602419364,10
20602419372,7
20602419674,10
20602419747,10
20602420214,5
20602420940,5
20602421270,5
20602421369,8
20602421628,8
20602421806,19
20602421911,15
20602423761,7
20602424503,6
20602425011,5
20602425674,21
20602427111,21
20602428703,6
20602429076,18
20602429157,5
20602429521,10
20602429599,21
20602429670,13
20602429963,8
20602430821,13
20602431178,27
20602431216,13
20602431402,6
20602432140,11
20602432832,11
20602433022,6
20602433511,5
20602433715,5
20602434053,9
20602434444,13
20602434452,13
20602434517,18
20602434631,10
20602435041,7
20602435220,9
20602435335,10
20602435459,6
20602435611,9
20602436170,5
20602437630,5
20602438181,11
20602438881,5
20602439420,18
20602439438,10
20602440762,7
20602440851,11
20602441050,19
20602441416,5
20602441637,9
20602442439,19
20602442749,10
20602443346,5
20602443419,6
20602444245,5
20602444342,7
20602444423,5
20602444750,18
20602445764,8
20602445985,5
20602446108,7
20602446167,16
20602446710,20
20602447023,9
20602447309,7
20602447791,6
20602448852,7
20602449310,8
20602449808,5
20602449905,9
20602450199,10
20602450491,7
20602450890,6
20602451586,18
20602452744,5
20602453333,5
20602453406,5
20602454062,12
20602454178,6
20602455221,7
20602455239,5
20602456260,7
20602456464,5
20602456511,5
20602456537,8
20602456952,7
20602457444,5
20602457568,6
20602457614,5
20602457720,6
20602458491,21
20602458572,21
20602458602,5
20602458921,5
20602458939,16
20602459471,5
20602459749,5
20602459781,5
20602460003,9
20602460267,5
20602460712,14
20602461310,12
20602461557,11
20602461701,10
20602462553,17
20602462642,13
20602462677,5
20602462782,5
20602462871,7
20602463118,13
20602463711,9
20602463932,5
20602464165,20
20602464637,8
20602465153,19
20602465579,22
20602465846,14
20602466575,10
20602466737,8
20602467016,8
20602467024,6
20602467717,8
20602467725,7
20602467784,5
20602468195,8
20602468357,14
20602468543,5
20602468748,7
20602468926,8
20602469175,8
20602470297,5
20602470882,12
20602471536,13
20602471633,11
20602472397,5
20602472427,7
20602472770,22
20602473091,7
20602473270,18
20602473342,6
20602473512,21
20602473784,6
20602474446,14
20602474497,5
20602475833,6
20602475922,5
20602476015,5
20602476163,11
20602476171,10
20602476627,7
20602476902,16
20602477925,29
20602478140,11
20602478298,5
20602478905,6
20602479065,6
20602479421,5
20602479448,7
20602479618,7
20602479685,6
20602479758,11
20602479979,5
20602481078,8
20602481540,11
20602482252,11
20602482520,19
20602482775,8
20602482791,7
20602483089,6
20602483275,17
20602484191,9
20602484425,14
20602484662,11
20602484921,12
20602485332,28
20602485944,6
20602486045,16
20602486061,6
20602486860,8
20602487751,7
20602488005,13
20602488510,7
20602488552,10
20602488684,5
20602489311,19
20602489389,22
20602489664,13
20602489761,16
20602489796,6
20602490085,21
20602490930,5
20602491073,5
20602491511,13
20602491553,7
20602491758,7
20602492118,20
20602492541,12
20602493459,8
20602493483,8
20602493572,17
20602493688,5
20602493998,5
20602494315,5
20602494498,11
20602495036,7
20602495389,7
20602495427,5
20602495761,10
20602496041,5
20602496059,6
20602496679,20
20602497730,7
20602498302,6
20602498809,6
20602498833,19
20602498884,9
20602499716,6
20602500463,6
20602501290,10
20602501630,7
20602502181,5
20602502741,12
20602503039,16
20602503152,8
20602503225,5
20602503349,5
20602503403,14
20602503888,19
20602503985,6
20602504035,9
20602504540,20
20602504621,19
20602504931,8
20602505830,8
20602505899,19
20602506429,20
20602506623,10
20602506763,8
20602507026,6
20602507433,5
20602507701,10
20602508111,9
20602508448,13
20602508545,22
20602510621,11
20602511384,15
20602511457,8
20602511481,5
20602513531,5
20602514324,16
20602514758,8
20602514863,17
20602516114,5
20602516165,16
20602516301,11
20602516602,13
20602517056,9
20602517064,12
20602517684,6
20602517986,7
20602518915,5
20602519890,9
20602520197,11
20602520642,6
20602520731,15
20602521240,5
20602521282,7
20602522301,11
20602522807,5
20602523331,9
20602524150,7
20602524605,5
20602525300,9
20602525598,7
20602525806,7
20602525903,6
20602525997,6
20602526322,8
20602527230,5
20602527515,6
20602528058,13
20602528988,7
20602529089,10
20602529348,6
20602529593,16
20602529721,5
20602529844,9
20602530095,11
20602530249,5
20602530681,8
20602531270,13
20602531962,7
20602532209,12
20602532250,6
20602532837,9
20602533175,14
20602533281,16
20602533299,17
20602534457,9
20602534538,5
20602534724,11
20602535275,6
20602535721,5
20602535836,5
20602536140,11
20602536522,25
20602537618,13
20602538576,9
20602538801,17
20602538851,5
20602538860,5
20602538886,6
20602539360,8
20602540376,21
20602540414,8
20602540902,5
20602541631,5
20602542115,10
20602542808,15
20602543308,5
20602543758,26
20602544002,24
20602544053,6
20602544461,5
20602544886,6
20602545041,10
20602545491,14
20602546030,14
20602546226,8
20602546391,23
20602546668,5
20602547150,11
20602547419,5
20602549811,7
20602550291,13
20602550428,5
20602550517,5
20602550690,9
20602551076,11
20602551149,11
20602551203,5
20602551521,9
20602552498,10
20602552501,7
20602553087,11
20602553290,7
20602553320,6
20602553443,5
20602553605,6
20602553681,8
20602553851,9
20602553893,5
20602554849,7
20602554911,19
20602555462,5
20602556108,8
20602556272,21
20602556612,11
20602556795,10
20602556990,8
20602557694,17
20602558330,9
20602558828,6
20602558925,10
20602558984,9
20602559476,8
20602559573,5
20602559727,5
20602559760,5
20602560750,8
20602560873,6
20602561012,7
20602561888,5
20602562817,6
20602562892,6
20602563082,9
20602563155,6
20602564224,5
20602564411,14
20602564615,5
20602564674,9
20602564909,6
20602565573,5
20602565786,22
20602566758,10
20602567037,5
20602567096,11
20602567762,6
20602567991,5
20602568084,11
20602568521,5
20602569421,6
20602571212,6
20602572936,6
20602573134,6
20602573312,8
20602573347,12
20602573363,5
20602573509,7
20602573851,6
20602574408,21
20602574815,14
20602575269,22
20602575803,12
20602576273,9
20602576541,13
20602576702,22
20602577041,8
20602577458,10
20602578357,8
20602578390,5
20602579078,22
20602579221,6
20602579264,21
20602579795,7
20602579906,18
20602579973,8
20602580149,13
20602580165,6
20602580203,21
20602580301,5
20602580602,6
20602581331,13
20602582516,5
20602582729,7
20602583253,5
20602583440,7
20602583571,6
20602584080,5
20602584314,8
20602584390,5
20602584535,19
20602585035,9
20602585744,14
20602586198,19
20602586554,7
20602586597,10
20602587453,5
20602587470,9
20602587763,7
20602587771,5
20602587801,12
20602588557,10
20602588620,6
20602588891,9
20602589235,21
20602589359,5
20602591167,5
20602592686,8
20602592830,7
20602592899,6
20602592902,8
20602593593,19
20602593615,9
20602593640,19
20602593801,23
20602593941,7
20602594310,13
20602594514,8
20602594930,5
20602595685,9
20602596096,21
20602596860,5
20602597017,5
20602597246,7
20602597386,12
20602597688,5
20602598013,8
20602598358,7
20602598463,8
20602598528,5
20602598641,7
20602598811,9
20602599206,11
20602599273,20
20602600638,5
20602601065,7
20602601235,5
20602601391,7
20602601596,10
20602602941,17
20602603564,7
20602603696,22
20602603769,5
20602603815,9
20602604579,7
20602604781,9
20602605052,5
20602605427,18
20602605486,8
20602606105,9
20602606181,10
20602606407,8
20602607012,6
20602607896,5
20602607934,6
20602608043,5
20602609155,5
20602609538,9
20602609686,12
20602609741,5
20602609813,11
20602609864,6
20602609937,7
20602610226,27
20602610404,7
20602611052,12
20602612105,9
20602612628,5
20602612911,7
20602613004,5
20602613225,6
20602613454,9
20602614370,5
20602614639,9
20602615252,6
20602616046,19
20602617514,5
20602618146,5
20602618511,29
20602618626,10
20602618774,5
20602618995,22
20602619088,18
20602619185,5
20602619746,24
20602619827,9
20602620337,11
20602620400,24
20602620434,11
20602620957,6
20602621198,15
20602621597,7
20602621686,9
20602621945,8
20602622721,6
20602622763,9
20602623417,22
20602623433,6
20602623549,5
20602623964,26
20602624014,7
20602625363,21
20602625436,7
20602626106,5
20602627048,6
20602627447,5
20602627781,7
20602627838,10
20602627897,20
20602627919,7
20602628435,8
20602628761,5
20602629067,23
20602629326,9
20602629709,6
20602629806,5
20602630995,5
20602632114,10
20602632386,5
20602632408,18
20602632785,10
20602632815,9
20602633315,12
20602633412,8
20602633846,10
20602634125,6
20602634150,20
20602634257,6
20602634273,5
20602634508,8
20602635253,6
20602635504,6
20602636837,12
20602638261,9
20602638881,7
20602639577,6
20602640125,5
20602641067,9
20602641881,5
20602642772,6
20602643035,5
20602643043,7
20602643167,10
20602643264,7
20602643515,12
20602643604,6
20602643931,12
20602644805,8
20602645933,6
20602647413,9
20602647685,5
20602647766,12
20602647774,5
20602648151,29
20602648606,7
20602648681,6
20602648746,5
20602648991,13
20602649599,21
20602649637,5
20602649882,14
20602650074,8
20602650481,5
20602650643,5
20602650708,15
20602650970,5
20602651160,5
20602651623,6
20602652115,8
20602652204,22
20602652212,7
20602652301,7
20602652310,9
20602652352,10
20602652417,18
20602652999,11
20602653081,9
20602653359,22
20602653421,9
20602653499,5
20602653774,7
20602654495,5
20602654631,7
20602656072,5
20602656561,7
20602657036,5
20602657371,11
20602657460,13
20602657893,9
20602659861,9
20602660487,5
20602660941,5
20602661211,11
20602661513,6
20602662498,9
20602662528,15
20602663044,6
20602663133,19
20602663290,15
20602664041,5
20602664091,9
20602664300,10
20602664989,5
20602665110,16
20602665144,11
20602665268,7
20602665390,9
20602665691,6
20602668429,6
20602669182,7
20602670130,37
20602670245,5
20602670288,9
20602671578,5
20602671861,8
20602672272,7
20602672841,22
20602673031,7
20602673350,5
20602674127,12
20602674488,26
20602674500,9
20602674534,5
20602674801,11
20602675221,5
20602675298,13
20602676260,5
20602676278,10
20602676421,9
20602677002,7
20602677126,19
20602677690,7
20602677703,6
20602677916,14
20602679188,19
20602679986,8
20602680178,8
20602680194,10
20602681387,10
20602682359,9
20602682928,15
20602683398,14
20602683819,5
20602684602,6
20602684718,10
20602685056,7
20602685072,9
20602685803,17
20602685943,5
20602686010,5
20602686354,9
20602686648,7
20602687482,13
20602687521,5
20602687555,18
20602688331,12
20602689299,5
20602689523,11
20602690238,5
20602690271,12
20602691439,18
20602691617,10
20602691846,5
20602692371,11
20602692567,7
20602693199,6
20602693539,5
20602694314,6
20602694896,7
20602695493,18
20602695752,7
20602696040,18
20602696252,7
20602696261,6
20602696333,6
20602696490,8
20602696562,7
20602696643,5
20602697046,5
20602697062,18
20602697593,6
20602698344,7
20602698905,9
20602699120,7
20602699537,7
20602700004,5
20602700047,5
20602700489,5
20602701141,5
20602701965,6
20602702180,12
20602702805,5
20602702945,15
20602703119,17
20602703402,8
20602703666,5
20602703704,25
20602703828,6
20602704891,23
20602705669,5
20602706061,8
20602706690,8
20602706711,14
20602706789,5
20602707530,5
20602707688,22
20602707769,16
20602708285,16
20602708862,10
20602709818,6
20602709869,9
20602709931,10
20602710115,11
20602710280,18
20602710468,24
20602710841,11
20602711278,6
20602711324,7
20602711791,22
20602711901,13
20602712401,15
20602712509,10
20602712533,5
20602712592,7
20602712631,9
20602713351,8
20602713408,13
20602713475,7
20602713696,6
20602713769,8
20602713807,8
20602716229,9
20602716270,9
20602716911,14
20602717110,5
20602717187,9
20602717403,14
20602717705,5
20602717829,9
20602717934,8
20602718078,7
20602718094,5
20602718183,5
20602718230,5
20602718442,5
20602718469,5
20602718698,22
20602718965,5
20602719236,7
20602719333,11
20602719431,6
20602719597,22
20602720226,8
20602720820,6
20602721231,20
20602721516,5
20602721818,12
20602722075,5
20602722229,20
20602722326,5
20602722792,6
20602722971,5
20602723527,18
20602723683,21
20602724060,8
20602724205,20
20602724264,14
20602727255,5
20602728006,6
20602728359,5
20602728791,9
20602729436,5
20602729487,9
20602729622,5
20602729762,6
20602729797,7
20602730051,9
20602730213,5
20602730531,9
20602730965,12
20602731074,5
20602731091,6
20602731171,12
20602731295,13
20602733948,11
20602734341,7
20602734367,14
20602734413,5
20602734669,5
20602734847,5
20602735088,5
20602735142,8
20602736017,9
20602737722,9
20602737773,6
20602738826,12
20602739342,7
20602739733,8
20602740006,5
20602740022,11
20602740081,8
20602740171,17
20602740278,23
20602740383,9
20602741274,21
20602741495,7
20602741592,7
20602742360,5
20602742459,8
20602742548,5
20602743315,5
20602743846,6
20602743960,22
20602744125,14
20602744320,9
20602744575,6
20602744931,8
20602745130,9
20602745393,11
20602745776,7
20602746241,8
20602746357,6
20602747159,20
20602747540,7
20602747809,5
20602748023,16
20602748201,16
20602748376,8
20602749224,21
20602749402,5
20602749682,6
20602750303,10
20602750648,17
20602750940,17
20602750982,7
20602751130,6
20602751679,8
20602752462,8
20602752705,6
20602753493,16
20602753680,7
20602753761,7
20602753809,7
20602753931,5
20602754163,6
20602754384,5
20602754589,5
20602754686,5
20602754830,19
20602754902,10
20602755445,7
20602756425,5
20602756654,5
20602756735,10
20602756981,5
20602757286,6
20602757600,9
20602758461,14
20602758487,8
20602758541,5
20602758665,7
20602758789,16
20602758835,5
20602759505,20
20602759939,5
20602760082,8
20602760546,11
20602760872,12
20602761356,7
20602761810,5
20602762026,6
20602764100,5
20602764266,6
20602764568,5
20602764886,7
20602765815,7
20602765980,17
20602768032,5
20602768440,11
20602768512,25
20602768954,7
20602769136,21
20602769527,6
20602769683,5
20602769934,15
20602770100,15
20602770240,5
20602770266,22
20602770631,5
20602770720,5
20602770819,7
20602771378,9
20602771564,9
20602771696,5
20602772188,5
20602772374,19
20602773061,6
20602773354,21
20602773842,5
20602773931,7
20602774954,15
20602775411,16
20602775799,5
20602776019,5
20602776116,5
20602776604,6
20602777279,12
20602777601,5
20602778488,6
20602778518,11
20602778801,9
20602778836,14
20602779875,14
20602779999,6
20602780181,6
20602780385,5
20602780407,5
20602780466,20
20602780601,11
20602780768,7
20602781250,15
20602781659,21
20602781667,11
20602781713,16
20602782043,24
20602784691,6
20602784704,21
20602784992,5
20602785042,8
20602785191,5
20602785212,7
20602787061,14
20602787347,8
20602787355,7
20602787576,10
20602787835,5
20602788050,14
20602788157,5
20602788181,15
20602788904,22
20602789137,12
20602789510,8
20602791778,5
20602791816,8
20602792529,22
20602792723,5
20602793029,16
20602793894,20
20602795463,6
20602795617,8
20602796451,7
20602796524,22
20602796583,5
20602796915,5
20602797067,6
20602797598,6
20602798926,12
20602799205,8
20602799248,5
20602799612,10
20602800424,6
20602800483,7
20602801234,6
20602801641,7
20602802311,17
20602802460,6
20602802575,7
20602802605,5
20602803881,8
20602803938,7
20602804349,6
20602804365,13
20602804454,5
20602804586,33
20602805086,5
20602805108,10
20602805159,9
20602806023,11
20602806244,6
20602806279,5
20602807721,9
20602808654,9
20602808905,5
20602808913,8
20602809171,6
20602809553,5
20602810071,7
20602810101,7
20602811914,8
20602812287,6
20602812619,21
20602813534,11
20602814271,6
20602814948,5
20602815235,9
20602815430,8
20602816207,7
20602816363,5
20602816371,9
20602816819,5
20602817033,5
20602817327,6
20602817475,19
20602817670,20
20602817734,5
20602817971,5
20602819737,7
20602819834,8
20602820093,14
20602820646,9
20602820671,8
20602820905,5
20602820964,15
20602821430,12
20602821928,5
20602822100,11
20602822533,19
20602822746,11
20602823289,5
20602823696,20
20602823858,6
20602825117,11
20602826873,16
20602828094,9
20602828191,12
20602828591,7
20602828655,23
20602828965,8
20602829619,9
20602830480,14
20602830692,5
20602831150,8
20602831222,7
20602831460,5
20602833772,12
20602836097,14
20602836101,7
20602837549,21
20602837786,10
20602840141,7
20602840558,7
20602840639,8
20602840876,9
20602841104,11
20602841899,20
20602842089,6
20602842119,7
20602842330,27
20602842356,5
20602842518,6
20602842739,22
20602843140,9
20602843255,15
20602843280,5
20602843611,14
20602843760,9
20602843808,7
20602844197,9
20602844219,10
20602844901,6
20602845339,6
20602845495,20
20602845665,17
20602845797,7
20602846858,5
20602846963,5
20602847153,5
20602847323,9
20602847404,5
20602847790,7
20602847871,5
20602847889,10
20602848010,12
20602848036,6
20602848877,13
20602849032,5
20602849458,19
20602849636,7
20602850251,5
20602850359,13
20602850481,10
20602851452,8
20602852106,9
20602853617,5
20602853625,12
20602854702,7
20602854974,7
20602855474,8
20602855733,5
20602857957,22
20602859372,7
20602859569,5
20602860117,5
20602860257,6
20602860281,7
20602860338,19
20602860443,11
20602860842,6
20602861130,8
20602861504,6
20602861989,14
20602861997,7
20602862268,9
20602862560,5
20602863116,20
20602864279,6
20602864937,19
20602865119,10
20602865461,5
20602865623,7
20602867006,5
20602868461,9
20602868550,5
20602868657,15
20602868738,9
20602868754,12
20602869904,5
20602870325,8
20602871691,20
20602872417,7
20602872468,7
20602872476,12
20602872760,25
20602873481,5
20602873758,7
20602873791,6
20602874606,21
20602874851,10
20602875793,19
20602876234,10
20602876307,5
20602876463,6
20602876897,31
20602877087,8
20602877133,7
20602877265,8
20602877532,9
20602877796,6
20602877818,7
20602878776,11
20602878971,12
20602879993,11
20602880266,5
20602880321,5
20602881017,7
20602881424,5
20602881807,5
20602884733,11
20602884806,5
20602885403,9
20602885497,20
20602885896,19
20602886353,10
20602886604,6
20602887473,9
20602887813,7
20602888259,6
20602888704,11
20602888992,12
20602889484,7
20602889492,12
20602890334,8
20602891110,8
20602891292,9
20602891543,6
20602891772,16
20602892108,22
20602892370,5
20602893023,5
20602893279,6
20602893350,18
20602893422,9
20602894526,7
20602894801,9
20602894836,9
20602894941,7
20602895115,5
20602895166,5
20602895531,5
20602895697,6
20602897002,6
20602897118,5
20602897363,10
20602897495,5
20602898025,5
20602898521,5
20602898564,6
20602900097,10
20602901077,6
20602902031,11
20602902341,14
20602902511,12
20602902731,10
20602903142,16
20602903797,19
20602903801,33
20602904106,5
20602904114,5
20602904971,6
20602905617,6
20602906320,18
20602906494,5
20602907067,10
20602907105,12
20602907229,17
20602907563,6
20602907938,6
20602908292,8
20602908837,21
20602908951,9
20602908977,6
20602909108,5
20602909183,14
20602909604,5
20602909817,6
20602910025,13
20602910157,9
20602910696,22
20602910734,5
20602911102,6
20602911862,11
20602911871,7
20602912117,11
20602912141,10
20602912443,6
20602912842,5
20602913016,7
20602913598,21
20602913873,5
20602914501,10
20602915027,5
20602915094,6
20602915175,5
20602916139,15
20602916198,16
20602916341,6
20602916686,9
20602917496,6
20602918352,6
20602918484,13
20602918778,8
20602918786,6
20602919413,6
20602919626,6
20602919839,5
20602919995,8
20602920667,24
20602920942,7
20602921469,6
20602921507,6
20602922058,5
20602922309,11
20602922368,12
20602922660,8
20602924085,8
20602924255,9
20602924271,6
20602925227,5
20602925251,7
20602925553,16
20602925740,12
20602925995,11
20602926134,22
20602928749,6
20602929150,7
20602929273,7
20602929303,17
20602929524,7
20602929915,10
20602930255,14
20602930611,9
20602930859,10
20602932193,5
20602932452,7
20602932622,5
20602933041,8
20602933289,7
20602933327,23
20602933424,5
20602933599,10
20602933751,6
20602934056,10
20602934757,22
20602934820,14
20602934897,15
20602935885,9
20602935966,9
20602936059,7
20602936156,7
20602936377,6
20602936784,6
20602936881,10
20602937501,5
20602937764,6
20602937993,9
20602938230,12
20602938256,5
20602938914,9
20602939571,21
20602943870,7
20602944019,11
20602944710,6
20602945490,12
20602946241,8
20602946429,8
20602946500,20
20602946623,13
20602946828,10
20602947000,12
20602947263,5
20602947484,7
20602947972,20
20602949428,5
20602950272,6
20602950931,5
20602951244,5
20602951422,27
20602952763,7
20602953093,7
20602953158,7
20602954740,22
20602954944,9
20602955983,7
20602956467,20
20602957935,11
20602958371,6
20602958613,15
20602958737,7
20602958877,17
20602959202,8
20602959415,5
20602959598,6
20602959601,9
20602959709,9
20602960227,5
20602960235,11
20602960448,5
20602960898,5
20602961258,20
20602962602,7
20602962891,10
20602962998,12
20602963587,7
20602963650,12
20602964222,8
20602964320,5
20602964427,5
20602964699,20
20602965407,5
20602966462,11
20602967094,5
20602968007,5
20602968643,5
20602968872,6
20602969194,5
20602969470,6
20602969542,13
20602969623,8
20602969780,10
20602970311,13
20602970541,5
20602971369,6
20602972691,9
20602973094,12
20602973949,5
20602975984,13
20602976387,11
20602976875,14
20602977171,8
20602977464,21
20602978002,23
20602978274,10
20602978291,5
20602978690,22
20602978797,9
20602979173,16
20602979432,10
20602979831,5
20602980309,9
20602981020,9
20602981143,6
20602981526,10
20602981658,19
20602982174,24
20602982221,10
20602984258,6
20602985165,8
20602985971,18
20602986757,7
20602988024,17
20602988105,8
20602988211,6
20602989187,11
20602989284,18
20602990011,20
20602990797,5
20602992111,21
20602993770,8
20602994024,5
20602994288,8
20602994989,5
20602995292,9
20602995501,9
20602995527,8
20602996043,9
20602996370,6
20602998577,8
20602998593,14
20603000120,5
20603000286,10
20603000294,6
20603000421,5
20603000561,11
20603000961,18
20603001665,5
20603001673,19
20603003218,6
20603003609,6
20603003811,9
20603004222,10
20603004346,14
20603004915,7
20603005610,9
20603005687,5
20603005857,10
20603005873,10
20603005920,6
20603006161,8
20603007175,20
20603008287,11
20603008970,5
20603008996,8
20603009372,7
20603009658,6
20603009682,7
20603009852,6
20603010087,6
20603010931,22
20603012110,5
20603012152,5
20603012268,8
20603012292,7
20603012748,9
20603013230,5
20603013418,12
20603013426,6
20603013523,5
20603013639,6
20603013914,14
20603014147,6
20603014163,11
20603014228,5
20603014694,5
20603014759,6
20603015097,12
20603015283,9
20603016034,5
20603016808,8
20603017481,6
20603017600,7
20603017847,8
20603017928,7
20603017987,23
20603018401,10
20603018975,11
20603019556,8
20603019726,6
20603020554,6
20603021496,16
20603021933,7
20603021992,5
20603022344,7
20603022697,9
20603022981,8
20603023057,5
20603023481,11
20603023766,12
20603023928,10
20603024495,9
20603024797,10
20603025025,6
20603025602,5
20603025785,7
20603026005,20
20603026277,9
20603026668,16
20603027401,5
20603027834,6
20603028083,7
20603028202,14
20603028385,5
20603029535,6
20603030592,21
20603030614,10
20603030746,5
20603031173,9
20603031378,5
20603031840,22
20603032056,17
20603032196,8
20603032226,10
20603033001,6
20603033079,11
20603033524,6
20603034075,5
20603034610,11
20603034679,7
20603036221,5
20603036612,7
20603037163,8
20603037384,5
20603037937,5
20603037953,9
20603038003,16
20603038020,11
20603038135,8
20603039531,6
20603040679,6
20603040814,5
20603040989,6
20603041021,7
20603041217,5
20603041519,5
20603042621,6
20603042744,5
20603043023,8
20603043546,10
20603043554,5
20603043961,5
20603044534,7
20603045638,5
20603046049,19
20603046448,7
20603046472,10
20603046596,10
20603047657,7
20603048891,13
20603049048,6
20603049625,6
20603050755,8
20603050925,8
20603051026,5
20603051051,6
20603051654,6
20603051794,10
20603052154,17
20603052189,7
20603052332,10
20603052413,7
20603052588,10
20603052871,12
20603053142,6
20603053321,8
20603053975,5
20603054491,14
20603055170,5
20603055366,10
20603055617,5
20603056338,9
20603056371,6
20603056427,5
20603057024,5
20603057962,8
20603058152,8
20603058691,6
20603059302,5
20603059426,5
20603059680,16
20603059833,7
20603061081,10
20603061102,5
20603061234,8
20603061277,5
20603062150,5
20603062397,6
20603062451,15
20603064101,9
20603064357,9
20603064578,18
20603064641,11
20603064659,9
20603065108,10
20603065116,11
20603065272,11
20603065388,7
20603065906,5
20603066163,10
20603066244,8
20603066384,12
20603066538,8
20603066562,7
20603066651,17
20603066996,21
20603067437,5
20603067534,13
20603067933,6
20603068280,7
20603068492,7
20603068603,10
20603068859,8
20603069332,6
20603069723,7
20603069804,9
20603070446,20
20603070560,6
20603070772,6
20603071191,10
20603072007,6
20603072104,10
20603073828,20
20603073844,8
20603074131,5
20603074271,15
20603074808,13
20603075251,24
20603075910,6
20603076941,6
20603077238,7
20603078064,5
20603078587,9
20603078765,5
20603078986,10
20603079133,13
20603079214,16
20603079435,6
20603079591,21
20603079699,14
20603080379,7
20603080492,7
20603080590,19
20603082223,10
20603082258,5
20603083050,8
20603083084,8
20603083173,6
20603083271,19
20603083327,8
20603083441,5
20603084056,13
20603084323,10
20603084714,5
20603084854,8
20603084978,6
20603085087,6
20603085290,6
20603086229,12
20603086555,11
20603086571,5
20603087420,6
20603087705,5
20603089678,5
20603090056,6
20603091443,21
20603091885,8
20603092067,7
20603092555,7
20603092873,8
20603092920,5
20603094230,9
20603096674,6
20603096925,6
20603097395,5
20603097468,6
20603097484,6
20603097531,7
20603098197,7
20603098219,8
20603098405,7
20603098812,10
20603098847,8
20603099088,9
20603099339,11
20603099681,12
20603099878,5
20603099932,6
20603100141,7
20603100264,5
20603100451,10
20603101457,6
20603101511,8
20603101856,20
20603101988,9
20603102186,5
20603103115,5
20603103247,12
20603103522,5
20603103638,7
20603104006,6
20603104464,6
20603105029,7
20603105894,23
20603106424,16
20603106564,17
20603107081,5
20603107234,16
20603107820,6
20603107960,11
20603108249,6
20603108681,14
20603108982,10
20603109121,21
20603109491,11
20603109512,5
20603110316,5
20603110324,8
20603110472,6
20603111207,8
20603111274,13
20603111304,6
20603112629,6
20603113013,19
20603113145,28
20603113391,6
20603113544,7
20603114320,5
20603114702,5
20603114796,6
20603115016,8
20603115326,10
20603115351,11
20603115717,5
20603115989,21
20603116012,11
20603116241,5
20603116551,5
20603117477,13
20603118139,22
20603118198,10
20603118317,7
20603118341,5
20603119275,8
20603119291,10
20603119836,6
20603119992,6
20603120346,9
20603122641,6
20603122799,6
20603123001,6
20603123523,7
20603124007,8
20603124279,5
20603124295,5
20603124635,6
20603124716,7
20603124937,10
20603124996,5
20603125241,5
20603125305,18
20603125879,22
20603125917,6
20603126115,5
20603126123,11
20603126638,8
20603127642,12
20603127791,7
20603128169,6
20603128541,6
20603128690,9
20603129033,6
20603129203,12
20603129513,10
20603130040,7
20603130074,8
20603130309,6
20603130864,15
20603131909,9
20603133090,5
20603133197,20
20603134380,7
20603134517,6
20603135076,5
20603135238,9
20603136072,11
20603136684,6
20603137753,6
20603137915,12
20603138831,22
20603138989,8
20603139187,6
20603140614,5
20603141131,6
20603141271,20
20603141441,5
20603142871,5
20603143788,5
20603144148,6
20603144326,6
20603146248,9
20603146817,5
20603147082,7
20603147473,5
20603147511,5
20603147775,9
20603148372,6
20603148879,12
20603149387,8
20603149549,6
20603150954,21
20603151004,13
20603151551,5
20603151772,11
20603152191,16
20603152299,8
20603152311,6
20603153473,6
20603154208,8
20603154461,12
20603154682,8
20603155484,22
20603155590,10
20603155964,10
20603156065,5
20603156324,21
20603157649,6
20603157894,5
20603157959,5
20603158009,5
20603158050,9
20603158114,5
20603158629,5
20603159170,14
20603159668,5
20603160267,8
20603161000,5
20603161280,9
20603161352,5
20603161549,6
20603161590,7
20603162383,17
20603162731,7
20603162944,11
20603162987,9
20603163941,7
20603164807,8
20603164823,5
20603165102,5
20603165382,5
20603165498,8
20603166711,11
20603166737,7
20603166877,22
20603167962,5
20603168209,5
20603168306,8
20603168772,5
20603169248,5
20603169418,5
20603169639,7
20603169761,7
20603171196,7
20603171200,6
20603172613,8
20603173156,23
20603173784,6
20603175558,24
20603176431,6
20603176953,7
20603177194,16
20603177569,5
20603178042,5
20603178352,16
20603179341,6
20603179847,11
20603180276,9
20603180951,6
20603181248,5
20603181523,7
20603182619,19
20603182848,6
20603182911,5
20603183054,21
20603183577,9
20603183780,8
20603183950,6
20603184191,24
20603184336,8
20603184948,9
20603185197,5
20603185553,10
20603185863,6
20603186941,13
20603187882,5
20603188374,5
20603190051,8
20603190638,6
20603190689,6
20603191219,9
20603191375,7
20603191464,13
20603191481,9
20603191529,5
20603191952,6
20603192011,5
20603192517,22
20603192924,6
20603193190,7
20603193246,7
20603193548,5
20603194099,5
20603194889,18
20603195028,6
20603195478,6
20603195893,5
20603196148,13
20603196946,14
20603197799,9
20603199813,5
20603200447,7
20603200587,21
20603202326,9
20603202539,6
20603202580,9
20603202687,5
20603203063,10
20603203471,6
20603203691,6
20603203713,14
20603203993,14
20603205031,10
20603205473,5
20603205490,7
20603205511,5
20603206186,11
20603206402,5
20603206429,8
20603206500,5
20603206607,8
20603206658,20
20603206925,6
20603207018,20
20603208120,18
20603208219,13
20603209185,7
20603209347,5
20603209941,7
20603210426,22
20603210531,5
20603210621,7
20603210639,7
20603210671,19
20603210779,7
20603211236,12
20603211791,6
20603211953,8
20603212607,5
20603212798,5
20603213735,5
20603214308,17
20603214456,15
20603214596,10
20603214979,6
20603215088,13
20603215118,10
20603215151,6
20603215771,7
20603215932,6
20603216467,7
20603217102,6
20603217838,6
20603218354,5
20603219211,14
20603219415,6
20603219563,15
20603220073,8
20603220201,5
20603220359,5
20603220499,18
20603220871,5
20603221606,5
20603222254,24
20603223528,5
20603223641,12
20603223692,13
20603224133,19
20603224427,9
20603224737,5
20603225288,18
20603226381,6
20603226462,8
20603226501,7
20603226934,8
20603228210,11
20603228236,8
20603229631,5
20603229909,5
20603230052,10
20603230061,5
20603230311,6
20603230427,9
20603230761,7
20603231423,5
20603231784,7
20603232217,5
20603232276,8
20603232543,6
20603232756,14
20603233442,8
20603233591,11
20603233604,21
20603233639,9
20603233981,5
20603234279,6
20603234813,30
20603235054,7
20603235160,6
20603236107,6
20603237120,22
20603237171,13
20603237693,5
20603237715,13
20603238215,16
20603238401,11
20603238673,6
20603238801,11
20603238975,15
20603239424,14
20603240198,7
20603240546,10
20603240635,7
20603241178,5
20603241453,7
20603241712,5
20603241887,9
20603242689,12
20603242743,5
20603243766,8
20603243910,5
20603243987,9
20603244088,7
20603245548,13
20603245670,21
20603246510,11
20603247371,27
20603247419,5
20603248288,12
20603248342,5
20603248806,12
20603249560,8
20603249608,8
20603249829,6
20603249853,18
20603249934,18
20603250843,9
20603251068,7
20603251289,6
20603251556,8
20603252111,5
20603252943,6
20603253591,5
20603255021,7
20603255756,6
20603255845,10
20603256671,5
20603256698,14
20603256884,9
20603256914,6
20603257058,17
20603258399,6
20603258500,10
20603259212,5
20603259522,6
20603260008,8
20603260130,13
20603261349,10
20603261365,5
20603261608,6
20603262591,5
20603263741,5
20603263759,25
20603264526,22
20603264623,5
20603265743,16
20603265751,5
20603266332,6
20603266537,6
20603267126,6
20603267673,6
20603268840,8
20603268998,6
20603269439,19
20603269846,6
20603270283,5
20603271093,15
20603271719,23
20603272596,6
20603272987,5
20603273797,7
20603275021,11
20603275269,9
20603275714,8
20603276117,5
20603276567,18
20603277474,9
20603277636,5
20603277831,5
20603278233,5
20603278446,13
20603278888,21
20603279159,18
20603280327,8
20603280394,6
20603280751,9
20603280921,7
20603281986,6
20603281994,23
20603282214,5
20603282389,5
20603282681,10
20603282842,7
20603283458,7
20603283563,13
20603285027,7
20603285744,20
20603286333,7
20603286759,5
20603287747,12
20603287984,7
20603288824,12
20603288913,21
20603288948,5
20603289600,8
20603289651,8
20603289774,6
20603289847,9
20603290225,5
20603291001,6
20603292066,5
20603292155,5
20603293011,7
20603293313,5
20603294263,9
20603294492,12
20603294557,5
20603294883,6
20603295120,6
20603295391,5
20603296053,11
20603296169,7
20603296398,5
20603296436,22
20603297394,11
20603297688,6
20603298188,7
20603299231,7
20603299346,5
20603299516,6
20603299907,9
20603300000,8
20603300247,8
20603300557,13
20603300824,9
20603300859,7
20603300891,6
20603301812,6
20603302151,22
20603302487,8
20603302746,11
20603304510,16
20603304684,8
20603305753,8
20603305982,7
20603306121,10
20603306296,9
20603306423,7
20603306857,6
20603308647,5
20603309708,9
20603309899,8
20603310412,8
20603311109,17
20603311176,21
20603311796,8
20603312431,5
20603312458,28
20603313381,7
20603313471,7
20603313977,8
20603314329,5
20603314353,7
20603314388,6
20603314531,20
20603314752,13
20603315201,7
20603315422,7
20603316003,5
20603316119,8
20603316925,6
20603317085,5
20603318278,15
20603319151,7
20603319274,5
20603320272,19
20603320779,6
20603321317,6
20603321724,5
20603321902,5
20603322801,8
20603323093,5
20603323123,8
20603323158,21
20603323778,6
20603324359,5
20603324545,6
20603325215,8
20603325614,5
20603326131,11
20603326785,12
20603327072,6
20603327412,9
20603327609,18
20603327927,14
20603329059,6
20603329075,6
20603329423,6
20603329547,6
20603330162,8
20603330642,8
20603331223,5
20603331452,16
20603331550,7
20603332301,11
20603332602,6
20603333145,24
20603333498,6
20603333820,14
20603334061,9
20603334079,5
20603334770,7
20603335181,12
20603335300,8
20603335415,8
20603335580,5
20603335717,20
20603335768,19
20603336250,16
20603336497,9
20603336560,7
20603336756,15
20603337141,9
20603338058,8
20603338589,5
20603338902,8
20603339020,5
20603339607,23
20603339682,7
20603340192,8
20603340974,6
20603341440,20
20603343086,9
20603343175,5
20603343612,14
20603344112,6
20603344597,5
20603344619,13
20603345534,7
20603346581,9
20603346760,13
20603346948,22
20603348681,5
20603349351,5
20603349696,12
20603349742,7
20603350619,6
20603350651,7
20603351593,8
20603351640,5
20603351933,22
20603352107,8
20603353472,17
20603354037,10
20603354240,7
20603354321,7
20603354894,9
20603355041,6
20603355432,5
20603355971,7
20603356161,10
20603356676,9
20603356781,7
20603357001,6
20603357109,6
20603357401,7
20603357672,11
20603358237,10
20603358857,6
20603358903,5
20603358911,5
20603359357,7
20603359918,11
20603360291,11
20603360835,5
20603360860,9
20603361092,9
20603361131,10
20603361831,20
20603362081,6
20603362242,7
20603362862,10
20603362897,9
20603363893,5
20603363940,6
20603364237,9
20603364385,6
20603364458,6
20603365080,7
20603366370,6
20603366655,10
20603366701,7
20603367147,6
20603367171,5
20603367767,8
20603367881,8
20603369018,5
20603369174,22
20603369352,19
20603369409,6
20603369425,7
20603369468,7
20603369549,5
20603369654,21
20603370491,5
20603370717,10
20603370776,10
20603371934,8
20603372213,5
20603372914,5
20603373163,6
20603373201,5
20603373546,7
20603373678,8
20603374216,5
20603374623,13
20603375280,5
20603375565,10
20603375654,5
20603375697,20
20603376014,5
20603376049,16
20603376235,5
20603376448,5
20603376456,14
20603376618,6
20603377347,7
20603378548,7
20603378726,5
20603379242,7
20603379650,11
20603379960,5
20603380127,12
20603380160,6
20603380291,21
20603380569,11
20603380666,10
20603381174,9
20603381395,5
20603381697,37
20603381778,13
20603382693,20
20603382839,5
20603383169,5
20603383274,9
20603383291,9
20603383967,15
20603385129,8
20603385455,6
20603385676,18
20603385790,5
20603386231,7
20603386257,5
20603386753,6
20603387440,8
20603387504,19
20603389043,7
20603389183,6
20603389256,15
20603389361,21
20603389663,6
20603389949,5
20603390319,8
20603390696,8
20603391161,6
20603391471,5
20603391633,11
20603392419,7
20603393024,8
20603393172,7
20603393237,22
20603393326,8
20603393491,7
20603393881,5
20603394446,13
20603396201,12
20603397135,6
20603397887,5
20603397992,7
20603399600,14
20603402562,10
20603402589,13
20603402791,11
20603403054,8
20603404174,20
20603404671,6
20603406118,20
20603406215,9
20603407254,5
20603407271,7
20603407891,9
20603409885,5
20603410174,5
20603410735,6
20603410930,5
20603411383,14
20603411570,5
20603411715,15
20603412011,15
20603412070,6
20603412258,6
20603412835,6
20603412941,19
20603413271,7
20603413360,5
20603414463,5
20603414986,17
20603416156,9
20603416521,5
20603416768,7
20603417021,8
20603417276,7
20603417811,12
20603418370,6
20603418531,5
20603418809,5
20603419805,5
20603420366,6
20603420463,7
20603421885,8
20603422083,7
20603422547,5
20603423012,7
20603423071,6
20603423870,9
20603424698,7
20603425091,21
20603425104,11
20603426038,19
20603426135,6
20603426224,15
20603426330,5
20603426780,21
20603427174,16
20603428774,7
20603429029,12
20603429207,11
20603429321,23
20603430078,7
20603430591,5
20603432518,10
20603433077,5
20603433239,7
20603433671,19
20603433727,6
20603434723,6
20603434880,5
20603435355,12
20603436301,9
20603436777,7
20603439156,8
20603440154,7
20603440880,19
20603441118,8
20603441134,21
20603441193,21
20603441789,7
20603442475,6
20603443064,7
20603443633,5
20603444184,6
20603444290,9
20603445407,5
20603445920,8
20603446004,11
20603446403,17
20603446543,19
20603448295,5
20603448384,11
20603448775,16
20603449135,6
20603449615,6
20603449909,8
20603451008,5
20603451016,11
20603451326,13
20603451393,5
20603451890,9
20603452004,7
20603452608,11
20603453965,8
20603454228,7
20603454244,14
20603454368,5
20603454856,5
20603455151,25
20603455500,6
20603455721,6
20603458321,9
20603458428,6
20603458835,7
20603459394,5
20603459751,5
20603460384,9
20603460911,6
20603460988,7
20603461500,7
20603461534,29
20603461780,7
20603462204,8
20603463758,8
20603464096,7
20603466081,5
20603466137,10
20603466595,5
20603468172,9
20603469471,6
20603469641,7
20603469691,10
20603469896,5
20603470045,5
20603470061,6
20603470363,12
20603471751,5
20603472170,6
20603473362,21
20603473583,5
20603474105,11
20603478551,21
20603478836,5
20603478968,7
20603481471,10
20603481772,6
20603482272,6
20603483848,6
20603483911,5
20603484798,6
20603486138,5
20603487037,5
20603487321,17
20603489528,20
20603489609,11
20603489854,19
20603490372,10
20603490429,19
20603491336,11
20603491913,26
20603492154,14
20603492979,6
20603493207,7
20603493291,8
20603493398,6
20603494009,19
20603494475,7
20603494521,5
20603494777,10
20603495285,7
20603495391,7
20603495641,6
20603497334,7
20603499892,7
20603500521,5
20603500581,6
20603503326,8
20603503440,5
20603503903,12
20603504373,5
20603505345,5
20603505426,7
20603505477,6
20603505736,13
20603506180,20
20603506228,6
20603506279,6
20603507534,19
20603508387,5
20603508531,6
20603510314,5
20603510667,7
20603511043,7
20603511051,6
20603511299,15
20603511469,5
20603512252,7
20603512422,6
20603513283,30
20603513658,14
20603513925,15
20603514417,10
20603514581,6
20603515014,15
20603515910,9
20603516011,11
20603516207,7
20603516509,21
20603517459,6
20603517726,11
20603519893,5
20603520239,6
20603520867,8
20603521090,10
20603521901,5
20603522185,9
20603522797,6
20603523521,20
20603523602,17
20603523734,5
20603524099,6
20603525109,12
20603525460,6
20603525494,5
20603525974,12
20603526229,12
20603526504,7
20603526962,22
20603527284,7
20603528469,5
20603528621,5
20603529171,5
20603529392,8
20603529902,7
20603530358,8
20603530536,7
20603530820,16
20603530919,6
20603534370,5
20603535350,5
20603535554,6
20603535767,5
20603536569,9
20603537042,7
20603537093,5
20603538049,12
20603538065,17
20603538201,6
20603538391,5
20603538600,11
20603540418,5
20603540779,20
20603541139,5
20603541490,5
20603541589,9
20603541741,9
20603542216,6
20603542941,5
20603543191,5
20603543565,19
20603543581,21
20603543956,6
20603544014,14
20603544782,5
20603545282,20
20603546203,7
20603546262,6
20603546611,9
20603547676,5
20603547722,6
20603548192,7
20603548346,9
20603548583,6
20603549814,5
20603549954,7
20603550383,20
20603550464,7
20603550600,6
20603552092,5
20603552149,7
20603552645,9
20603553030,9
20603554796,7
20603555008,16
20603555105,7
20603555474,10
20603555946,9
20603556462,10
20603557698,7
20603558040,25
20603558163,7
20603559003,5
20603559119,5
20603559399,5
20603559968,12
20603560753,17
20603560800,5
20603562934,6
20603563167,5
20603563540,5
20603563612,5
20603564546,11
20603565160,6
20603565275,18
20603565984,20
20603566395,12
20603566468,5
20603566581,6
20603566697,19
20603567081,8
20603567472,7
20603567561,6
20603567693,5
20603568061,13
20603568223,19
20603568622,7
20603569289,7
20603569874,8
20603569939,15
20603572425,9
20603572913,14
20603573146,7
20603574177,8
20603574207,7
20603575840,6
20603576684,22
20603576790,12
20603577401,8
20603578474,26
20603578491,10
20603578644,5
20603579934,6
20603580797,5
20603581157,15
20603581963,7
20603582668,13
20603583389,5
20603583419,10
20603583656,5
20603583907,9
20603584725,14
20603585071,7
20603585322,15
20603585721,6
20603585772,7
20603585829,6
20603586906,5
20603587473,5
20603587929,5
20603588046,9
20603588097,6
20603588844,8
20603590130,5
20603590521,7
20603590920,17
20603590962,5
20603591331,18
20603592001,6
20603592191,5
20603592345,5
20603592566,6
20603594259,7
20603594267,8
20603594381,18
20603594534,7
20603595743,6
20603595794,16
20603595956,8
20603596227,16
20603596294,7
20603596634,5
20603597126,18
20603597665,19
20603597720,5
20603598114,5
20603598254,5
20603598432,8
20603599854,7
20603600356,11
20603600372,6
20603600518,10
20603600721,11
20603600925,7
20603601212,9
20603601336,9
20603601646,7
20603601654,15
20603602707,6
20603602723,5
20603602928,8
20603602979,7
20603603100,9
20603603223,5
20603603860,5
20603604254,7
20603605153,5
20603605447,9
20603606281,6
20603606290,5
20603607202,5
20603607296,10
20603607750,5
20603607920,5
20603608322,5
20603608942,5
20603610947,12
20603611617,12
20603612095,6
20603612249,21
20603613555,6
20603613989,5
20603614063,5
20603614926,5
20603616210,7
20603616589,20
20603616716,5
20603616791,7
20603618140,6
20603618581,7
20603618590,5
20603618603,8
20603618816,5
20603618913,18
20603618972,6
20603619979,14
20603620012,7
20603621752,6
20603624395,10
20603624425,9
20603624913,7
20603625979,5
20603626894,18
20603627963,11
20603628617,9
20603628676,22
20603629061,6
20603629451,17
20603630131,6
20603630409,15
20603630506,8
20603630689,5
20603630956,6
20603631251,6
20603632088,5
20603632479,10
20603632681,15
20603633220,8
20603633947,5
20603635371,7
20603635745,7
20603635826,11
20603636148,8
20603636199,7
20603636946,5
20603638469,6
20603638914,7
20603639201,5
20603639520,5
20603639929,11
20603640340,9
20603640749,6
20603640919,7
20603641036,6
20603641591,5
20603641834,13
20603641991,5
20603642318,5
20603642636,5
20603643730,9
20603644141,6
20603644299,18
20603644345,10
20603644434,5
20603644752,18
20603644973,8
20603645783,7
20603647000,6
20603647271,5
20603647964,6
20603648057,11
20603648391,5
20603648561,7
20603650400,7
20603650434,7
20603650531,5
20603651112,12
20603651201,11
20603652054,10
20603652143,8
20603652291,8
20603652810,14
20603653255,12
20603653387,8
20603655398,5
20603657072,5
20603657111,6
20603657170,6
20603657862,26
20603658044,5
20603658265,7
20603658630,11
20603659091,12
20603659261,5
20603660049,6
20603660171,7
20603660944,9
20603661436,7
20603662246,8
20603662505,14
20603662823,15
20603662980,7
20603663471,20
20603664320,5
20603664427,6
20603664583,5
20603665113,5
20603665237,12
20603665717,8
20603666098,6
20603666322,11
20603667213,8
20603667507,6
20603667884,9
20603668520,19
20603668911,23
20603668937,10
20603669810,8
20603669933,19
20603670214,6
20603670249,8
20603670362,9
20603670630,6
20603670753,9
20603671351,5
20603671385,8
20603672331,7
20603673523,6
20603674708,23
20603674732,6
20603676026,6
20603676042,5
20603676841,9
20603676883,7
20603677359,5
20603677936,5
20603678771,9
20603678835,15
20603679513,13
20603679611,6
20603679891,6
20603680317,15
20603680392,5
20603680911,5
20603681046,9
20603681194,7
20603681267,5
20603681607,7
20603681674,11
20603681755,6
20603681801,7
20603681887,7
20603682140,7
20603682646,5
20603682808,14
20603683481,7
20603683693,6
20603684754,5
20603685327,10
20603685572,9
20603685831,5
20603686404,9
20603686498,9
20603687770,5
20603688041,22
20603689152,10
20603690240,19
20603691734,13
20603691947,7
20603692421,5
20603693265,18
20603693672,5
20603693991,10
20603694725,5
20603695217,9
20603695268,5
20603695632,9
20603696230,5
20603696574,26
20603697856,6
20603698861,5
20603699492,9
20603699832,7
20603700563,6
20603701322,5
20603702451,12
20603703112,18
20603703121,5
20603703911,6
20603706685,23
20603706693,6
20603707029,13
20603707096,9
20603708386,22
20603709951,5
20603710470,6
20603710658,5
20603711719,5
20603712090,24
20603712715,5
20603712952,14
20603714084,5
20603714599,5
20603714980,10
20603715064,23
20603715960,12
20603716176,8
20603716311,14
20603717091,8
20603717105,5
20603718543,5
20603719001,5
20603719256,8
20603720131,5
20603720297,6
20603720351,10
20603720831,5
20603721153,8
20603721714,11
20603721901,7
20603722851,7
20603723776,5
20603724322,11
20603724420,6
20603724454,8
20603725019,6
20603725337,12
20603725418,12
20603725426,12
20603725515,9
20603726139,5
20603726210,9
20603726252,6
20603726490,8
20603726597,5
20603726775,7
20603727518,24
20603727712,10
20603727721,9
20603728107,8
20603728271,22
20603728417,6
20603728425,5
20603728891,9
20603729511,11
20603729642,9
20603729731,9
20603730675,7
20603731175,9
20603731248,12
20603731272,5
20603731353,14
20603733046,6
20603733208,8
20603733437,5
20603734573,15
20603734824,10
20603735049,5
20603735090,23
20603735251,6
20603736258,19
20603736461,20
20603737238,8
20603737696,5
20603737734,16
20603737807,5
20603738072,7
20603739052,6
20603739061,19
20603739672,7
20603739818,5
20603740123,5
20603740531,21
20603741405,10
20603741898,12
20603742193,7
20603742568,8
20603743301,15
20603743556,6
20603743599,6
20603743661,7
20603743874,10
20603744315,19
20603745061,11
20603745621,10
20603746661,6
20603747161,7
20603747594,15
20603748281,7
20603748787,6
20603748817,9
20603748892,6
20603749287,5
20603749465,23
20603749686,6
20603749805,11
20603750137,12
20603750188,5
20603750358,11
20603751044,12
20603751575,6
20603752229,5
20603752458,7
20603753136,16
20603754558,6
20603755228,8
20603755236,10
20603755660,22
20603755759,5
20603756801,5
20603756950,6
20603757352,8
20603757409,8
20603757417,6
20603757476,11
20603757794,7
20603758111,5
20603758391,12
20603759991,14
20603761147,6
20603761155,5
20603761279,5
20603761295,6
20603761741,13
20603761775,6
20603765088,20
20603765568,6
20603766581,5
20603766947,14
20603767200,7
20603767544,12
20603767561,5
20603768141,6
20603768168,5
20603768877,15
20603769601,16
20603769750,5
20603770219,8
20603770529,5
20603772050,6
20603772505,11
20603772891,17
20603773943,30
20603774095,20
20603774192,32
20603775512,5
20603775580,5
20603775628,9
20603777183,7
20603777655,9
20603777698,9
20603777809,5
20603778180,26
20603778465,7
20603780222,6
20603780435,22
20603781521,6
20603782063,16
20603782250,8
20603783141,9
20603783345,14
20603783710,10
20603783922,5
20603783957,14
20603784261,19
20603784481,23
20603784805,14
20603784945,10
20603785062,10
20603785356,6
20603785666,6
20603785674,17
20603785852,7
20603786158,17
20603786301,5
20603787171,5
20603787375,5
20603787626,5
20603788649,9
20603788673,5
20603789424,9
20603790287,5
20603790465,5
20603790481,5
20603790741,5
20603792069,7
20603792662,8
20603793111,7
20603794231,5
20603794568,10
20603794631,9
20603794649,11
20603797818,5
20603798075,22
20603799535,9
20603801351,21
20603801521,5
20603801700,9
20603802099,7
20603802137,11
20603802668,7
20603804512,11
20603804539,5
20603804750,9
20603805373,24
20603806507,5
20603806795,5
20603807678,23
20603808283,5
20603808747,5
20603810261,6
20603810644,18
20603811411,13
20603812906,5
20603813244,7
20603814437,5
20603814526,8
20603815646,9
20603815808,12
20603816898,7
20603816952,13
20603817185,23
20603817762,7
20603817886,7
20603819943,9
20603819986,6
20603820721,7
20603820925,8
20603820968,5
20603821131,11
20603821361,6
20603821531,5
20603822219,5
20603822235,5
20603822618,9
20603823223,9
20603823614,12
20603823690,7
20603824173,20
20603824181,8
20603825242,11
20603825986,6
20603826702,9
20603828276,11
20603828284,13
20603828454,22
20603828721,5
20603828951,6
20603828985,5
20603829043,6
20603829205,10
20603830327,10
20603830416,10
20603830556,6
20603831528,8
20603833610,19
20603833865,6
20603834578,9
20603835183,12
20603835868,6
20603837739,8
20603837801,8
20603838026,13
20603838077,7
20603838204,5
20603838425,5
20603839961,7
20603841914,5
20603842341,9
20603842627,15
20603842970,5
20603843313,5
20603843755,5
20603843895,22
20603844212,10
20603846371,7
20603847424,10
20603847564,7
20603848234,11
20603848307,5
20603849761,8
20603849834,18
20603850735,6
20603851715,8
20603851952,5
20603851995,9
20603852215,10
20603852673,8
20603853394,8
20603854005,8
20603855737,5
20603855834,5
20603856351,21
20603856580,5
20603856725,24
20603858329,6
20603858396,6
20603858582,5
20603858744,20
20603858833,5
20603861061,13
20603861192,15
20603861362,10
20603861575,5
20603862181,11
20603862296,24
20603862849,10
20603863781,5
20603863951,9
20603864248,6
20603864281,7
20603865503,20
20603865813,9
20603865830,10
20603867018,5
20603867263,6
20603867999,14
20603868014,5
20603868375,7
20603868707,5
20603869631,9
20603870108,6
20603870591,5
20603871023,8
20603871171,7
20603871953,5
20603872097,9
20603872208,6
20603872224,17
20603872488,12
20603872496,11
20603872887,5
20603873204,8
20603874014,15
20603875053,20
20603875096,5
20603876068,10
20603876190,12
20603876661,5
20603876734,12
20603877684,8
20603877749,10
20603878311,7
20603879377,8
20603879938,6
20603880260,6
20603880588,14
20603880961,17
20603881690,5
20603881908,6
20603882271,7
20603882572,7
20603883650,6
20603884036,6
20603884532,9
20603885806,6
20603886411,9
20603887043,21
20603887400,8
20603889704,10
20603890028,13
20603890150,5
20603890354,5
20603892446,15
20603892497,8
20603892519,8
20603892969,10
20603893159,9
20603893183,10
20603893558,5
20603893981,10
20603894210,8
20603894759,5
20603895640,5
20603895941,6
20603896018,5
20603896077,8
20603896204,7
20603897049,8
20603897421,14
20603897481,17
20603897715,8
20603897855,13
20603898126,7
20603898304,6
20603898525,5
20603898657,24
20603900856,6
20603901429,6
20603901836,6
20603901968,8
20603902867,9
20603902999,5
20603903065,5
20603903359,22
20603903456,9
20603904355,8
20603905114,7
20603905335,5
20603905483,20
20603906170,7
20603906960,5
20603907486,7
20603907532,9
20603907541,6
20603907575,8
20603907737,21
20603908211,5
20603908431,11
20603908822,19
20603909501,5
20603909560,5
20603910291,5
20603910894,11
20603911335,11
20603912510,15
20603912706,6
20603913133,6
20603913681,5
20603913958,7
20603914296,6
20603914369,6
20603916060,6
20603916353,9
20603917198,14
20603917759,6
20603918241,6
20603919433,12
20603919441,9
20603919557,7
20603920431,7
20603921152,5
20603921241,5
20603921641,10
20603923554,6
20603925123,12
20603925433,9
20603925662,7
20603925859,5
20603926952,8
20603927517,14
20603927762,12
20603927860,7
20603928840,7
20603930607,5
20603930844,8
20603932693,9
20603932839,5
20603933444,5
20603933673,13
20603933878,7
20603933894,5
20603935994,5
20603936281,8
20603938322,7
20603938594,6
20603938659,10
20603938896,5
20603938934,15
20603939281,25
20603939426,5
20603939612,8
20603939710,5
20603940181,18
20603940696,14
20603940939,16
20603941285,26
20603941617,9
20603941668,5
20603941927,22
20603942141,19
20603943172,6
20603943199,15
20603943709,6
20603944837,5
20603945515,5
20603946015,7
20603947348,15
20603948069,5
20603949871,6
20603950039,5
20603950292,15
20603950675,6
20603950870,14
20603951477,6
20603951507,9
20603951965,8
20603952198,17
20603952716,8
20603952830,6
20603952899,15
20603953674,14
20603953771,5
20603953950,6
20603954263,8
20603954441,22
20603955197,12
20603956126,6
20603956282,7
20603956657,5
20603956924,5
20603957033,12
20603957301,13
20603958862,22
20603959095,12
20603959681,12
20603960093,6
20603960417,5
20603960808,6
20603960816,12
20603961073,7
20603962347,5
20603962461,6
20603963220,5
20603963939,5
20603964099,14
20603964153,21
20603964536,8
20603966369,8
20603966393,11
20603966610,8
20603966695,20
20603966903,10
20603969627,10
20603972164,5
20603975244,8
20603975759,5
20603976224,8
20603976275,7
20603978669,5
20603979509,21
20603979622,13
20603980124,20
20603980248,7
20603980485,5
20603980817,5
20603981538,6
20603982101,5
20603982381,5
20603983654,7
20603983883,6
20603984138,12
20603985801,10
20603985916,9
20603986734,21
20603987714,12
20603988567,8
20603988974,8
20603989440,7
20603989733,6
20603990197,6
20603991096,7
20603991258,7
20603992564,16
20603992858,8
20603992891,7
20603993137,5
20603993269,6
20603993323,7
20603993374,5
20603993471,8
20603993641,5
20603993897,7
20603994851,5
20603994885,5
20603995661,10
20603998627,7
20603999429,7
20603999674,7
20604001821,12
20604002070,6
20604002576,15
20604002932,8
20604003408,5
20604004528,8
20604004617,21
20604004986,6
20604005974,6
20604008345,9
20604008540,7
20604008841,15
20604009881,17
20604010382,5
20604010862,8
20604011249,8
20604011303,6
20604012148,8
20604012768,18
20604012873,6
20604013390,8
20604013896,5
20604014744,5
20604015163,6
20604016445,9
20604017671,5
20604017859,14
20604020761,10
20604021376,18
20604022054,8
20604022593,11
20604022941,17
20604023069,10
20604024219,7
20604024693,9
20604026084,6
20604026939,5
20604027862,22
20604028010,5
20604030201,15
20604032246,22
20604033013,7
20604033544,10
20604034303,6
20604034508,15
20604034893,10
20604037141,6
20604037167,7
20604038953,6
20604039585,11
20604041164,7
20604042144,13
20604043124,6
20604043183,5
20604043591,20
20604044082,8
20604045682,8
20604046514,6
20604047243,7
20604047685,15
20604049343,5
20604051721,7
20604054525,18
20604054771,7
20604055076,6
20604055238,7
20604055840,18
20604056251,5
20604056765,6
20604057796,24
20604057893,8
20604058229,7
20604058547,9
20604060843,11
20604061203,9
20604063630,6
20604064598,7
20604064750,9
20604065349,6
20604065357,5
20604066744,5
20604067163,6
20604067651,6
20604068275,13
20604068933,5
20604069069,12
20604069301,5
20604070105,11
20604070407,29
20604070661,8
20604071268,5
20604073481,6
20604073635,13
20604073945,20
20604074178,5
20604075379,5
20604075841,5
20604076375,15
20604077134,15
20604077258,7
20604077746,5
20604077789,20
20604077941,12
20604078220,5
20604078866,11
20604079188,6
20604079722,18
20604080402,6
20604080518,6
20604081042,7
20604081336,13
20604081379,17
20604081573,9
20604081905,6
20604081964,8
20604082693,6
20604082782,8
20604083177,7
20604084009,8
20604084092,7
20604084840,5
20604084963,5
20604085048,19
20604085145,10
20604089612,13
20604089744,5
20604090351,22
20604090947,6
20604091706,8
20604092621,14
20604093580,17
20604094365,13
20604094811,6
20604095604,25
20604096856,9
20604097151,5
20604098565,6
20604099189,5
20604099634,15
20604100683,10
20604101833,5
20604102350,6
20604103836,19
20604105782,18
20604106509,6
20604106568,17
20604106797,12
20604106908,5
20604108153,5
20604108251,7
20604109338,11
20604111413,6
20604112151,5
20604112452,7
20604113238,6
20604113505,6
20604114218,8
20604114269,7
20604115079,5
20604115516,11
20604117012,5
20604117331,6
20604117411,8
20604118078,6
20604120391,5
20604120994,7
20604121214,5
20604121974,6
20604125490,8
20604125821,25
20604125961,8
20604126208,5
20604126232,10
20604126658,10
20604127051,10
20604127387,5
20604127867,5
20604128871,8
20604130400,19
20604130680,7
20604130795,9
20604131180,9
20604131511,8
20604131708,8
20604132518,6
20604132721,5
20604133255,12
20604133891,8
20604134545,7
20604134561,18
20604135541,5
20604136131,5
20604136343,13
20604137218,5
20604137374,5
20604137510,7
20604137714,5
20604137846,16
20604137897,7
20604138281,9
20604138362,13
20604139911,9
20604140278,5
20604141142,11
20604141886,8
20604142319,6
20604142327,7
20604143374,6
20604145300,11
20604145458,24
20604146217,6
20604146691,11
20604147337,8
20604149585,7
20604149828,13
20604149879,18
20604150141,6
20604150281,10
20604150508,5
20604150893,6
20604150915,10
20604152110,9
20604152462,5
20604153507,5
20604154368,5
20604154392,5
20604154651,5
20604154759,5
20604155143,14
20604158657,7
20604158941,5
20604159459,11
20604159840,5
20604159882,5
20604160007,7
20604161739,22
20604163286,10
20604163642,19
20604163782,8
20604163821,9
20604164151,7
20604164541,5
20604165017,20
20604166625,5
20604167125,11
20604168130,13
20604168334,6
20604168687,13
20604168792,9
20604168831,13
20604168920,7
20604169985,5
20604170461,5
20604170576,5
20604170991,6
20604171068,5
20604171467,7
20604172129,8
20604172188,5
20604172293,7
20604172412,13
20604172501,6
20604172595,7
20604172714,5
20604172951,6
20604173133,6
20604173575,6
20604173656,11
20604173788,6
20604174318,6
20604174857,16
20604175756,25
20604176094,7
20604176779,5
20604176833,18
20604178704,17
20604179131,7
20604179336,15
20604180229,23
20604180717,24
20604181357,7
20604181641,5
20604182302,12
20604183317,12
20604184330,5
20604184593,8
20604184976,6
20604184984,22
20604185271,5
20604186138,21
20604186308,5
20604188173,20
20604188297,6
20604189234,7
20604189404,7
20604190372,8
20604192782,10
20604193266,12
20604195358,8
20604197245,10
20604197857,6
20604198659,6
20604199353,5
20604199523,6
20604199558,5
20604200084,5
20604200351,6
20604200700,9
20604202419,6
20604202567,5
20604203849,7
20604203971,5
20604204969,8
20604205248,21
20604205329,5
20604206180,5
20604206490,7
20604208158,9
20604209260,5
20604209316,12
20604209961,22
20604210594,5
20604211388,20
20604211442,5
20604211906,6
20604212490,5
20604213763,6
20604215294,5
20604215715,5
20604215898,5
20604215987,10
20604217220,8
20604217394,9
20604218251,20
20604218714,8
20604219818,15
20604220417,5
20604221898,5
20604222029,11
20604222061,21
20604222720,7
20604222746,5
20604223181,6
20604223424,7
20604223629,6
20604223670,7
20604223980,8
20604226768,8
20604227641,9
20604228884,7
20604232580,5
20604232792,8
20604234175,9
20604234973,5
20604235643,5
20604235902,8
20604235961,7
20604236712,11
20604236852,8
20604237085,7
20604237514,7
20604237727,7
20604238286,7
20604238677,10
20604240027,5
20604240973,7
20604241317,7
20604242267,5
20604243123,5
20604243972,11
20604244537,5
20604244731,5
20604245100,8
20604245266,6
20604245941,5
20604246327,6
20604248141,17
20604248273,8
20604248290,6
20604248664,10
20604249059,5
20604249482,5
20604249792,7
20604252122,7
20604252483,5
20604252688,5
20604255440,10
20604255563,5
20604256161,6
20604257205,10
20604257311,5
20604257400,13
20604257949,5
20604259259,9
20604259569,11
20604259607,13
20604259721,11
20604260231,5
20604260478,5
20604260923,8
20604261326,5
20604261580,8
20604261644,5
20604262047,5
20604263426,12
20604263931,6
20604264376,8
20604266085,6
20604266549,10
20604267707,9
20604267731,5
20604267766,9
20604268843,14
20604269009,30
20604269530,9
20604270848,5
20604271534,13
20604271585,6
20604271909,5
20604272433,13
20604273090,11
20604274673,8
20604275521,5
20604275611,20
20604277354,7
20604278202,10
20604279608,6
20604281424,7
20604281491,18
20604281751,7
20604281891,9
20604282030,7
20604283303,12
20604284032,9
20604284121,7
20604284784,6
20604285292,8
20604286035,17
20604286591,5
20604286744,13
20604286876,7
20604289263,5
20604290041,5
20604290075,12
20604290466,5
20604290636,15
20604290903,10
20604290997,5
20604291250,8
20604291373,9
20604292701,6
20604292833,8
20604292931,10
20604293708,7
20604294739,10
20604295115,9
20604295131,10
20604295182,5
20604295956,6
20604296481,11
20604296502,16
20604300577,11
20604301603,9
20604301964,10
20604302049,10
20604302537,6
20604302863,21
20604303029,23
20604305820,8
20604306150,19
20604307521,19
20604307644,8
20604307962,5
20604308101,5
20604308373,11
20604308454,8
20604308624,12
20604309027,5
20604309060,17
20604310122,9
20604310939,7
20604311056,9
20604311897,5
20604315345,8
20604315574,5
20604315906,21
20604316384,11
20604319553,15
20604319715,14
20604319952,5
20604319987,6
20604321825,6
20604322651,5
20604323437,5
20604324191,6
20604324468,7
20604325073,6
20604329397,7
20604330051,10
20604334650,13
20604335869,12
20604336253,19
20604336938,6
20604337071,22
20604337101,19
20604337896,8
20604339449,6
20604339465,6
20604339686,7
20604339732,7
20604339791,5
20604339953,13
20604339996,6
20604340102,5
20604340374,5
20604340528,16
20604341877,6
20604342610,5
20604342857,5
20604343365,9
20604344388,20
20604344850,5
20604345724,5
20604346011,23
20604346241,5
20604347026,9
20604347824,19
20604348189,5
20604348642,17
20604348669,6
20604349983,16
20604350850,5
20604352097,20
20604352364,19
20604353433,7
20604354219,21
20604354332,14
20604355291,13
20604355851,5
20604357625,7
20604357951,23
20604358389,7
20604358834,7
20604360871,9
20604363331,8
20604363951,8
20604364087,9
20604367418,13
20604368961,9
20604371229,6
20604371768,20
20604371881,7
20604371989,17
20604372985,11
20604373001,5
20604373281,5
20604375119,17
20604375437,7
20604375518,5
20604376204,6
20604376719,12
20604377006,7
20604377146,8
20604377383,6
20604377502,11
20604377928,7
20604378479,9
20604379301,6
20604379521,5
20604380287,12
20604381003,12
20604381127,7
20604384631,7
20604385653,5
20604385866,19
20604386145,6
20604386757,6
20604388377,6
20604389861,7
20604391394,10
20604391548,5
20604393753,8
20604393958,7
20604394342,6
20604396710,11
20604397660,7
20604400164,9
20604400679,11
20604401128,11
20604401853,7
20604402256,7
20604404291,6
20604405964,5
20604407401,5
20604408513,8
20604408785,11
20604409153,5
20604409811,20
20604409871,18
20604409994,8
20604410461,10
20604410747,11
20604411166,6
20604411565,5
20604412707,6
20604412758,5
20604415358,5
20604415421,6
20604415650,12
20604416206,11
20604416401,9
20604416745,13
20604417750,7
20604418705,7
20604418934,8
20604419531,7
20604420165,15
20604421285,5
20604422885,5
20604423270,5
20604423555,23
20604424128,7
20604424942,20
20604425043,6
20604425531,6
20604425612,6
20604426368,7
20604426627,6
20604426635,11
20604428328,10
20604428387,15
20604428905,12
20604429529,7
20604429847,6
20604430781,5
20604430942,9
20604433267,7
20604433895,9
20604434221,21
20604434484,7
20604435596,11
20604437581,9
20604438269,11
20604438331,7
20604438650,6
20604438757,19
20604438994,7
20604440166,7
20604440565,20
20604441995,7
20604442541,6
20604443700,21
20604445818,15
20604448809,5
20604449295,7
20604449473,5
20604450480,13
20604450579,6
20604450803,6
20604451371,7
20604451567,5
20604451583,11
20604451737,9
20604451788,18
20604451923,6
20604452172,13
20604452377,7
20604453551,13
20604453934,5
20604454451,6
20604454558,11
20604454922,5
20604455163,8
20604455228,16
20604456445,16
20604456488,8
20604456895,6
20604456917,6
20604457174,6
20604457255,5
20604457794,5
20604457948,13
20604458324,7
20604458529,7
20604458944,5
20604459568,12
20604459797,16
20604459886,6
20604460035,5
20604460370,21
20604461201,7
20604462542,7
20604465100,19
20604466017,6
20604467285,8
20604468362,5
20604468575,5
20604470243,6
20604470375,7
20604470944,5
20604471843,8
20604472858,10
20604473307,8
20604473421,7
20604474087,8
20604474656,13
20604475296,18
20604475504,5
20604476713,8
20604477701,21
20604478121,7
20604478848,10
20604481351,21
20604481440,6
20604481636,5
20604482331,6
20604484805,13
20604484813,9
20604485631,10
20604486387,8
20604487308,20
20604487669,10
20604487901,22
20604488215,5
20604488274,13
20604488622,21
20604489726,6
20604491038,10
20604491470,6
20604491631,9
20604491844,14
20604491909,15
20604492093,13
20604492123,11
20604492204,8
20604492794,7
20604492875,8
20604493171,9
20604493201,7
20604494550,12
20604494983,5
20604496463,8
20604496722,6
20604496927,13
20604497028,17
20604497338,9
20604497389,6
20604498091,12
20604498989,6
20604499748,10
20604500169,5
20604500266,12
20604501289,5
20604501645,9
20604503265,5
20604503745,5
20604503958,14
20604504121,5
20604504202,9
20604504857,6
20604505802,5
20604506892,5
20604507911,15
20604508836,5
20604509794,9
20604510491,5
20604512949,5
20604515433,7
20604516880,28
20604517703,6
20604519412,10
20604519749,7
20604520186,19
20604523118,5
20604524327,9
20604524483,6
20604524661,10
20604524688,7
20604524807,7
20604525331,5
20604525510,5
20604525943,7
20604526036,5
20604526061,6
20604526265,10
20604528110,6
20604528446,5
20604528501,6
20604528900,5
20604530173,6
20604531421,20
20604531501,16
20604531633,5
20604531897,22
20604532982,6
20604533164,8
20604536830,8
20604537259,11
20604537372,8
20604538662,7
20604539057,13
20604539308,6
20604539383,6
20604539430,17
20604539812,11
20604540390,17
20604540560,11
20604540853,7
20604540934,5
20604541485,7
20604541841,5
20604542678,11
20604543461,6
20604544271,8
20604547483,5
20604548552,5
20604549401,7
20604550468,6
20604552363,8
20604552576,21
20604552673,7
20604553556,15
20604553742,8
20604554161,6
20604554676,5
20604554846,9
20604554978,5
20604554986,8
20604555630,9
20604556164,5
20604556644,9
20604556989,19
20604557136,13
20604557144,5
20604558604,9
20604558787,7
20604562571,7
20604565121,7
20604565422,5
20604565708,6
20604565864,5
20604566747,8
20604566810,8
20604567557,8
20604567816,7
20604568006,8
20604568669,10
20604568855,19
20604572607,8
20604574154,6
20604576084,6
20604576394,12
20604577145,5
20604578788,5
20604579491,5
20604580294,22
20604580821,11
20604581495,5
20604581657,5
20604582181,24
20604582343,5
20604583285,9
20604585041,6
20604586080,13
20604586187,20
20604587060,6
20604587493,12
20604592420,12
20604592683,8
20604594295,5
20604594392,7
20604596344,5
20604596689,17
20604597251,12
20604598339,7
20604598550,13
20604599564,5
20604601003,5
20604601968,11
20604602115,21
20604602514,12
20604602859,6
20604603499,8
20604603928,5
20604605513,6
20604606153,16
20604606722,11
20604606749,5
20604606871,8
20604608288,5
20604610681,16
20604611688,9
20604613150,20
20604614814,10
20604615942,6
20604616515,9
20604616540,6
20604616892,8
20604617147,5
20604617694,9
20604618178,5
20604618267,13
20604618275,7
20604619298,6
20604619506,17
20604619514,5
20604619808,7
20604620831,6
20604620881,7
20604621373,6
20604621501,8
20604623007,10
20604623040,6
20604624615,7
20604624950,12
20604625123,11
20604625697,11
20604625883,6
20604626553,5
20604627011,5
20604627967,8
20604628131,7
20604630135,7
20604630372,6
20604631115,13
20604631999,6
20604634009,5
20604634548,8
20604635234,7
20604635536,5
20604635986,11
20604637105,20
20604637172,6
20604638462,12
20604638641,5
20604638667,5
20604639299,5
20604640173,12
20604640271,7
20604640785,7
20604640874,9
20604641340,5
20604642478,12
20604643024,6
20604643610,20
20604643971,7
20604644195,6
20604644225,8
20604644594,15
20604644608,5
20604645086,12
20604645400,6
20604645604,11
20604647704,17
20604648328,5
20604648794,7
20604648859,16
20604648956,8
20604649171,9
20604650985,5
20604651329,5
20604651655,9
20604651701,17
20604652015,7
20604652155,6
20604652201,17
20604652775,6
20604653178,11
20604653283,11
20604653411,6
20604654042,21
20604654093,12
20604655171,7
20604657785,8
20604658650,9
20604659656,6
20604659877,8
20604660093,9
20604660263,11
20604661740,7
20604661880,6
20604662347,12
20604662398,9
20604662967,5
20604664404,8
20604665508,7
20604665567,6
20604665753,20
20604665796,7
20604666717,5
20604667187,7
20604667225,22
20604667365,6
20604667918,20
20604668159,15
20604668302,6
20604668418,11
20604668507,7
20604669058,9
20604669589,6
20604670145,7
20604670242,13
20604670650,11
20604670668,10
20604671044,6
20604671150,7
20604671842,15
20604671869,7
20604671966,5
20604673161,11
20604673390,10
20604673977,10
20604674205,5
20604675481,12
20604675554,20
20604675708,13
20604676372,11
20604676488,8
20604676780,5
20604676798,7
20604677590,8
20604678448,5
20604679177,7
20604679355,9
20604679380,12
20604679673,7
20604679797,19
20604680230,6
20604681741,20
20604682089,5
20604683042,13
20604684014,8
20604684243,7
20604684871,6
20604684979,11
20604685126,8
20604685240,20
20604685444,9
20604685461,5
20604685584,5
20604686173,5
20604687641,12
20604687986,12
20604688842,9
20604689032,25
20604689768,6
20604690430,9
20604690481,7
20604690685,21
20604691070,5
20604691878,5
20604692459,8
20604692971,5
20604694885,6
20604695440,5
20604695822,13
20604695903,17
20604696055,19
20604696616,21
20604696730,6
20604697396,5
20604698074,6
20604698619,6
20604699496,11
20604699771,21
20604699844,7
20604700125,5
20604701636,9
20604703027,8
20604704147,21
20604705721,12
20604706069,6
20604707006,6
20604707014,5
20604707944,5
20604708282,7
20604708576,8
20604708991,6
20604709050,11
20604710171,10
20604712051,5
20604712531,10
20604714193,14
20604714568,5
20604715033,6
20604715530,6
20604716331,21
20604717524,12
20604717991,12
20604718041,9
20604718237,6
20604718865,9
20604719543,11
20604720690,6
20604722811,8
20604723257,10
20604724687,5
20604725497,8
20604725586,7
20604726027,8
20604727171,6
20604727554,14
20604727775,8
20604728011,7
20604728038,12
20604729433,9
20604729531,19
20604731004,8
20604731241,18
20604731969,6
20604732043,9
20604733163,5
20604734151,5
20604736375,16
20604737860,8
20604737975,6
20604738912,7
20604739056,6
20604739595,14
20604740097,14
20604740691,5
20604740798,5
20604741042,6
20604741085,5
20604742529,7
20604743576,21
20604744521,10
20604744700,6
20604746168,5
20604747369,10
20604747814,7
20604748411,11
20604748667,7
20604748870,6
20604749515,8
20604749591,10
20604749787,16
20604750416,7
20604750831,10
20604751111,20
20604752095,6
20604752249,9
20604753091,11
20604753385,12
20604753865,14
20604754373,11
20604754764,5
20604755868,8
20604755892,8
20604756040,5
20604756473,15
20604757682,5
20604757976,7
20604758492,6
20604758531,6
20604758832,11
20604758883,14
20604760837,5
20604762082,9
20604764760,5
20604765286,10
20604765618,8
20604767190,6
20604767289,21
20604767432,8
20604767513,8
20604767548,17
20604767670,5
20604768251,6
20604770221,10
20604770255,6
20604770476,6
20604770522,8
20604772011,8
20604773416,5
20604773564,6
20604773602,7
20604774412,6
20604774510,7
20604775061,8
20604775117,6
20604776491,5
20604776750,15
20604776873,5
20604778191,21
20604778361,5
20604778566,20
20604780285,5
20604781761,12
20604784361,5
20604785066,6
20604785775,10
20604785902,8
20604785988,8
20604786402,5
20604786500,7
20604788294,9
20604788308,7
20604788898,7
20604789223,8
20604789533,10
20604789819,5
20604791040,8
20604791848,14
20604791899,7
20604792011,9
20604792194,11
20604793352,5
20604793743,7
20604793794,14
20604793956,14
20604795304,7
20604795479,16
20604796629,8
20604797170,6
20604799890,11
20604799903,9
20604800197,7
20604801002,11
20604802777,11
20604802823,5
20604802882,10
20604803498,11
20604803625,6
20604804125,6
20604804168,5
20604805075,15
20604805482,6
20604806578,21
20604808252,5
20604809313,10
20604809852,5
20604811041,13
20604812136,21
20604812209,6
20604812292,6
20604812471,6
20604813019,5
20604813248,6
20604813418,7
20604813485,9
20604814040,7
20604815097,20
20604815267,7
20604816425,5
20604816794,5
20604817049,6
20604817375,17
20604818495,10
20604819289,23
20604820422,13
20604820830,8
20604821500,5
20604821861,22
20604822395,12
20604822841,7
20604823910,6
20604824037,5
20604824797,5
20604826854,13
20604826927,7
20604828776,7
20604828971,10
20604832412,12
20604832935,7
20604833613,9
20604834253,7
20604836281,10
20604837228,16
20604837619,21
20604838925,7
20604840474,15
20604840717,9
20604840997,20
20604841161,7
20604841918,9
20604842191,5
20604842281,5
20604843198,7
20604843554,5
20604844283,5
20604844364,8
20604846073,5
20604847983,19
20604848386,6
20604848441,10
20604850194,10
20604850232,10
20604850810,6
20604850861,5
20604851085,5
20604852073,8
20604852880,10
20604853428,6
20604854912,13
20604855323,5
20604857466,5
20604858217,8
20604858900,7
20604859761,5
20604860475,14
20604860645,6
20604861111,16
20604861382,7
20604861498,6
20604863342,5
20604863547,22
20604863962,7
20604865001,5
20604865221,6
20604865540,20
20604866597,12
20604867046,20
20604868191,9
20604869171,6
20604869456,8
20604869987,5
20604870144,5
20604870896,5
20604871515,19
20604871752,5
20604871841,5
20604871884,21
20604872023,5
20604872708,7
20604873569,5
20604874409,7
20604874735,6
20604874841,5
20604875235,5
20604875251,7
20604877173,9
20604877181,6
20604877734,7
20604877866,5
20604877955,6
20604880573,6
20604880841,5
20604880956,5
20604881286,5
20604881308,15
20604881847,9
20604881995,5
20604882151,6
20604884773,9
20604885061,20
20604885931,7
20604886334,11
20604887292,10
20604888302,6
20604889635,5
20604890391,6
20604890803,7
20604891354,7
20604892148,5
20604893730,7
20604893888,5
20604894191,5
20604894256,5
20604894302,5
20604894761,5
20604895317,8
20604895406,11
20604898022,6
20604899240,7
20604899312,12
20604899631,5
20604899711,12
20604899754,5
20604903476,5
20604903531,5
20604903832,13
20604904022,5
20604904618,6
20604904979,19
20604905533,12
20604905878,5
20604906475,7
20604908371,9
20604908842,20
20604911762,17
20604912271,23
20604912351,8
20604913021,6
20604915661,16
20604916772,10
20604916802,8
20604917451,5
20604917876,5
20604918066,11
20604919496,6
20604919828,7
20604919976,11
20604920192,23
20604920249,8
20604920532,5
20604922128,21
20604922624,25
20604922993,25
20604923078,5
20604924244,5
20604924295,5
20604924449,20
20604924481,13
20604925771,6
20604926123,7
20604926638,6
20604926689,7
20604926751,8
20604926808,8
20604927332,5
20604928681,8
20604929254,11
20604930317,8
20604930503,5
20604931615,5
20604932930,11
20604932964,18
20604933685,5
20604936382,6
20604936587,6
20604936757,9
20604936901,9
20604936927,8
20604936935,11
20604937974,9
20604938016,5
20604938211,9
20604938300,21
20604938504,5
20604940177,12
20604940622,20
20604940851,22
20604940886,5
20604942480,6
20604943435,7
20604943664,8
20604943851,5
20604944474,5
20604944768,6
20604944822,7
20604945098,14
20604945420,14
20604946248,6
20604946477,10
20604947317,5
20604947376,5
20604947406,6
20604947589,6
20604947619,5
20604947805,20
20604949891,5
20604950016,8
20604950164,6
20604951080,6
20604951128,6
20604952264,10
20604952701,17
20604953236,6
20604953384,7
20604954208,6
20604956642,7
20604956944,9
20604957177,9
20604957410,8
20604957452,5
20604957517,7
20604957801,12
20604958131,10
20604958807,6
20604958815,5
20604960054,21
20604960518,6
20604962529,6
20604962669,5
20604963088,15
20604965803,7
20604968772,14
20604969477,21
20604969752,8
20604972346,5
20604972656,16
20604972915,13
20604973202,5
20604973971,11
20604974021,5
20604974942,9
20604976112,13
20604976376,5
20604976881,8
20604976929,15
20604977739,8
20604977950,5
20604978034,9
20604978107,21
20604979006,8
20604979171,14
20604979855,8
20604980225,10
20604980292,20
20604980390,9
20604980713,5
20604981108,6
20604981973,14
20604982261,7
20604983232,18
20604983739,7
20604983755,8
20604983933,11
20604984018,7
20604984123,20
20604984140,6
20604984174,14
20604984956,7
20604985421,6
20604985448,7
20604985481,8
20604985731,7
20604985995,9
20604986266,19
20604987122,6
20604988366,5
20604988544,14
20604989931,22
20604990841,8
20604991545,6
20604993751,7
20604994595,9
20604995630,8
20604996610,6
20604997870,8
20604998779,7
20604998973,5
20604999317,10
20604999864,7
20605000623,6
20605001778,12
20605001875,5
20605002979,6
20605003371,6
20605003851,5
20605004777,16
20605005374,7
20605005684,7
20605006401,21
20605006851,6
20605007784,23
20605007962,12
20605008055,5
20605008365,12
20605008756,7
20605008870,5
20605009094,7
20605009531,5
20605009990,5
20605010599,6
20605011846,5
20605012052,8
20605012281,16
20605012621,5
20605012869,7
20605012923,6
20605013784,16
20605013814,5
20605016261,8
20605016848,5
20605017372,8
20605017496,6
20605017518,6
20605018620,5
20605019154,9
20605020233,7
20605020543,7
20605022015,5
20605024336,13
20605025944,9
20605026851,8
20605027114,8
20605027483,5
20605027793,8
20605029362,5
20605030166,6
20605031154,8
20605031251,18
20605031600,5
20605031944,12
20605032151,20
20605032436,9
20605032576,12
20605033211,30
20605033921,5
20605034447,13
20605034684,21
20605035036,15
20605035541,20
20605036016,10
20605036458,6
20605036709,7
20605037527,9
20605037811,11
20605039228,5
20605039546,6
20605041699,13
20605043128,14
20605043241,20
20605043390,6
20605044019,19
20605044256,9
20605044591,5
20605044639,19
20605046968,11
20605047387,7
20605047522,14
20605047841,10
20605048057,10
20605048740,5
20605049495,6
20605049878,7
20605050833,5
20605051066,6
20605052551,5
20605052704,7
20605052836,23
20605052941,10
20605052976,6
20605053816,7
20605054774,12
20605055002,11
20605055363,7
20605055487,8
20605056084,5
20605056777,7
20605057862,8
20605058125,5
20605060723,10
20605060847,14
20605062777,8
20605064524,6
20605064931,5
20605065083,6
20605065164,6
20605065679,10
20605065881,17
20605066063,21
20605066560,5
20605066942,9
20605067167,6
20605067469,16
20605068511,9
20605069976,10
20605070311,16
20605070401,15
20605070702,7
20605071407,13
20605072446,7
20605072527,6
20605072942,8
20605075445,6
20605076018,6
20605076956,7
20605077138,5
20605077545,13
20605077596,10
20605077880,7
20605078134,6
20605078673,10
20605078703,8
20605078959,7
20605079131,6
20605080619,5
20605081771,5
20605082212,19
20605082859,9
20605085637,19
20605086331,5
20605087907,8
20605087982,9
20605088008,11
20605088636,7
20605088822,6
20605089497,6
20605090789,7
20605091165,6
20605091246,8
20605091572,5
20605091637,17
20605092064,18
20605093443,5
20605094105,5
20605094431,7
20605095195,5
20605096515,6
20605096655,6
20605096698,17
20605096931,5
20605096965,10
20605097201,11
20605097210,6
20605097911,6
20605098259,8
20605098283,7
20605098411,5
20605100008,19
20605100075,8
20605100113,6
20605100172,6
20605100326,5
20605100920,9
20605101705,6
20605103953,9
20605104411,20
20605104771,6
20605105875,8
20605106766,5
20605107363,7
20605108041,8
20605108149,9
20605108696,9
20605109871,7
20605110119,5
20605110194,6
20605110453,8
20605110470,18
20605113045,7
20605113321,9
20605114980,6
20605115234,5
20605116656,5
20605116834,19
20605118136,17
20605118721,10
20605118730,8
20605119302,5
20605120050,22
20605120319,5
20605122397,5
20605122613,9
20605122729,20
20605122761,6
20605122826,5
20605122958,5
20605123491,5
20605124501,5
20605124691,8
20605124764,7
20605124900,8
20605125108,8
20605125540,6
20605127186,14
20605127259,5
20605128280,5
20605128450,5
20605128514,8
20605129154,8
20605129201,6
20605129243,8
20605129651,9
20605130071,5
20605130276,7
20605130772,14
20605132091,6
20605132791,15
20605134832,7
20605135995,5
20605136037,6
20605137556,17
20605138277,9
20605138625,5
20605138811,9
20605138986,5
20605139320,12
20605139443,15
20605140247,8
20605140956,6
20605140964,7
20605141022,6
20605141031,7
20605141634,8
20605141723,16
20605144358,15
20605145389,6
20605145460,6
20605145753,5
20605147276,5
20605147632,10
20605148001,6
20605149899,5
20605149961,9
20605151346,11
20605151516,12
20605151966,8
20605152962,6
20605153128,7
20605153934,8
20605154647,8
20605154736,5
20605154787,12
20605155937,11
20605156101,8
20605156381,12
20605157115,13
20605158073,9
20605158481,7
20605159282,7
20605159398,29
20605160426,6
20605160710,10
20605160825,5
20605160957,12
20605162429,7
20605162470,7
20605162682,17
20605162739,6
20605163123,7
20605163280,5
20605163875,13
20605163981,15
20605164367,12
20605164375,21
20605164553,15
20605165002,11
20605165410,6
20605165479,5
20605166793,21
20605167722,6
20605167901,7
20605168281,8
20605169563,6
20605170260,7
20605171061,7
20605171941,36
20605171975,6
20605173307,7
20605174052,5
20605175831,7
20605176462,13
20605177311,8
20605177698,6
20605177779,11
20605178775,12
20605179143,12
20605179186,12
20605179534,13
20605180117,18
20605180656,5
20605181105,8
20605182101,5
20605183612,10
20605184414,11
20605185143,7
20605187359,8
20605188860,5
20605189149,8
20605190449,7
20605191143,5
20605191151,8
20605191216,6
20605191909,6
20605192093,5
20605192123,11
20605192131,6
20605192824,5
20605194886,5
20605195009,5
20605195408,10
20605195629,6
20605197885,5
20605198776,9
20605199454,5
20605199501,7
20605201157,6
20605203109,16
20605204300,20
20605205021,11
20605205055,5
20605205446,7
20605206086,7
20605206191,6
20605206850,8
20605206931,7
20605207848,9
20605208593,8
20605209484,6
20605209506,6
20605209760,12
20605210750,12
20605210831,5
20605212434,9
20605212965,7
20605214038,23
20605214275,6
20605215077,5
20605215417,6
20605216090,16
20605216871,15
20605217380,7
20605217746,11
20605217983,11
20605218360,5
20605222201,8
20605222448,8
20605222600,11
20605223878,10
20605223983,5
20605224921,5
20605225218,9
20605225889,8
20605226168,12
20605226249,5
20605226362,8
20605226508,6
20605229272,6
20605230009,19
20605230386,7
20605230637,7
20605231889,6
20605231901,8
20605233491,9
20605233997,15
20605234900,10
20605235019,12
20605235515,9
20605235892,7
20605236180,5
20605237348,7
20605238018,13
20605239421,12
20605239839,5
20605240128,9
20605240144,5
20605241639,19
20605242236,6
20605244522,18
20605245367,11
20605245561,10
20605246151,6
20605246509,12
20605247211,5
20605248021,8
20605248188,9
20605249176,8
20605249648,5
20605250166,6
20605250638,10
20605250891,7
20605251316,9
20605251324,6
20605251995,6
20605252088,21
20605252401,7
20605252436,20
20605252444,20
20605252657,21
20605254315,28
20605254595,8
20605255737,6
20605255851,9
20605256202,9
20605257381,5
20605257772,5
20605259481,7
20605260480,6
20605261621,14
20605261834,7
20605262792,18
20605263870,6
20605263900,5
20605267395,17
20605267468,6
20605267859,9
20605269835,7
20605269843,14
20605270183,8
20605271007,15
20605271376,8
20605271473,7
20605271953,6
20605273069,12
20605273808,5
20605274090,16
20605274146,9
20605274669,5
20605276327,5
20605276840,5
20605277269,9
20605277315,6
20605277471,11
20605277480,6
20605278745,20
20605278877,6
20605279016,5
20605280308,6
20605280383,5
20605280600,14
20605282726,6
20605283315,6
20605283731,5
20605284249,7
20605284541,11
20605284702,8
20605285288,21
20605286021,23
20605287001,20
20605288431,10
20605289046,5
20605289461,9
20605289551,5
20605290915,8
20605291075,6
20605292209,8
20605292241,6
20605292691,8
20605292993,7
20605293329,6
20605293540,7
20605293663,11
20605296166,13
20605296816,7
20605297863,5
20605298576,5
20605299408,5
20605300813,6
20605302409,5
20605302743,6
20605304002,11
20605305645,11
20605306935,5
20605307001,7
20605307770,13
20605308466,8
20605311131,5
20605311602,7
20605311637,11
20605311653,9
20605312587,5
20605313281,5
20605313443,11
20605313583,6
20605314571,7
20605315331,11
20605315667,22
20605315802,5
20605316035,8
20605316256,14
20605318623,16
20605319409,11
20605319611,8
20605319727,8
20605319808,5
20605319972,9
20605322256,5
20605323724,6
20605324275,8
20605324712,5
20605325107,5
20605326227,5
20605327924,7
20605328751,6
20605328939,5
20605329137,6
20605330186,6
20605330224,8
20605330712,20
20605330836,6
20605332839,16
20605336222,5
20605336702,5
20605336931,7
20605337296,13
20605337784,5
20605339019,5
20605339132,5
20605340181,5
20605340611,11
20605341005,5
20605341307,5
20605343377,6
20605343792,8
20605343865,14
20605344373,7
20605346112,13
20605346392,9
20605346465,8
20605346716,9
20605346805,7
20605346937,5
20605347909,15
20605349138,9
20605349154,10
20605349448,6
20605349693,5
20605349782,11
20605350381,7
20605350519,12
20605350632,12
20605351124,5
20605351795,6
20605351850,5
20605352139,8
20605353178,5
20605353305,5
20605353321,22
20605353372,6
20605353488,8
20605353801,11
20605353836,5
20605354221,5
20605354727,8
20605356100,6
20605357408,5
20605357700,14
20605357734,11
20605359354,8
20605359460,5
20605363017,7
20605363882,21
20605364447,5
20605364480,21
20605365192,6
20605365249,5
20605365435,7
20605367705,9
20605368078,5
20605368493,9
20605369309,12
20605369856,5
20605370722,13
20605371168,6
20605371770,9
20605372156,7
20605372296,5
20605372831,10
20605373021,8
20605373225,5
20605373276,5
20605375261,18
20605376500,13
20605377018,21
20605377051,6
20605377115,11
20605377409,12
20605379614,5
20605379886,6
20605380191,11
20605380612,10
20605381121,10
20605382089,6
20605382631,5
20605382640,17
20605383344,8
20605383701,6
20605383905,11
20605385002,19
20605385100,5
20605385436,16
20605385487,19
20605387013,5
20605389555,5
20605390260,5
20605391436,13
20605391452,6
20605391703,5
20605391738,21
20605392416,5
20605392521,10
20605393056,6
20605393129,6
20605393498,12
20605393901,5
20605394401,6
20605395181,5
20605395474,13
20605395512,22
20605396497,5
20605396942,18
20605397299,5
20605398520,6
20605399542,6
20605400150,6
20605400231,23
20605400443,6
20605400605,10
20605402209,6
20605403019,6
20605404147,5
20605404741,14
20605405160,5
20605407057,11
20605407421,13
20605408533,8
20605408711,5
20605409050,9
20605409491,5
20605412255,6
20605412450,7
20605412701,6
20605412794,11
20605412913,14
20605413821,11
20605414215,5
20605414410,24
20605415998,5
20605416331,18
20605417001,21
20605417052,7
20605418032,10
20605419454,24
20605419616,10
20605420487,10
20605420592,14
20605420746,10
20605421556,23
20605421629,8
20605422323,10
20605422625,8
20605423729,22
20605424440,5
20605425012,22
20605425934,20
20605426345,19
20605426477,15
20605427228,10
20605427635,6
20605428348,16
20605428542,5
20605428780,8
20605429395,5
20605429590,6
20605430555,8
20605430610,19
20605431870,9
20605431934,23
20605432183,23
20605432213,7
20605432469,7
20605432728,6
20605433031,22
20605433236,7
20605433414,10
20605433864,16
20605433902,7
20605433953,20
20605434453,19
20605435395,6
20605435620,8
20605436022,15
20605436961,5
20605437754,9
20605437894,9
20605439846,6
20605440127,5
20605440704,11
20605441204,20
20605443347,15
20605443827,12
20605444017,6
20605445251,8
20605445862,16
20605446010,9
20605446311,6
20605447679,7
20605447814,20
20605447920,12
20605448420,5
20605450475,10
20605450602,8
20605450645,8
20605450955,16
20605451463,6
20605453016,5
20605453288,6
20605456147,9
20605456198,6
20605456490,5
20605456520,6
20605457801,7
20605459375,12
20605459499,5
20605459995,24
20605460331,5
20605460411,18
20605460764,10
20605462031,5
20605462546,14
20605463283,9
20605464018,16
20605464271,7
20605464816,7
20605465367,6
20605465375,8
20605465898,19
20605465995,8
20605468927,19
20605469028,8
20605470719,8
20605471219,12
20605471456,5
20605471693,22
20605472223,6
20605472517,8
20605472711,5
20605473238,9
20605475273,45
20605476601,14
20605476938,11
20605478043,9
20605478574,6
20605478671,5
20605479686,5
20605480323,11
20605481729,14
20605481991,5
20605483527,6
20605484043,5
20605485805,11
20605487271,14
20605487379,7
20605487450,5
20605487913,5
20605488090,8
20605490043,8
20605490566,5
20605492038,6
20605492895,9
20605493131,5
20605494201,7
20605494448,6
20605494618,9
20605497323,7
20605499385,8
20605499725,20
20605499768,5
20605500430,5
20605501169,5
20605502084,7
20605502807,6
20605502891,6
20605503056,5
20605503188,5
20605503455,19
20605504486,6
20605504524,5
20605504541,14
20605505296,5
20605505547,9
20605505598,6
20605506012,5
20605508384,5
20605508538,5
20605508929,6
20605509755,7
20605510842,6
20605511393,8
20605513663,18
20605514651,6
20605515305,6
20605515836,18
20605516280,7
20605516557,20
20605516573,5
20605517561,14
20605517901,5
20605519530,6
20605519858,8
20605520252,9
20605523707,15
20605524045,5
20605524126,18
20605524258,7
20605524789,8
20605524894,18
20605525416,9
20605528385,6
20605528474,5
20605528768,10
20605529489,16
20605530355,6
20605530509,8
20605530908,7
20605531700,6
20605533796,5
20605534733,7
20605535811,8
20605537724,6
20605538488,10
20605539158,9
20605539913,7
20605540661,7
20605541101,6
20605542868,5
20605542892,6
20605542922,9
20605544054,6
20605544712,7
20605546260,7
20605546669,16
20605547436,8
20605548033,7
20605549447,6
20605550101,8
20605550992,7
20605551476,5
20605551786,5
20605551921,6
20605551981,5
20605552022,5
20605552669,5
20605553622,11
20605553762,5
20605554114,12
20605554467,8
20605554505,5
20605558250,8
20605559027,6
20605559523,8
20605559744,6
20605560157,6
20605560521,11
20605561005,7
20605562486,15
20605563253,7
20605563709,8
20605563776,5
20605564098,11
20605564896,6
20605566031,5
20605566805,6
20605566813,7
20605566821,17
20605567143,6
20605567607,8
20605567674,10
20605568221,5
20605568808,5
20605569022,23
20605569162,8
20605569413,18
20605569626,5
20605570021,7
20605570306,8
20605570471,10
20605570641,14
20605571094,8
20605571574,7
20605571698,9
20605572619,8
20605573259,5
20605574671,10
20605574972,6
20605576274,5
20605576304,11
20605576762,7
20605577327,7
20605577360,5
20605577394,6
20605577947,15
20605579532,8
20605579826,7
20605581014,6
20605582410,5
20605582606,5
20605582789,6
20605582886,11
20605583653,14
20605584285,9
20605584358,13
20605584447,5
20605584528,6
20605584544,7
20605584897,8
20605585796,6
20605585851,9
20605586164,6
20605586423,7
20605586679,6
20605586768,6
20605588795,7
20605590242,6
20605590315,7
20605591061,7
20605591541,10
20605591745,7
20605592351,14
20605592652,11
20605593101,7
20605594485,5
20605594591,6
20605594710,6
20605595732,5
20605597204,5
20605597484,6
20605597557,10
20605598103,5
20605598294,13
20605598375,5
20605598553,17
20605599100,6
20605599151,6
20605600744,12
20605601147,9
20605601830,5
20605602003,7
20605602348,5
20605603336,10
20605603417,5
20605603956,7
20605604073,6
20605605282,14
20605605801,7
20605605843,5
20605605983,12
20605606858,5
20605607412,6
20605607854,6
20605608061,5
20605608575,5
20605609709,8
20605609857,16
20605610391,6
20605610502,6
20605610529,9
20605611894,6
20605612785,5
20605612904,7
20605613013,6
20605613251,8
20605614605,5
20605615008,6
20605615679,6
20605616144,9
20605616276,6
20605616403,17
20605616659,10
20605616942,8
20605617337,5
20605617876,11
20605619178,7
20605619453,25
20605619691,12
20605620095,6
20605620117,8
20605620567,5
20605621806,5
20605622080,14
20605623612,5
20605624252,5
20605625534,6
20605626123,6
20605626361,12
20605627383,8
20605627731,12
20605627952,7
20605628860,17
20605629408,5
20605629564,11
20605629599,13
20605629602,6
20605630929,7
20605631372,12
20605632174,6
20605632336,5
20605632786,8
20605633421,6
20605634151,6
20605634274,11
20605634371,12
20605635301,12
20605635467,21
20605636510,11
20605636765,5
20605637095,6
20605638768,5
20605638873,15
20605639161,5
20605639926,7
20605640312,13
20605640398,18
20605641416,16
20605641645,5
20605642731,22
20605643320,12
20605643648,7
20605643672,6
20605644288,7
20605644652,8
20605644822,8
20605645438,12
20605645616,6
20605645951,9
20605649662,5
20605653333,17
20605654046,22
20605654097,12
20605654241,10
20605654674,21
20605654704,19
20605655506,7
20605655565,7
20605656146,5
20605657410,5
20605657649,6
20605659820,10
20605659901,11
20605659919,6
20605660160,10
20605660241,7
20605660526,9
20605660640,8
20605662812,5
20605662928,6
20605663061,11
20605663169,8
20605663223,6
20605663321,7
20605664297,10
20605664416,8
20605664742,6
20605664998,22
20605665251,11
20605665706,10
20605665757,9
20605666214,5
20605666664,8
20605666702,5
20605666800,5
20605666907,7
20605667351,9
20605668063,5
20605668179,20
20605668501,5
20605668969,5
20605669256,13
20605669469,5
20605670688,7
20605670963,8
20605671331,6
20605671811,5
20605672206,9
20605672567,10
20605673083,18
20605673491,5
20605673709,10
20605673784,18
20605674098,5
20605674144,5
20605674390,6
20605674900,7
20605675299,12
20605675507,5
20605675884,9
20605676431,5
20605676511,6
20605676848,9
20605677003,5
20605677721,5
20605677798,6
20605677852,6
20605678131,7
20605679774,11
20605679782,5
20605680187,7
20605680446,5
20605681281,5
20605681302,8
20605681361,18
20605682414,5
20605682945,18
20605682953,13
20605682961,6
20605683097,7
20605683178,5
20605684085,8
20605684298,6
20605684450,7
20605685995,5
20605686533,5
20605686568,6
20605686827,8
20605687041,9
20605688633,5
20605689001,5
20605689303,18
20605690077,8
20605690085,8
20605690131,16
20605691481,10
20605691693,8
20605691901,21
20605692142,18
20605692363,5
20605692584,7
20605692631,6
20605693271,8
20605693777,16
20605693858,6
20605693891,6
20605695109,8
20605695915,5
20605696083,21
20605696652,10
20605697551,6
20605699317,7
20605699325,6
20605699368,5
20605699651,13
20605700030,5
20605700056,5
20605701435,20
20605702580,16
20605702687,6
20605703756,10
20605704213,5
20605706658,5
20605706861,19
20605707522,7
20605707689,5
20605709096,7
20605709941,14
20605709967,12
20605712241,5
20605714278,10
20605714286,7
20605717480,8
20605717978,8
20605718362,5
20605718648,20
20605718991,6
20605719946,5
20605720391,5
20605720910,6
20605721126,26
20605721398,5
20605721894,10
20605722238,7
20605722645,20
20605723056,15
20605723323,9
20605723412,13
20605723668,5
20605724648,7
20605725199,7
20605725687,20
20605726179,10
20605726560,8
20605727671,5
20605728384,9
20605728945,21
20605729097,9
20605730818,6
20605731059,16
20605731091,7
20605731237,10
20605731431,10
20605732861,8
20605734121,8
20605734261,6
20605734317,8
20605734945,6
20605735551,16
20605735585,10
20605735721,5
20605736140,13
20605736573,6
20605737324,11
20605737766,7
20605739025,7
20605739041,9
20605739807,5
20605740007,14
20605741640,5
20605741844,14
20605742662,5
20605743243,6
20605743260,5
20605743847,6
20605744223,6
20605744240,5
20605744908,10
20605748521,6
20605749675,8
20605750673,5
20605751475,6
20605751599,5
20605753206,21
20605753834,5
20605754521,11
20605754679,5
20605754784,6
20605754911,6
20605755501,8
20605756892,5
20605757325,6
20605757465,5
20605758500,9
20605758623,14
20605761462,13
20605761667,11
20605762060,9
20605762388,21
20605763881,11
20605764780,7
20605765280,5
20605766499,5
20605767622,5
20605768114,11
20605768564,8
20605768882,5
20605769013,6
20605769455,7
20605769986,6
20605770011,7
20605771212,5
20605771379,10
20605771468,5
20605772120,12
20605773509,17
20605773797,9
20605774220,8
20605776150,12
20605776591,6
20605776664,6
20605776788,16
20605776800,5
20605776818,7
20605777521,31
20605778683,10
20605778870,13
20605779001,12
20605780807,6
20605781536,9
20605782133,5
20605782231,7
20605783504,7
20605784268,8
20605784390,10
20605785299,6
20605785779,8
20605786643,7
20605786937,8
20605787372,7
20605788573,5
20605788816,5
20605789952,6
20605791141,8
20605791281,9
20605791434,6
20605791451,7
20605791558,8
20605791647,9
20605793038,6
20605794115,11
20605794816,19
20605795626,10
20605796461,8
20605796673,8
20605796886,6
20605797271,6
20605798145,7
20605798196,5
20605798722,5
20605799796,6
20605799877,9
20605800140,7
20605800301,8
20605800336,6
20605800409,10
20605800778,5
20605801073,5
20605802151,5
20605802461,20
20605802975,13
20605803459,16
20605804561,6
20605804749,8
20605804803,8
20605805656,7
20605805958,6
20605807187,5
20605807535,14
20605808167,7
20605808299,11
20605808493,5
20605809686,6
20605810480,6
20605810838,9
20605811036,11
20605811885,9
20605812482,5
20605812806,6
20605814817,6
20605814957,19
20605815490,8
20605815937,10
20605817123,8
20605818910,9
20605819118,19
20605820639,5
20605821015,5
20605821139,19
20605821384,7
20605821597,7
20605821716,5
20605822097,5
20605822186,9
20605822232,7
20605822291,10
20605822496,20
20605822828,5
20605822976,5
20605824448,6
20605826181,11
20605826513,20
20605828443,5
20605829393,6
20605829822,6
20605831088,5
20605831312,15
20605831746,8
20605832211,8
20605832262,8
20605832530,9
20605833129,5
20605833293,5
20605833323,12
20605834257,5
20605834877,6
20605835156,15
20605835229,13
20605835385,6
20605835903,5
20605836144,9
20605836861,6
20605838058,9
20605838911,9
20605839313,7
20605841504,9
20605841903,13
20605842055,17
20605843019,5
20605843116,6
20605843655,17
20605843884,5
20605844899,7
20605845607,5
20605845917,20
20605845941,19
20605846646,14
20605847014,6
20605847910,7
20605848002,11
20605848541,6
20605849823,28
20605849998,7
20605850708,20
20605850996,6
20605851054,5
20605851232,11
20605851496,5
20605851518,5
20605852425,6
20605855173,6
20605855785,5
20605857737,21
20605858075,10
20605858601,10
20605859977,7
20605860070,12
20605860592,11
20605861475,8
20605861564,9
20605861980,5
20605862153,7
20605862897,8
20605866191,11
20605866281,9
20605867163,8
20605867414,5
20605867457,6
20605867775,19
20605868003,7
20605868593,11
20605869077,6
20605869794,5
20605870245,20
20605870717,5
20605871772,7
20605872698,7
20605872817,12
20605873066,6
20605873627,21
20605873660,8
20605875166,15
20605875247,19
20605875964,16
20605876154,7
20605876618,5
20605876774,5
20605876928,8
20605877487,8
20605877827,5
20605878602,8
20605879218,21
20605879901,5
20605880569,11
20605881328,14
20605881531,6
20605882740,7
20605884700,14
20605885170,5
20605888675,5
20605889515,6
20605891501,5
20605891714,6
20605892401,6
20605892486,6
20605896309,5
20605897623,8
20605897917,8
20605898263,9
20605898361,10
20605898395,5
20605898905,8
20605899286,17
20605899596,6
20605899715,6
20605900012,19
20605901655,9
20605902295,8
20605902945,6
20605903976,8
20605904018,7
20605904336,6
20605904590,14
20605905081,5
20605905138,10
20605906061,5
20605906401,5
20605906452,5
20605907912,5
20605908811,20
20605908943,5
20605908994,5
20605909273,5
20605910794,5
20605910964,19
20605911031,5
20605911375,11
20605912266,5
20605912827,6
20605912835,11
20605913131,6
20605913394,7
20605914412,6
20605914919,7
20605917284,6
20605917543,8
20605917853,15
20605918931,7
20605919368,6
20605920102,5
20605920366,6
20605920471,5
20605920978,10
20605924337,5
20605924507,5
20605924761,7
20605924949,8
20605925147,6
20605925333,14
20605925988,6
20605927239,6
20605927468,9
20605927964,23
20605928073,6
20605928383,17
20605928740,7
20605929541,13
20605930078,8
20605930752,5
20605930906,18
20605931872,5
20605932054,6
20605932186,5
20605932593,8
20605933981,18
20605934286,6
20605935487,8
20605935495,12
20605935631,6
20605935801,10
20605935967,10
20605937048,6
20605937099,5
20605937722,6
20605937846,6
20605940391,8
20605940812,5
20605941487,29
20605941568,8
20605941649,5
20605941665,5
20605941886,10
20605941932,8
20605942122,9
20605942416,5
20605942467,7
20605943285,5
20605943293,10
20605943358,6
20605943951,9
20605944681,19
20605944931,6
20605945377,5
20605945431,5
20605945491,7
20605946624,6
20605947205,14
20605948571,5
20605950290,6
20605950796,5
20605951164,7
20605951253,7
20605951270,6
20605951679,9
20605951890,8
20605952420,7
20605952446,9
20605952837,6
20605953230,8
20605953876,10
20605954180,7
20605955704,9
20605955721,12
20605955941,5
20605956204,17
20605956379,6
20605956409,6
20605956808,9
20605956905,8
20605957375,20
20605958657,6
20605959149,11
20605959254,12
20605959602,6
20605960589,5
20605960694,7
20605961330,9
20605962263,9
20605963171,7
20605963715,7
20605964096,5
20605964550,6
20605965289,5
20605965327,10
20605966251,10
20605966536,7
20605966722,6
20605969012,8
20605969063,6
20605969551,6
20605969730,21
20605970801,22
20605970819,9
20605971149,6
20605971394,6
20605971777,17
20605972315,7
20605972765,6
20605974482,6
20605974873,5
20605975225,22
20605975268,15
20605976396,14
20605976451,9
20605976639,8
20605977406,41
20605977465,6
20605978011,6
20605978046,8
20605978224,7
20605978275,10
20605979522,7
20605979611,5
20605979999,11
20605980008,21
20605980024,6
20605982906,6
20605983309,6
20605983325,8
20605983678,5
20605985484,6
20605986383,6
20605987967,24
20605988530,12
20605988751,7
20605988882,5
20605989226,9
20605989528,7
20605990178,16
20605990194,5
20605990305,6
20605990518,12
20605990836,8
20605990992,6
20605991298,20
20605991956,8
20605992618,5
20605992880,5
20605994467,15
20605994840,8
20605995111,6
20605995374,5
20605995391,11
20605995838,5
20605996079,7
20605996192,8
20605997253,11
20605997733,9
20605999086,15
20606000597,25
20606000937,11
20606001135,11
20606001291,7
20606001674,6
20606002140,5
20606002549,6
20606002557,5
20606002786,9
20606002999,19
20606003855,5
20606003863,7
20606003880,6
20606005378,6
20606005688,6
20606006986,5
20606007338,7
20606007516,17
20606007524,5
20606007877,12
20606008172,8
20606009284,23
20606009454,21
20606009691,5
20606009951,8
20606010720,6
20606010878,6
20606011271,5
20606011335,16
20606011858,6
20606012463,5
20606012765,5
20606012803,7
20606013648,6
20606014113,21
20606016094,5
20606016671,8
20606017139,27
20606017929,7
20606018305,8
20606018941,5
20606020024,5
20606020270,11
20606020598,7
20606021799,10
20606023015,6
20606024828,5
20606026120,5
20606026651,9
20606027193,21
20606027363,20
20606027851,8
20606028017,18
20606030691,7
20606031280,6
20606031514,5
20606032081,11
20606032219,5
20606032243,7
20606032871,5
20606033223,5
20606033240,5
20606033444,7
20606034271,7
20606034491,8
20606034696,12
20606034815,6
20606035480,7
20606036605,7
20606036991,5
20606037083,8
20606037466,7
20606037539,10
20606038101,5
20606038187,7
20606038284,11
20606038586,7
20606039035,6
20606039761,5
20606040602,7
20606040734,10
20606042150,7
20606043776,5
20606043911,11
20606044853,5
20606045345,17
20606045833,9
20606046538,5
20606046619,9
20606046996,8
20606047054,23
20606049316,5
20606049332,5
20606050446,6
20606050748,10
20606053658,11
20606054000,24
20606054166,8
20606054468,8
20606054492,11
20606054565,16
20606054981,13
20606055383,6
20606055880,6
20606056835,10
20606056967,12
20606057572,18
20606058170,13
20606058200,5
20606058463,5
20606059729,5
20606059826,5
20606061341,14
20606062860,11
20606063696,6
20606063891,6
20606064633,5
20606064994,5
20606065796,6
20606066652,6
20606066661,5
20606066679,6
20606067004,7
20606067691,15
20606067756,9
20606068833,20
20606068841,9
20606068876,8
20606069236,5
20606069490,13
20606069848,13
20606070579,10
20606071958,8
20606072458,6
20606072971,9
20606072997,5
20606073403,10
20606073462,6
20606073543,14
20606073616,9
20606074001,5
20606074370,10
20606074515,5
20606075970,5
20606076330,6
20606076585,5
20606077000,19
20606077344,6
20606077751,7
20606078073,14
20606078146,7
20606078189,11
20606078766,5
20606079932,5
20606079941,6
20606080914,10
20606080949,5
20606081708,14
20606083182,11
20606084197,6
20606084391,7
20606085134,13
20606085177,7
20606085975,7
20606086467,18
20606086840,12
20606086980,6
20606087749,9
20606088141,12
20606088311,6
20606088524,11
20606089024,8
20606089440,6
20606089911,5
20606090596,7
20606091096,9
20606091207,5
20606091827,6
20606092050,5
20606092122,10
20606092611,12
20606092998,6
20606093013,7
20606093803,20
20606094338,5
20606094389,9
20606094524,9
20606095156,21
20606095181,5
20606095261,8
20606096748,5
20606097787,10
20606098708,11
20606099411,7
20606099488,9
20606099615,5
20606099771,6
20606100613,9
20606100788,21
20606100893,18
20606100907,7
20606101911,17
20606102101,19
20606102187,8
20606102519,9
20606102926,7
20606103400,22
20606103922,7
20606103973,6
20606104066,9
20606105836,6
20606106221,5
20606106590,5
20606106611,9
20606106689,8
20606106972,6
20606107031,5
20606107553,5
20606107618,7
20606107634,9
20606108851,7
20606108886,17
20606109521,5
20606110619,10
20606110724,10
20606111127,9
20606111178,7
20606112182,14
20606112492,10
20606112867,7
20606113022,11
20606113502,13
20606113782,7
20606114282,19
20606114797,10
20606115815,8
20606116111,27
20606116501,10
20606117320,6
20606117567,7
20606118687,12
20606118717,12
20606118890,6
20606118903,11
20606119519,6
20606119586,14
20606120185,10
20606120282,10
20606120487,7
20606120614,5
20606120835,22
20606120860,10
20606121084,11
20606121556,8
20606121670,6
20606121769,11
20606121823,9
20606121955,5
20606122544,5
20606123095,9
20606123575,9
20606123761,7
20606123940,6
20606124792,20
20606126710,6
20606128011,5
20606129026,8
20606129531,8
20606129689,6
20606130067,5
20606130199,7
20606130741,16
20606131187,8
20606131225,13
20606132442,9
20606133112,5
20606133139,25
20606133341,6
20606134267,6
20606134615,9
20606134879,5
20606135204,9
20606135395,6
20606136791,9
20606137096,7
20606137908,5
20606138025,5
20606138165,10
20606138505,11
20606139129,9
20606139757,20
20606140445,19
20606141271,7
20606141280,7
20606141565,9
20606141875,5
20606142162,6
20606142499,21
20606142880,15
20606143100,8
20606143487,7
20606143738,5
20606144203,7
20606145196,7
20606146095,6
20606146311,5
20606146575,10
20606147041,7
20606147342,6
20606147687,9
20606148195,6
20606148471,9
20606149639,5
20606150424,19
20606150963,9
20606151650,5
20606152109,10
20606152176,10
20606152931,11
20606154420,8
20606154527,5
20606154705,7
20606154870,6
20606155337,18
20606155531,20
20606155884,9
20606156252,8
20606156732,19
20606157186,5
20606157763,8
20606158018,10
20606158751,7
20606159227,5
20606159448,7
20606159758,8
20606160322,8
20606160845,7
20606161230,20
20606161264,5
20606162279,5
20606162350,19
20606162601,21
20606163330,6
20606165430,10
20606165537,9
20606166002,19
20606166088,13
20606167149,11
20606167211,13
20606170069,5
20606170107,6
20606170352,7
20606170689,8
20606172266,15
20606173173,5
20606173351,5
20606173602,16
20606174412,8
20606174927,6
20606175192,9
20606175214,7
20606175869,17
20606176458,5
20606176831,6
20606176857,7
20606176954,8
20606177004,8
20606177551,5
20606177888,5
20606177896,11
20606178183,5
20606179121,5
20606180552,9
20606181150,9
20606182237,8
20606182300,8
20606183829,19
20606184124,9
20606184906,8
20606185686,7
20606185775,5
20606186658,6
20606187115,5
20606188197,5
20606188413,9
20606188430,10
20606188511,19
20606188723,9
20606189282,5
20606189428,10
20606189487,14
20606189878,10
20606189941,6
20606191228,9
20606191589,8
20606193328,14
20606195428,8
20606195487,7
20606195568,20
20606195738,8
20606195941,5
20606196360,6
20606197650,8
20606199032,6
20606199172,13
20606199857,7
20606201576,8
20606201681,5
20606201754,6
20606201975,6
20606203277,13
20606204419,10
20606205121,10
20606205369,24
20606206551,5
20606207256,8
20606207639,12
20606207868,11
20606207914,22
20606208694,7
20606209275,15
20606209542,8
20606211229,5
20606211571,5
20606211784,6
20606212012,5
20606212187,13
20606214261,6
20606214422,6
20606214431,10
20606216972,7
20606217111,9
20606217308,5
20606217821,5
20606218053,6
20606218274,5
20606218371,28
20606218410,6
20606218762,7
20606219301,9
20606221119,7
20606221739,5
20606222280,5
20606222972,7
20606224282,24
20606224401,5
20606224461,5
20606224614,6
20606224738,5
20606224827,13
20606225131,6
20606225599,10
20606225645,6
20606226064,9
20606227079,10
20606227451,5
20606227567,10
20606227605,9
20606227613,6
20606229195,5
20606230843,5
20606230959,8
20606231611,6
20606232021,9
20606232897,6
20606233087,5
20606234041,7
20606234857,6
20606235179,9
20606236086,9
20606236141,13
20606236183,17
20606236329,8
20606236370,22
20606236388,17
20606236434,6
20606238224,22
20606238488,9
20606239751,14
20606240253,5
20606240504,5
20606241055,5
20606241268,10
20606242647,5
20606242990,9
20606244593,5
20606245948,6
20606246162,9
20606246341,5
20606246561,5
20606249463,5
20606249510,5
20606249617,5
20606251247,10
20606251875,5
20606252201,5
20606252359,5
20606253029,7
20606253886,6
20606254220,6
20606255544,5
20606255641,6
20606255692,5
20606256028,9
20606256036,5
20606256486,6
20606256800,7
20606257261,23
20606257377,8
20606257423,5
20606257628,8
20606257997,24
20606258187,7
20606258535,11
20606259248,11
20606259647,9
20606259817,10
20606260068,7
20606262052,6
20606262125,5
20606263351,5
20606263920,8
20606264284,5
20606265183,9
20606265892,24
20606266741,7
20606268212,10
20606269022,5
20606269511,5
20606269812,12
20606270616,10
20606271019,7
20606271205,9
20606271418,5
20606271540,11
20606271744,14
20606272074,18
20606273658,11
20606273704,11
20606275227,5
20606275430,8
20606276673,5
20606277891,5
20606278226,5
20606278510,23
20606278901,14
20606279001,8
20606279125,5
20606279524,5
20606279991,8
20606280166,5
20606280883,5
20606281928,8
20606283815,5
20606283904,9
20606284421,6
20606284684,6
20606284838,5
20606285737,9
20606285893,6
20606286326,8
20606287225,11
20606287675,11
20606288931,7
20606290323,8
20606290498,7
20606290510,8
20606290706,15
20606290919,9
20606291419,5
20606293756,5
20606297093,12
20606298669,7
20606298685,8
20606299398,9
20606299720,24
20606300213,14
20606300671,10
20606301317,9
20606301538,9
20606302038,5
20606302828,5
20606302968,7
20606303891,6
20606304243,8
20606304413,16
20606305274,8
20606307293,8
20606308184,5
20606309555,8
20606309806,13
20606310243,5
20606310375,5
20606311045,20
20606311266,12
20606312084,6
20606312602,8
20606313552,9
20606313960,7
20606314001,14
20606314681,22
20606316420,6
20606317809,8
20606318031,6
20606318511,11
20606319551,27
20606320516,9
20606320648,12
20606320788,16
20606320923,5
20606321903,9
20606322799,8
20606323426,7
20606323795,6
20606324376,9
20606324813,5
20606324899,5
20606326018,7
20606326336,6
20606326476,6
20606327804,6
20606328088,6
20606328509,8
20606330198,5
20606330821,17
20606331402,5
20606332336,10
20606332395,8
20606333189,6
20606333227,9
20606333898,13
20606333936,5
20606334304,7
20606334878,9
20606335670,10
20606336251,6
20606336471,6
20606337141,7
20606337427,14
20606337478,14
20606337851,6
20606337915,10
20606338423,10
20606338806,12
20606340169,11
20606340487,5
20606340592,5
20606341149,14
20606341319,12
20606341769,16
20606342129,6
20606343346,12
20606343451,5
20606344148,6
20606344318,8
20606345471,12
20606346078,8
20606346213,7
20606346264,6
20606346507,6
20606346639,11
20606348097,5
20606348593,5
20606349506,18
20606349930,8
20606350466,11
20606351071,11
20606351187,10
20606351641,8
20606353422,6
20606353520,8
20606353716,9
20606354054,6
20606354704,5
20606355778,8
20606355832,13
20606356189,9
20606358882,6
20606360453,13
20606360950,5
20606361417,11
20606362391,10
20606362405,6
20606362936,6
20606363096,7
20606363941,8
20606365714,8
20606365862,5
20606365871,9
20606366931,5
20606366966,5
20606367865,6
20606368021,7
20606368098,6
20606369230,6
20606369329,9
20606369892,6
20606369922,5
20606370424,19
20606371811,5
20606373890,7
20606374144,11
20606375361,13
20606375892,5
20606375957,11
20606376350,8
20606376627,17
20606376716,6
20606377453,8
20606377461,9
20606377691,8
20606377763,15
20606378093,5
20606378166,5
20606378298,7
20606378867,10
20606379197,6
20606379367,5
20606379481,5
20606381086,5
20606381132,6
20606381396,6
20606381493,8
20606382392,21
20606382864,16
20606383178,23
20606383844,6
20606384107,8
20606384409,5
20606386576,9
20606386827,8
20606387009,5
20606387670,12
20606388820,8
20606388951,9
20606389478,13
20606390247,8
20606390301,9
20606390549,8
20606391367,10
20606391812,25
20606391880,10
20606392584,5
20606393947,5
20606394927,5
20606395257,8
20606395681,10
20606395753,6
20606396202,6
20606396628,7
20606398035,5
20606399015,5
20606399279,9
20606399791,7
20606401958,8
20606402997,7
20606404060,6
20606404141,5
20606404272,5
20606404582,5
20606405597,16
20606405856,11
20606407557,5
20606408316,5
20606408481,6
20606409401,6
20606410035,6
20606410663,5
20606411732,6
20606412011,6
20606412721,5
20606412879,5
20606413069,7
20606413077,5
20606415061,8
20606415657,5
20606415894,9
20606418486,9
20606418770,7
20606420201,8
20606420235,13
20606420936,6
20606421193,5
20606421215,7
20606422271,18
20606423374,8
20606424087,11
20606424125,5
20606424133,5
20606424320,7
20606424583,7
20606424656,6
20606425431,5
20606425661,7
20606426128,5
20606426411,10
20606428309,22
20606429020,6
20606429721,7
20606430150,5
20606430311,16
20606430770,11
20606432438,7
20606434244,11
20606434368,5
20606434546,11
20606435682,5
20606436654,10
20606436697,8
20606437154,5
20606437251,9
20606438215,6
20606438371,8
20606439246,7
20606439432,7
20606440759,5
20606441038,5
20606441160,7
20606441259,9
20606441623,6
20606442417,20
20606443006,5
20606443286,10
20606443545,11
20606444894,19
20606445785,11
20606446056,5
20606446838,7
20606446871,6
20606447192,17
20606447532,6
20606447851,16
20606448512,5
20606448857,7
20606449543,11
20606449811,5
20606450428,6
20606451530,7
20606451661,6
20606451726,6
20606451980,8
20606452463,7
20606452498,5
20606452595,7
20606453397,5
20606454083,5
20606454229,23
20606454440,5
20606455951,8
20606457015,5
20606458127,10
20606458585,23
20606458615,5
20606458658,7
20606460776,6
20606460849,9
20606461730,8
20606462965,6
20606463031,5
20606463481,6
20606463864,7
20606464275,8
20606465085,6
20606465816,6
20606465867,9
20606466006,5
20606466014,5
20606466413,5
20606467479,10
20606467991,5
20606469480,8
20606469617,10
20606469706,5
20606469714,5
20606470950,5
20606471409,11
20606471603,10
20606472545,6
20606474718,8
20606475315,15
20606475510,5
20606475757,7
20606476036,9
20606476338,18
20606476419,7
20606477288,6
20606478403,5
20606478969,21
20606479558,10
20606479604,5
20606479680,5
20606479809,8
20606480238,7
20606480351,12
20606480513,8
20606480998,7
20606481099,20
20606481153,17
20606481161,6
20606481269,6
20606483105,6
20606484390,9
20606485370,7
20606485469,7
20606487101,8
20606487313,5
20606487500,13
20606487551,6
20606488417,5
20606489006,7
20606489235,7
20606489766,7
20606489821,7
20606489839,20
20606490209,10
20606491221,8
20606491833,5
20606491906,6
20606491931,5
20606492350,8
20606492724,9
20606492929,5
20606493062,5
20606493704,5
20606494638,11
20606494921,6
20606495081,12
20606495561,6
20606498064,5
20606498161,5
20606498293,8
20606499842,5
20606500662,7
20606501260,8
20606501880,5
20606502355,5
20606502410,6
20606502614,10
20606504331,7
20606505192,6
20606506113,8
20606506512,6
20606506989,9
20606507853,8
20606508655,6
20606508868,22
20606509066,21
20606509333,6
20606511991,5
20606512041,7
20606512679,8
20606512857,7
20606513128,9
20606514973,5
20606517247,7
20606517824,19
20606518022,8
20606518146,8
20606520370,8
20606520612,5
20606522194,7
20606524065,7
20606524235,7
20606524634,5
20606525207,5
20606525797,6
20606526874,15
20606527889,6
20606528281,10
20606528923,8
20606529202,10
20606529423,7
20606530545,21
20606530626,5
20606530782,6
20606531487,5
20606531932,7
20606532211,5
20606533528,10
20606533951,7
20606533960,7
20606534184,5
20606534257,19
20606534443,5
20606534532,21
20606535130,11
20606535423,9
20606536390,9
20606536853,7
20606536977,12
20606537167,9
20606537256,5
20606537981,9
20606538252,7
20606538848,5
20606538988,5
20606539178,7
20606539844,5
20606540621,6
20606540958,9
20606541482,16
20606541849,7
20606541954,7
20606542438,5
20606542730,5
20606542802,12
20606543094,5
20606544066,5
20606544244,13
20606544937,23
20606545615,5
20606546484,5
20606546972,6
20606547201,6
20606549955,9
20606550937,6
20606553391,6
20606553618,6
20606553804,5
20606553936,8
20606554703,5
20606555211,5
20606557371,8
20606557575,9
20606557842,7
20606558440,6
20606558580,5
20606560088,7
20606560177,18
20606560762,6
20606560975,16
20606561122,7
20606561611,6
20606561891,6
20606562412,5
20606562595,9
20606564164,5
20606564237,6
20606564946,19
20606565152,7
20606565187,5
20606566086,5
20606567376,10
20606567465,14
20606567503,7
20606567881,6
20606569107,8
20606569123,8
20606569565,5
20606572230,7
20606572361,9
20606576022,8
20606576553,9
20606577827,11
20606578220,6
20606578629,12
20606580551,6
20606581573,7
20606581760,5
20606582057,5
20606582243,7
20606582626,6
20606583541,14
20606583762,18
20606583878,5
20606586010,16
20606586541,6
20606586711,19
20606586818,6
20606587105,5
20606588098,5
20606588551,5
20606588632,11
20606589485,5
20606589540,18
20606589621,5
20606590645,7
20606590734,5
20606591196,24
20606591218,6
20606592249,5
20606593130,5
20606597828,11
20606598492,9
20606599014,6
20606599171,6
20606599189,7
20606600764,5
20606602228,7
20606602741,5
20606603283,32
20606603518,8
20606604034,7
20606606312,5
20606607793,7
20606608412,6
20606608439,5
20606608668,9
20606608838,5
20606608919,8
20606609079,6
20606610531,8
20606610557,6
20606612495,6
20606613378,10
20606614340,6
20606614391,5
20606614498,14
20606615923,7
20606616199,13
20606616229,10
20606616997,6
20606618868,5
20606619856,5
20606621061,15
20606621222,10
20606622911,5
20606624141,19
20606624213,5
20606624272,5
20606625732,16
20606625821,9
20606625988,8
20606626011,5
20606626780,13
20606626895,10
20606627409,6
20606627620,20
20606628391,14
20606628430,10
20606630523,14
20606631376,8
20606631864,5
20606633344,10
20606634502,5
20606635070,12
20606635851,5
20606636025,9
20606636289,11
20606637030,9
20606638117,5
20606638362,9
20606639008,10
20606640481,9
20606640791,10
20606641371,5
20606642505,5
20606642637,6
20606644061,9
20606645083,9
20606648805,9
20606649836,5
20606650346,6
20606650443,9
20606651539,8
20606651580,7
20606651661,11
20606652306,7
20606652918,7
20606653353,11
20606653663,15
20606654481,6
20606654945,6
20606655925,9
20606656093,6
20606657511,9
20606657537,13
20606658053,5
20606659165,7
20606660082,16
20606662395,6
20606663227,22
20606663961,21
20606664088,13
20606664177,5
20606664282,7
20606664738,5
20606665181,7
20606665360,7
20606666579,9
20606666927,14
20606667818,6
20606668211,20
20606668601,11
20606668822,7
20606669004,10
20606669900,7
20606669934,8
20606671327,9
20606672323,9
20606672692,5
20606673117,5
20606673508,11
20606673877,5
20606673923,6
20606674288,11
20606674873,10
20606676990,9
20606677546,22
20606677856,5
20606678020,11
20606679638,19
20606679671,9
20606679751,6
20606680598,16
20606681985,5
20606682060,30
20606684208,8
20606686197,5
20606687011,6
20606687711,5
20606688092,5
20606688823,7
20606688955,7
20606689005,5
20606689471,10
20606690526,7
20606691301,5
20606691883,14
20606692588,18
20606694289,9
20606694521,10
20606694645,5
20606694971,12
20606695439,5
20606695714,9
20606696087,8
20606696541,6
20606696907,5
20606697580,7
20606699205,7
20606699515,5
20606700173,9
20606700181,5
20606701986,8
20606702559,5
20606702761,8
20606704101,8
20606704446,14
20606704861,6
20606705043,6
20606705281,5
20606705345,5
20606706341,5
20606706406,6
20606707224,5
20606709120,14
20606709286,7
20606709341,11
20606709464,6
20606710501,7
20606711281,13
20606711892,9
20606711973,5
20606712180,11
20606713526,5
20606714654,6
20606714743,5
20606715065,5
20606715880,5
20606716711,5
20606719206,9
20606719541,9
20606721464,5
20606721804,6
20606722576,7
20606725389,5
20606725524,7
20606725630,21
20606727187,18
20606728965,6
20606729449,9
20606729741,8
20606730242,12
20606730285,17
20606730391,6
20606730412,6
20606731036,10
20606732954,17
20606733021,5
20606733781,5
20606734248,11
20606735759,11
20606736038,9
20606738715,6
20606739193,20
20606739606,7
20606740264,5
20606740876,5
20606741325,5
20606741546,5
20606741791,6
20606742216,6
20606742348,11
20606743379,5
20606745673,12
20606746998,9
20606748028,7
20606748176,14
20606748541,8
20606748753,7
20606749547,7
20606750146,6
20606750626,13
20606753625,9
20606755113,7
20606755334,5
20606756659,19
20606756781,5
20606758210,6
20606758538,5
20606758554,9
20606759194,21
20606759577,5
20606760656,5
20606761067,6
20606761083,8
20606761962,19
20606762390,7
20606763744,9
20606764597,6
20606766450,8
20606766603,6
20606766719,5
20606767685,6
20606768193,7
20606768932,9
20606769246,21
20606771445,9
20606772221,5
20606776196,8
20606777052,12
20606777257,17
20606778237,9
20606778296,12
20606778342,7
20606780207,13
20606780517,8
20606784148,8
20606784407,12
20606784792,5
20606785438,11
20606785781,6
20606786817,8
20606788526,10
20606788992,13
20606790024,9
20606790890,22
20606792396,20
20606792809,5
20606793881,9
20606795867,24
20606796073,6
20606796391,7
20606796847,12
20606796898,15
20606798751,5
20606799196,6
20606800097,5
20606801492,5
20606801662,5
20606803355,7
20606804211,19
20606805595,7
20606805919,7
20606806877,20
20606808861,5
20606809116,6
20606810653,8
20606811501,15
20606811510,9
20606811625,13
20606812729,8
20606813661,7
20606816261,7
20606816333,7
20606816686,20
20606816716,6
20606816970,6
20606817321,10
20606817798,7
20606818069,6
20606818930,12
20606819006,8
20606819341,5
20606820071,11
20606820519,5
20606821663,6
20606821990,9
20606822031,6
20606823283,9
20606823411,7
20606823429,5
20606824344,14
20606825880,6
20606826517,15
20606826801,5
20606827157,5
20606827858,9
20606828285,6
20606828552,8
20606829648,5
20606830123,5
20606830646,7
20606831057,5
20606831090,6
20606831391,5
20606832444,7
20606833653,7
20606834005,10
20606834242,21
20606834277,6
20606834889,6
20606836181,5
20606837055,5
20606837063,5
20606837144,7
20606837292,11
20606837446,12
20606837641,20
20606838566,14
20606838868,5
20606838931,11
20606843268,13
20606843675,7
20606844159,21
20606845121,11
20606845414,6
20606847522,8
20606847671,5
20606847751,12
20606847816,7
20606847824,6
20606848014,20
20606848162,6
20606848634,16
20606848871,9
20606849614,9
20606849843,6
20606849967,5
20606849983,14
20606850213,6
20606850817,5
20606852283,10
20606853646,5
20606853859,5
20606855258,8
20606856645,8
20606856912,6
20606857056,8
20606857439,7
20606857641,9
20606857951,6
20606861011,8
20606861789,7
20606862556,23
20606862653,11
20606863536,12
20606864010,6
20606864869,8
20606865032,10
20606865555,5
20606866144,6
20606866217,5
20606866888,5
20606867744,5
20606868309,6
20606868597,5
20606868911,9
20606869585,5
20606869992,6
20606870451,8
20606871831,8
20606874864,5
20606875348,6
20606876956,5
20606877073,8
20606878444,8
20606879823,7
20606881097,7
20606881691,5
20606882611,6
20606883006,14
20606883481,6
20606883669,7
20606883677,7
20606883740,5
20606885882,6
20606886706,20
20606888393,6
20606889284,12
20606889349,8
20606891149,5
20606892072,20
20606895179,6
20606895977,6
20606897112,5
20606897589,5
20606898127,6
20606900423,8
20606901004,6
20606901497,5
20606902353,5
20606902914,5
20606903465,9
20606903660,5
20606903716,5
20606903775,8
20606904135,15
20606904623,5
20606907029,11
20606907690,12
20606908114,11
20606908190,13
20606910763,5
20606911336,7
20606911484,21
20606911620,5
20606911875,6
20606911956,8
20606913444,5
20606914602,5
20606915285,5
20606916061,5
20606917679,5
20606919027,8
20606919752,8
20606920840,7
20606922214,7
20606922222,5
20606922982,5
20606923920,7
20606926295,22
20606926643,9
20606926988,5
20606927054,9
20606927283,8
20606927542,7
20606927852,6
20606928913,8
20606929405,7
20606930471,9
20606934727,9
20606934964,17
20606935251,6
20606935863,5
20606936231,5
20606937611,6
20606937653,5
20606937882,5
20606939974,10
20606941464,7
20606941529,5
20606941561,6
20606941677,11
20606941952,5
20606942401,5
20606943068,6
20606944498,10
20606944935,10
20606945133,10
20606945800,6
20606946644,17
20606947233,6
20606947349,6
20606948167,7
20606948183,7
20606948248,6
20606949511,10
20606950285,11
20606951699,19
20606951711,7
20606951770,7
20606951788,6
20606952318,10
20606953047,13
20606953268,9
20606954752,9
20606955961,6
20606956186,8
20606957379,7
20606957662,6
20606957875,9
20606958014,6
20606958502,11
20606958707,10
20606959118,16
20606960388,10
20606965053,13
20606965592,5
20606966441,5
20606966530,9
20606967731,20
20606968150,5
20606968362,10
20606968460,5
20606969032,6
20606969172,8
20606969296,10
20606969491,9
20606969873,12
20606970464,6
20606970723,7
20606971053,20
20606972912,5
20606973633,12
20606974214,5
20606974338,13
20606975946,6
20606978091,5
20606978210,9
20606978945,21
20606979305,21
20606980184,7
20606981318,5
20606983876,7
20606984619,15
20606986280,14
20606986816,6
20606987570,9
20606988142,5
20606989271,5
20606990058,29
20606990805,16
20606991062,20
20606992611,9
20606992697,26
20606994690,5
20606995700,8
20606995904,5
20606996145,9
20606996269,5
20606996986,10
20606997559,6
20606997672,6
20606998181,17
20606998652,8
20606999012,5
20607000469,6
20607003743,6
20607004103,21
20607004367,5
20607004863,5
20607004995,5
20607005282,7
20607005550,14
20607005819,16
20607006220,5
20607008907,6
20607009725,12
20607009741,15
20607010588,9
20607010880,8
20607010987,8
20607011614,6
20607012327,5
20607014605,5
20607015130,5
20607017337,10
20607018074,6
20607018597,5
20607019127,5
20607019267,11
20607019861,15
20607022268,22
20607022942,6
20607023132,6
20607025798,14
20607026794,5
20607027341,8
20607027448,10
20607030295,9
20607030520,10
20607030635,19
20607030945,5
20607032832,21
20607032875,5
20607033278,5
20607033618,5
20607034029,5
20607034088,6
20607034169,5
20607037087,6
20607040720,7
20607040801,10
20607040819,10
20607040843,11
20607040941,6
20607041653,7
20607041688,12
20607041891,20
20607043273,5
20607045179,5
20607045705,9
20607045934,21
20607046043,8
20607046434,6
20607046833,5
20607049158,8
20607050016,10
20607050636,8
20607051217,5
20607051284,10
20607051292,12
20607052221,8
20607054003,9
20607054097,7
20607054216,7
20607055611,5
20607055760,6
20607056014,7
20607056341,7
20607056821,6
20607057088,16
20607057118,5
20607057258,5
20607057282,8
20607057428,8
20607057789,19
20607057797,5
20607058076,8
20607058602,7
20607058874,5
20607058912,5
20607058921,17
20607059609,6
20607061565,13
20607063029,22
20607063185,10
20607063291,5
20607065994,5
20607068292,5
20607068781,15
20607069205,6
20607069248,5
20607069299,6
20607069582,5
20607069833,11
20607069973,6
20607070823,11
20607070882,5
20607071447,11
20607071510,5
20607071820,7
20607071846,8
20607071978,7
20607072605,7
20607073903,5
20607074578,8
20607075230,5
20607075493,6
20607077810,7
20607078409,9
20607079898,6
20607080977,11
20607082490,11
20607082881,6
20607083062,7
20607083721,5
20607084514,16
20607084611,6
20607084701,11
20607085316,7
20607086185,13
20607086207,14
20607086304,5
20607087971,6
20607088161,14
20607089257,9
20607089265,5
20607090751,6
20607092681,5
20607092720,11
20607093688,5
20607094242,5
20607095788,11
20607096016,6
20607096571,19
20607096580,22
20607096806,8
20607097209,21
20607097411,9
20607098710,7
20607099104,8
20607100170,10
20607101117,6
20607101524,21
20607102229,5
20607102717,19
20607102911,9
20607103969,6
20607104469,6
20607105155,7
20607105635,20
20607105929,9
20607107824,22
20607109169,8
20607109916,11
20607110205,6
20607110833,6
20607111198,21
20607115703,8
20607116742,8
20607117170,7
20607117382,25
20607117790,6
20607117978,7
20607119504,8
20607120511,5
20607121118,10
20607121274,8
20607121291,9
20607121878,22
20607123633,7
20607123650,6
20607124508,7
20607125156,5
20607125636,5
20607126209,8
20607126225,8
20607126250,5
20607127167,8
20607127591,9
20607128431,5
20607129569,20
20607131229,10
20607131300,6
20607131750,6
20607132420,6
20607132551,9
20607132691,9
20607132799,6
20607132942,7
20607135658,21
20607136115,9
20607137880,6
20607138169,6
20607138193,5
20607139009,7
20607139254,8
20607139629,5
20607140155,20
20607140244,5
20607140562,20
20607141224,7
20607141551,8
20607142158,7
20607142174,5
20607143910,9
20607144088,22
20607144444,22
20607144576,23
20607144673,5
20607145700,8
20607146129,5
20607147168,8
20607148725,7
20607150240,6
20607150673,5
20607151831,10
20607152188,5
20607152544,5
20607153702,6
20607154270,15
20607155977,17
20607157872,13
20607158011,13
20607158631,7
20607158763,20
20607158909,6
20607158950,6
20607161144,7
20607162400,10
20607165417,9
20607166596,7
20607167096,8
20607167355,5
20607167631,8
20607168807,6
20607168823,8
20607169731,5
20607170127,7
20607170305,12
20607175935,16
20607177962,9
20607178560,7
20607178632,19
20607178926,5
20607179434,5
20607179591,22
20607181625,11
20607181722,10
20607183661,11
20607184136,8
20607184705,12
20607185001,6
20607187844,9
20607188174,21
20607188832,9
20607188964,5
20607189391,6
20607189537,6
20607190357,7
20607190845,10
20607190900,5
20607191159,6
20607191230,8
20607194841,5
20607195286,6
20607197025,10
20607197246,6
20607197467,7
20607199338,5
20607199753,6
20607200891,6
20607201120,7
20607201391,6
20607201804,5
20607203700,19
20607203912,16
20607204447,13
20607204463,7
20607207152,8
20607207969,6
20607209490,17
20607210196,7
20607210242,16
20607210897,6
20607211184,5
20607211524,6
20607211842,6
20607212202,7
20607213616,9
20607217221,8
20607219525,5
20607219720,6
20607219916,11
20607220302,6
20607221881,5
20607222542,13
20607223557,9
20607223638,9
20607224375,6
20607225771,5
20607229091,8
20607231509,8
20607231860,17
20607233668,6
20607234109,13
20607235491,8
20607236616,6
20607236977,5
20607237060,6
20607237469,5
20607239038,6
20607241521,6
20607241695,7
20607242721,7
20607243001,12
20607243582,7
20607243850,7
20607244457,9
20607244601,9
20607245046,5
20607246107,7
20607246522,5
20607246964,13
20607247103,5
20607247260,10
20607249564,7
20607250406,10
20607251216,11
20607251631,9
20607251887,5
20607252590,6
20607253481,30
20607253901,10
20607254479,5
20607255165,7
20607256536,16
20607256633,6
20607257001,5
20607257613,7
20607257664,5
20607257818,12
20607259080,6
20607259403,7
20607259608,20
20607260169,13
20607260410,5
20607260738,5
20607262421,6
20607263460,13
20607264059,6
20607267716,7
20607268518,6
20607268984,10
20607269077,12
20607269131,5
20607269778,8
20607270504,8
20607270580,7
20607271021,10
20607271322,7
20607271403,7
20607271969,7
20607272639,5
20607273007,6
20607273031,5
20607274526,9
20607277533,10
20607277614,5
20607277894,6
20607278122,6
20607278131,6
20607279790,18
20607281921,23
20607283690,5
20607284131,23
20607288292,7
20607292036,6
20607292176,5
20607292885,17
20607293342,5
20607294829,7
20607295400,12
20607295965,13
20607296864,5
20607297984,7
20607301418,6
20607302970,7
20607303542,5
20607306771,9
20607306959,12
20607309028,19
20607310930,6
20607311294,7
20607312410,6
20607312690,9
20607314684,12
20607315389,11
20607315567,5
20607317250,6
20607318744,9
20607318965,8
20607318990,10
20607319015,10
20607319261,7
20607319546,6
20607323543,8
20607323713,5
20607325163,19
20607325384,5
20607325554,7
20607325589,6
20607328545,17
20607328758,5
20607329410,6
20607329916,5
20607330892,5
20607331911,6
20607333115,16
20607334901,21
20607336734,6
20607337188,10
20607342009,6
20607342092,6
20607348112,6
20607348716,5
20607349003,9
20607349658,10
20607351989,10
20607352381,11
20607352411,5
20607353761,6
20607354511,6
20607355968,7
20607358266,5
20607364991,11
20607365041,10
20607365335,5
20607366170,8
20607370754,5
20607376175,5
20607376302,10
20607377074,19
20607379417,5
20607380261,15
20607381047,18
20607382370,11
20607382795,5
20607383104,7
20607383694,5
20607386618,5
20607387509,16
20607387801,8
20607388416,17
20607390712,5
20607393037,5
20607393321,6
20607393649,27
20607393908,7
20607395609,7
20607395935,7
20607396109,5
20607396575,10
20607396788,9
20607397032,7
20607397059,8
20607398039,6
20607398144,7
20607398233,18
20607398501,8
20607399191,5
20607399752,5
20607400122,5
20607400301,12
20607400351,21
20607403849,21
20607403903,23
20607404080,10
20607404624,7
20607404691,7
20607405591,7
20607406309,5
20607407593,7
20607408387,12
20607410098,22
20607410713,11
20607411591,22
20607412031,8
20607412309,7
20607412732,6
20607413275,8
20607414468,5
20607415880,20
20607417530,12
20607417548,14
20607418137,13
20607418528,5
20607419354,9
20607420298,12
20607421189,8
20607422347,5
20607422622,9
20607422932,8
20607423491,11
20607424773,5
20607424986,7
20607425664,7
20607426385,12
20607427861,5
20607428850,21
20607429082,9
20607429791,21
20607430498,8
20607430811,5
20607433845,9
20607435864,7
20607436224,11
20607436470,5
20607437913,12
20607441139,25
20607442038,6
20607442429,12
20607447161,7
20607448311,8
20607448796,16
20607449008,14
20607449431,10
20607450154,5
20607450642,5
20607450677,15
20607451410,7
20607451568,5
20607451991,5
20607452114,5
20607452203,12
20607453731,5
20607454435,19
20607454656,11
20607455661,8
20607455849,6
20607457388,11
20607457779,7
20607458333,10
20607458961,20
20607460303,7
20607461458,5
20607462683,5
20607463698,6
20607463892,7
20607464082,6
20607464627,7
20607465275,7
20607469441,12
20607469513,5
20607470350,11
20607470384,13
20607472433,5
20607473073,8
20607473596,10
20607474517,12
20607475122,12
20607475653,10
20607477907,5
20607478105,6
20607478440,6
20607478695,9
20607478857,5
20607480843,12
20607481491,7
20607482269,5
20607482374,11
20607483559,14
20607485381,10
20607486124,8
20607486442,5
20607486604,5
20607487112,5
20607487406,5
20607487571,8
20607489212,5
20607489433,12
20607490873,11
20607491730,6
20607493929,8
20607494411,6
20607496961,9
20607497371,14
20607497746,6
20607498637,6
20607499862,6
20607500003,12
20607500143,9
20607501328,6
20607501425,7
20607501573,12
20607502316,12
20607502502,6
20607502545,19
20607502634,6
20607502677,14
20607503452,13
20607503789,6
20607503819,12
20607505587,6
20607505731,12
20607505943,15
20607507644,13
20607508721,5
20607510211,5
20607511579,6
20607511706,10
20607512176,5
20607512648,7
20607514306,6
20607514420,5
20607514543,8
20607514764,6
20607514942,13
20607515809,11
20607517747,19
20607519391,15
20607522074,5
20607522244,5
20607523755,8
20607523801,5
20607523968,7
20607524506,6
20607524956,6
20607525294,9
20607525804,9
20607526126,7
20607527408,12
20607527475,6
20607527611,5
20607527645,5
20607527661,23
20607527921,7
20607527980,6
20607528901,9
20607530271,9
20607530875,7
20607531600,25
20607532088,5
20607532355,6
20607532657,6
20607532703,11
20607532860,5
20607534102,15
20607534196,11
20607535788,11
20607536016,5
20607536393,6
20607536563,5
20607536806,9
20607538400,9
20607539040,14
20607539597,18
20607540102,16
20607540111,7
20607540145,6
20607540226,6
20607540242,10
20607540251,6
20607541184,12
20607541206,10
20607543373,11
20607544663,14
20607545244,8
20607545350,7
20607546321,14
20607547689,6
20607547778,5
20607547913,7
20607547999,8
20607548146,6
20607548260,9
20607548375,8
20607548481,7
20607548634,5
20607548685,6
20607549398,7
20607549622,6
20607550264,6
20607551881,13
20607552593,9
20607552879,7
20607553239,7
20607553476,6
20607554715,8
20607556343,5
20607556963,5
20607557188,5
20607557366,6
20607557498,5
20607557595,11
20607559750,12
20607559997,6
20607560308,11
20607560529,5
20607561169,5
20607561177,5
20607561550,8
20607562467,7
20607563455,7
20607564401,10
20607565580,11
20607566608,12
20607567728,6
20607568643,10
20607568996,6
20607569101,5
20607570478,5
20607570583,5
20607571211,21
20607571237,5
20607571393,5
20607571512,19
20607573256,8
20607574155,5
20607574406,5
20607575160,19
20607575330,12
20607575950,8
20607576174,6
20607577481,20
20607578088,5
20607579017,5
20607579122,7
20607579289,5
20607579459,5
20607579734,18
20607581721,6
20607582336,9
20607583359,5
20607583600,8
20607583677,7
20607584428,8
20607584711,10
20607585467,6
20607585815,10
20607586056,6
20607586510,5
20607587567,5
20607587788,7
20607588873,8
20607589144,6
20607591769,7
20607592200,13
20607593362,6
20607594113,8
20607595349,5
20607596426,5
20607598518,5
20607598861,9
20607601802,8
20607602957,7
20607604721,9
20607605255,5
20607605808,5
20607605867,7
20607607061,22
20607607266,14
20607608921,7
20607609757,5
20607610151,5
20607611638,7
20607613088,11
20607613207,5
20607614530,8
20607614939,11
20607615820,14
20607616826,6
20607616842,12
20607617121,5
20607617474,7
20607619817,13
20607620122,9
20607620939,8
20607621005,10
20607621455,5
20607621871,5
20607622109,7
20607622427,5
20607623598,5
20607623768,8
20607624837,8
20607625582,6
20607625728,12
20607626660,6
20607626830,5
20607628964,7
20607629359,5
20607629375,7
20607629481,14
20607630101,9
20607631477,8
20607631515,9
20607633500,6
20607634298,10
20607637211,5
20607638471,20
20607640387,5
20607640760,23
20607641146,11
20607641677,17
20607641871,9
20607642193,6
20607643602,7
20607643840,9
20607645575,6
20607645672,8
20607647781,22
20607647870,6
20607648094,10
20607648361,9
20607649210,5
20607649937,21
20607650692,6
20607650811,5
20607651249,8
20607651541,6
20607652636,5
20607654566,6
20607655538,5
20607657573,6
20607657891,8
20607658618,8
20607662348,9
20607664383,6
20607665754,8
20607665941,5
20607666211,12
20607666670,9
20607666980,19
20607668192,9
20607668737,5
20607668842,7
20607671061,25
20607673811,6
20607675342,14
20607675857,23
20607676268,14
20607677396,6
20607677680,14
20607678490,20
20607679411,8
20607682853,11
20607682861,7
20607682934,7
20607687634,5
20607687642,5
20607687901,5
20607688134,14
20607689238,5
20607690457,7
20607690597,6
20607690970,7
20607690988,10
20607692042,7
20607692344,6
20607693111,13
20607693138,6
20607693260,8
20607693481,8
20607693898,6
20607694258,7
20607694436,5
20607694550,10
20607695572,5
20607695815,5
20607696811,5
20607697303,17
20607700045,5
20607700185,5
20607702412,20
20607703494,6
20607704270,5
20607705420,6
20607705888,5
20607706205,8
20607708364,10
20607708658,6
20607708861,7
20607709158,13
20607709174,5
20607709221,13
20607710571,5
20607711357,7
20607712558,9
20607712566,8
20607712736,6
20607712795,10
20607712914,8
20607712949,5
20607713121,10
20607713368,11
20607713546,20
20607713775,5
20607714267,8
20607715689,7
20607717657,11
20607718076,5
20607718475,18
20607719129,5
20607719439,6
20607720585,9
20607720992,5
20607721611,9
20607721646,5
20607722766,7
20607722855,5
20607723240,5
20607724220,7
20607725731,5
20607725871,6
20607726028,9
20607726257,8
20607726907,8
20607727431,10
20607728951,10
20607730203,16
20607731463,8
20607732184,5
20607732567,7
20607734438,9
20607738727,6
20607738875,7
20607739910,5
20607739961,7
20607741329,5
20607742635,7
20607742937,12
20607742953,5
20607743470,9
20607743828,8
20607744026,6
20607744221,5
20607744549,5
20607744743,6
20607746088,5
20607746673,6
20607748404,9
20607748579,7
20607748692,6
20607749109,5
20607749729,5
20607752711,20
20607752941,10
20607753181,6
20607753467,23
20607754153,5
20607754412,8
20607755044,18
20607755796,5
20607755893,5
20607755974,6
20607759481,5
20607761214,8
20607761541,5
20607761702,7
20607761877,7
20607761907,5
20607762971,13
20607763110,5
20607763985,6
20607764221,7
20607765449,5
20607766585,20
20607768448,5
20607769231,6
20607769517,13
20607770060,11
20607770281,6
20607771384,7
20607771953,6
20607772411,6
20607772518,5
20607772615,19
20607773522,6
20607773611,6
20607774022,5
20607774821,8
20607775819,8
20607775991,10
20607776131,15
20607776688,5
20607777862,5
20607778575,14
20607779610,5
20607779695,6
20607779741,5
20607779750,5
20607780081,8
20607781223,11
20607781959,10
20607782726,7
20607783498,8
20607783544,5
20607783781,12
20607784231,12
20607784401,19
20607784966,9
20607785229,7
20607786136,13
20607787922,13
20607788406,9
20607791156,10
20607792187,6
20607794341,12
20607794481,9
20607795887,6
20607795984,5
20607796816,8
20607796948,5
20607797006,5
20607797782,5
20607798274,7
20607798720,5
20607798789,7
20607799734,5
20607800074,6
20607800937,6
20607802654,10
20607803057,7
20607803189,6
20607804631,6
20607807362,6
20607807427,17
20607808598,6
20607808946,8
20607810584,14
20607810843,5
20607811009,9
20607811441,22
20607812251,6
20607813206,16
20607813877,5
20607815063,6
20607815616,6
20607816957,5
20607816990,5
20607817457,6
20607817589,5
20607817902,9
20607818461,7
20607818526,5
20607818925,5
20607818976,5
20607819492,5
20607820113,5
20607820351,6
20607820857,6
20607820903,14
20607821039,6
20607821411,5
20607821497,5
20607821659,5
20607823333,6
20607823619,13
20607823953,5
20607825654,6
20607825727,5
20607826227,5
20607826502,9
20607826979,14
20607827231,7
20607827592,12
20607827703,12
20607829617,5
20607830461,7
20607833037,20
20607833959,7
20607835633,8
20607835650,8
20607835692,5
20607835951,11
20607836354,8
20607836974,13
20607837385,7
20607837857,9
20607839680,5
20607839833,19
20607840271,5
20607840424,15
20607842184,5
20607842630,9
20607842915,6
20607843008,5
20607843121,5
20607843644,7
20607844764,14
20607845400,6
20607845795,5
20607846902,5
20607847194,9
20607847950,6
20607848484,16
20607848743,7
20607849197,9
20607850047,8
20607850209,6
20607850454,5
20607850501,7
20607851515,7
20607852465,15
20607852546,9
20607852775,7
20607852996,5
20607854166,10
20607854344,12
20607855049,8
20607855294,7
20607855308,6
20607856517,5
20607856975,13
20607858340,7
20607858480,9
20607858641,20
20607858722,6
20607859010,10
20607859079,20
20607859311,5
20607860042,6
20607861928,5
20607862134,11
20607863033,5
20607864030,12
20607865567,9
20607866628,7
20607867152,8
20607867161,11
20607867411,16
20607867446,6
20607868485,5
20607868515,9
20607869643,5
20607869988,9
20607870200,6
20607871699,6
20607872555,5
20607873292,15
20607873683,7
20607874078,7
20607874469,11
20607878537,7
20607878979,5
20607879347,5
20607880141,6
20607880230,5
20607880329,7
20607880574,8
20607880655,21
20607881147,14
20607881325,6
20607883131,7
20607883522,5
20607883921,16
20607884685,10
20607884928,7
20607885614,8
20607886530,10
20607886611,13
20607887137,5
20607889474,6
20607889521,5
20607889750,7
20607889954,7
20607890073,6
20607890855,9
20607890898,20
20607892866,6
20607892955,24
20607893617,6
20607894303,6
20607894460,6
20607894532,8
20607894575,8
20607894885,5
20607895687,22
20607896136,9
20607896900,22
20607897531,7
20607897647,6
20607898465,5
20607899879,6
20607899984,7
20607900052,23
20607900079,10
20607900702,6
20607900931,25
20607901229,5
20607902527,5
20607903418,6
20607905291,5
20607905992,6
20607906328,6
20607906638,5
20607906816,12
20607906883,16
20607907596,10
20607908118,12
20607908754,22
20607910686,6
20607910759,6
20607913243,6
20607913561,15
20607914819,9
20607915645,21
20607916421,7
20607916749,21
20607917087,21
20607917150,8
20607918024,7
20607920088,7
20607920312,17
20607920363,8
20607920967,18
20607921483,7
20607921581,7
20607921629,6
20607921769,7
20607922579,5
20607923036,7
20607923257,6
20607923460,22
20607923605,5
20607923729,6
20607923834,11
20607923915,6
20607924105,12
20607924946,18
20607926396,11
20607926493,6
20607926671,8
20607927937,7
20607927953,7
20607928089,5
20607928305,8
20607928941,5
20607929077,8
20607929174,10
20607930164,5
20607930385,6
20607930628,9
20607931381,6
20607931845,5
20607935255,9
20607936537,9
20607936812,9
20607937631,12
20607937720,5
20607939218,31
20607941107,5
20607942081,5
20607942499,10
20607943479,7
20607943738,8
20607943819,7
20607943959,9
20607944734,11
20607945722,5
20607947920,13
20607948675,8
20607948861,21
20607949167,8
20607951005,5
20607952354,5
20607952559,7
20607952648,7
20607953105,5
20607953148,5
20607953539,7
20607953849,12
20607953890,8
20607954829,18
20607954837,14
20607955353,5
20607957941,6
20607959316,7
20607959502,6
20607961876,5
20607961949,13
20607962333,7
20607963046,18
20607963500,5
20607964361,7
20607964646,13
20607965341,5
20607965481,5
20607965740,5
20607965987,8
20607966231,5
20607966410,12
20607966908,5
20607966991,27
20607967297,5
20607967912,5
20607968285,7
20607968595,6
20607969877,13
20607970093,7
20607970352,10
20607971201,6
20607971260,8
20607971286,5
20607972479,8
20607973611,21
20607976148,19
20607976512,17
20607977268,5
20607978612,5
20607978680,10
20607979805,11
20607979996,7
20607980315,5
20607980668,7
20607980684,14
20607983764,5
20607983845,6
20607986429,5
20607987247,7
20607987662,15
20607988057,12
20607990094,6
20607990281,23
20607990639,5
20607990841,5
20607992780,5
20607993182,9
20607993506,7
20607993867,14
20607994456,10
20607994537,10
20607995258,9
20607995410,8
20607995428,6
20607995789,28
20607996351,6
20607996653,7
20607996831,5
20607997897,7
20607998010,12
20607998745,10
20607998842,6
20607999911,21
20608001434,6
20608001540,20
20608002619,8
20608003062,5
20608003518,6
20608003631,5
20608004174,5
20608004590,7
20608006312,20
20608006380,6
20608006738,9
20608006908,6
20608007815,9
20608007921,6
20608011057,5
20608011243,11
20608012088,5
20608012452,10
20608012720,9
20608013360,22
20608014056,5
20608014188,5
20608014544,21
20608015991,13
20608017306,8
20608017349,6
20608018124,9
20608018540,6
20608019872,5
20608020439,5
20608021320,11
20608021451,6
20608022075,17
20608024116,5
20608024167,7
20608024264,16
20608024922,7
20608025627,6
20608025856,6
20608027034,6
20608027077,17
20608027107,6
20608029207,9
20608029363,11
20608031295,5
20608031449,5
20608032186,5
20608032623,5
20608033492,5
20608034090,20
20608034111,13
20608035274,9
20608036530,7
20608037196,9
20608037374,5
20608037820,8
20608038834,15
20608041045,6
20608041622,6
20608041657,6
20608041932,8
20608041967,10
20608042408,10
20608042505,8
20608043285,6
20608043731,5
20608044834,6
20608046624,9
20608046926,5
20608047281,7
20608048163,7
20608048376,18
20608048813,13
20608051083,5
20608051938,6
20608052080,17
20608052284,10
20608052501,7
20608052683,6
20608052870,5
20608053051,8
20608053302,6
20608053400,7
20608053604,13
20608053795,9
20608054341,6
20608054805,6
20608054961,21
20608055526,15
20608056034,5
20608060686,16
20608061054,7
20608061593,13
20608062492,5
20608062905,15
20608063936,7
20608065432,5
20608065777,5
20608065921,6
20608065971,7
20608066315,7
20608066803,6
20608067273,5
20608068075,5
20608068687,8
20608069071,7
20608069501,7
20608070088,8
20608070801,8
20608070908,6
20608075233,5
20608075276,15
20608076701,9
20608077180,9
20608077325,19
20608077422,24
20608077732,9
20608077899,12
20608078208,6
20608078330,16
20608078763,5
20608079158,6
20608080351,6
20608080741,7
20608080776,8
20608081535,15
20608081659,5
20608082965,8
20608084453,8
20608085522,20
20608085565,6
20608086928,6
20608087584,11
20608087665,6
20608087851,5
20608088769,7
20608089102,6
20608089935,6
20608090348,5
20608090712,5
20608091107,10
20608091166,21
20608091689,12
20608091999,5
20608092324,19
20608094700,10
20608094718,20
20608095137,7
20608095188,6
20608096044,6
20608096605,18
20608096664,6
20608097652,6
20608098527,5
20608098845,8
20608099451,16
20608100131,7
20608100289,21
20608101081,6
20608101501,6
20608104870,20
20608104934,21
20608105043,6
20608105078,13
20608105248,5
20608106228,6
20608106562,8
20608106856,10
20608108328,6
20608108344,8
20608108727,9
20608111256,11
20608111396,10
20608111523,7
20608111604,8
20608111671,7
20608111965,17
20608112007,12
20608112139,7
20608112732,9
20608114816,12
20608116665,5
20608116878,8
20608117718,22
20608117882,9
20608119010,8
20608119168,11
20608120581,7
20608121464,7
20608122231,10
20608123351,7
20608123530,6
20608125664,7
20608126563,5
20608128370,12
20608129287,10
20608129643,7
20608130757,6
20608132474,5
20608133161,8
20608133764,5
20608134353,7
20608135309,7
20608136119,5
20608136241,5
20608136364,6
20608137000,7
20608138651,8
20608138804,5
20608139614,6
20608140116,5
20608140736,6
20608140892,5
20608141376,5
20608141864,6
20608141937,6
20608142003,6
20608144740,22
20608145738,7
20608145894,5
20608145916,9
20608146025,7
20608148664,10
20608149431,7
20608150723,6
20608151002,5
20608151436,6
20608151771,17
20608152262,6
20608152769,5
20608153561,5
20608154516,5
20608155229,5
20608157647,5
20608157779,14
20608158660,22
20608159071,7
20608160061,6
20608160991,7
20608161229,9
20608161504,19
20608162926,21
20608163591,5
20608163779,6
20608164333,9
20608165569,10
20608165585,8
20608165631,14
20608166042,7
20608166280,5
20608167022,5
20608167031,8
20608170007,6
20608170732,20
20608170929,10
20608171402,5
20608171631,6
20608174291,5
20608176391,8
20608178008,8
20608178318,19
20608178709,7
20608178890,6
20608179519,11
20608179594,6
20608180070,9
20608180657,6
20608181076,7
20608181912,10
20608182536,7
20608183079,11
20608183354,8
20608183648,8
20608183800,9
20608184091,13
20608184474,5
20608184938,22
20608185721,12
20608185802,16
20608186388,6
20608186647,5
20608187597,5
20608189093,6
20608189603,5
20608190644,8
20608191314,8
20608192469,8
20608193066,7
20608193511,11
20608194445,10
20608195891,8
20608196812,25
20608197037,11
20608197134,18
20608197711,6
20608198408,19
20608198513,8
20608198912,5
20608199111,7
20608199889,5
20608202430,7
20608202758,6
20608202936,5
20608203851,8
20608204386,5
20608206826,7
20608207296,12
20608208136,6
20608208250,6
20608208730,6
20608208811,14
20608215949,20
20608217232,7
20608218093,5
20608219936,6
20608220101,5
20608221124,8
20608222007,15
20608222554,18
20608223194,7
20608223381,6
20608223399,8
20608224336,5
20608224361,7
20608224409,13
20608225421,5
20608226240,22
20608226495,5
20608227661,7
20608227955,6
20608230069,19
20608230395,21
20608230531,15
20608230603,5
20608231031,9
20608231324,8
20608231570,5
20608231707,5
20608231880,6
20608232401,10
20608233319,5
20608233815,5
20608234030,9
20608234111,7
20608234633,10
20608234722,6
20608235117,8
20608236075,7
20608236296,8
20608236458,5
20608239376,24
20608239643,21
20608240269,5
20608240412,7
20608241079,8
20608241907,7
20608242148,7
20608242342,10
20608242580,12
20608244451,5
20608244523,5
20608244639,9
20608245163,7
20608246046,7
20608246399,7
20608247140,7
20608247573,13
20608248481,5
20608248634,5
20608249215,14
20608249304,13
20608249622,10
20608251619,8
20608251783,6
20608252178,8
20608252836,17
20608254421,6
20608254791,12
20608254987,5
20608255011,5
20608257323,5
20608258168,5
20608258320,5
20608259075,6
20608260693,5
20608261011,8
20608261223,6
20608261541,6
20608262815,9
20608263285,5
20608266110,7
20608267183,7
20608267311,9
20608267400,7
20608268236,11
20608268520,6
20608269291,5
20608269691,8
20608270435,5
20608270702,7
20608270800,5
20608270885,9
20608270907,10
20608272101,11
20608272136,6
20608272411,13
20608272926,6
20608273175,6
20608273272,6
20608273299,8
20608273540,5
20608273621,5
20608274228,5
20608274767,10
20608275097,21
20608276646,5
20608276859,22
20608276964,7
20608277162,5
20608277324,11
20608278096,5
20608278223,6
20608278967,9
20608278975,5
20608279637,6
20608280058,6
20608280121,7
20608280333,32
20608280520,7
20608280929,6
20608281101,5
20608281321,10
20608281879,6
20608282051,10
20608282247,6
20608282280,19
20608282794,5
20608282816,9
20608283057,7
20608283588,5
20608283651,6
20608284029,10
20608284410,6
20608284690,6
20608285297,21
20608285998,8
20608286595,5
20608287168,7
20608287877,8
20608287966,5
20608288474,8
20608288687,6
20608288903,20
20608289632,5
20608289705,15
20608289888,11
20608290584,9
20608291033,5
20608291866,22
20608291891,6
20608293486,6
20608295985,6
20608297163,23
20608297694,6
20608297929,15
20608299271,12
20608299735,10
20608300334,21
20608300393,32
20608300415,23
20608300482,5
20608300903,6
20608301462,12
20608301713,7
20608303422,6
20608303864,13
20608304321,6
20608304607,6
20608304631,6
20608304828,6
20608306464,9
20608308122,9
20608308751,5
20608309498,5
20608310925,8
20608312197,10
20608313401,5
20608314165,11
20608314581,10
20608315111,10
20608317725,8
20608319761,6
20608319787,5
20608319957,12
20608320114,5
20608320327,12
20608321391,7
20608321684,7
20608321731,25
20608321773,6
20608321986,7
20608322117,7
20608322249,5
20608323385,7
20608323725,19
20608323792,6
20608324152,8
20608324161,21
20608324861,5
20608325221,5
20608325299,9
20608326325,6
20608327291,6
20608327402,13
20608327666,7
20608330799,5
20608331299,5
20608332007,5
20608332023,11
20608332708,8
20608333569,5
20608334344,10
20608334361,7
20608334701,6
20608334905,5
20608335626,5
20608337459,18
20608338234,6
20608338323,5
20608339141,6
20608340387,7
20608341227,5
20608342291,20
20608342762,11
20608344021,12
20608344188,6
20608344587,6
20608345753,21
20608345770,16
20608346423,12
20608346679,13
20608346989,13
20608348400,18
20608351702,13
20608352261,5
20608352997,9
20608353012,7
20608353578,5
20608353730,9
20608353837,20
20608354507,6
20608357280,8
20608357409,5
20608357891,22
20608359754,10
20608360183,13
20608361619,9
20608361911,5
20608364421,8
20608364502,7
20608365185,6
20608365479,5
20608365509,11
20608366254,6
20608366769,6
20608367331,10
20608368508,7
20608368796,20
20608369121,5
20608369784,5
20608369954,10
20608371801,9
20608371819,6
20608372297,8
20608373137,5
20608373544,13
20608373692,9
20608374354,5
20608374796,10
20608375857,5
20608376781,14
20608376870,5
20608376977,6
20608377027,5
20608378023,6
20608378635,6
20608379364,19
20608379976,6
20608380613,10
20608381393,6
20608382934,20
20608383795,5
20608383868,7
20608383957,12
20608384899,10
20608385640,6
20608385682,6
20608386140,5
20608386379,8
20608386760,14
20608386964,9
20608389050,10
20608389131,8
20608389386,7
20608390058,5
20608390261,8
20608390716,10
20608391348,6
20608391551,10
20608391577,9
20608391771,6
20608392131,7
20608392565,7
20608393421,11
20608394061,13
20608394771,5
20608395858,12
20608396528,5
20608396544,5
20608396811,5
20608397621,9
20608397664,6
20608397770,5
20608398628,5
20608398644,5
20608400169,5
20608400959,8
20608401394,8
20608401530,6
20608401556,19
20608402251,8
20608402447,5
20608403010,21
20608404504,11
20608408038,7
20608408054,5
20608408615,8
20608408895,7
20608410016,7
20608410121,11
20608410172,10
20608410504,5
20608411578,9
20608412841,7
20608413724,7
20608415042,6
20608415247,6
20608415964,13
20608416545,8
20608417410,7
20608418009,6
20608418688,6
20608418785,7
20608419765,13
20608419919,16
20608421310,10
20608422146,5
20608424912,5
20608424971,5
20608425048,5
20608425056,12
20608425536,8
20608425633,6
20608425846,6
20608425871,13
20608426028,10
20608426265,7
20608426320,6
20608426982,5
20608427741,11
20608428349,10
20608428471,13
20608428497,7
20608429515,8
20608430149,7
20608430181,5
20608430301,29
20608431048,6
20608432214,6
20608433202,5
20608434748,8
20608435221,20
20608436210,14
20608436686,5
20608437011,19
20608437241,6
20608437569,5
20608438387,5
20608438522,9
20608438743,5
20608439073,7
20608439723,6
20608439782,8
20608440004,6
20608440314,7
20608442465,5
20608442660,12
20608442902,19
20608443186,11
20608443429,6
20608443674,5
20608444034,12
20608444131,5
20608444671,5
20608444719,8
20608445375,6
20608445995,8
20608447645,7
20608449371,6
20608449729,7
20608450247,11
20608450352,5
20608450638,6
20608450727,6
20608450930,13
20608451499,16
20608451715,5
20608451871,8
20608452274,9
20608452886,6
20608453653,6
20608454609,8
20608454862,7
20608455516,6
20608456431,10
20608457837,10
20608457977,12
20608458302,8
20608459422,13
20608460102,6
20608460188,7
20608460595,9
20608460731,6
20608461354,5
20608461371,13
20608461800,18
20608462059,10
20608463152,7
20608463233,9
20608463519,10
20608463683,20
20608465261,6
20608465538,5
20608465724,8
20608465775,12
20608465899,6
20608467077,9
20608467760,7
20608468308,5
20608468511,5
20608470639,6
20608470671,7
20608471210,13
20608472194,6
20608472356,7
20608472941,6
20608473697,10
20608474723,5
20608475126,5
20608475240,6
20608476696,7
20608476785,9
20608477145,5
20608478133,16
20608478338,8
20608479105,6
20608479326,18
20608479491,5
20608479822,6
20608481801,5
20608482491,6
20608483129,9
20608483838,11
20608484249,5
20608484265,13
20608484605,19
20608484893,22
20608485245,5
20608486519,12
20608486691,14
20608488597,6
20608489577,7
20608489976,5
20608490567,21
20608491008,8
20608491482,13
20608491539,8
20608491610,6
20608491946,6
20608492152,11
20608492179,10
20608492292,6
20608492331,5
20608492659,11
20608492675,7
20608492853,7
20608493761,5
20608493981,8
20608494139,8
20608494279,6
20608494333,5
20608494830,5
20608495003,5
20608495071,7
20608495933,6
20608496859,22
20608497928,5
20608498495,7
20608498703,5
20608500406,8
20608500597,7
20608500627,21
20608500678,10
20608503286,9
20608503341,9
20608504908,23
20608505297,5
20608505556,5
20608505700,6
20608506871,6
20608507401,8
20608507494,14
20608507656,5
20608508563,23
20608509071,5
20608509781,8
20608510410,13
20608510487,9
20608510592,6
20608510835,5
20608512111,6
20608512501,10
20608513478,7
20608514172,6
20608514229,6
20608514237,7
20608515357,5
20608516965,6
20608517147,5
20608517422,9
20608517554,22
20608518259,22
20608518429,6
20608519638,21
20608520873,9
20608521888,9
20608522060,8
20608523091,5
20608523481,6
20608523864,7
20608524666,6
20608525760,22
20608525859,9
20608526103,10
20608526511,5
20608526570,7
20608526685,5
20608527550,18
20608527606,10
20608528432,5
20608528645,19
20608529609,9
20608530101,8
20608530194,17
20608532090,10
20608532499,11
20608532600,7
20608534408,8
20608535170,5
20608535731,6
20608535927,5
20608536192,6
20608536524,6
20608536664,6
20608536907,5
20608537822,6
20608538942,5
20608540467,7
20608540483,19
20608540807,9
20608541153,20
20608541161,5
20608541277,5
20608541404,20
20608541544,6
20608542532,6
20608542567,18
20608543041,6
20608543199,7
20608543580,8
20608543750,19
20608544101,5
20608545591,7
20608545701,10
20608546198,9
20608547712,16
20608548336,12
20608548425,5
20608549332,5
20608549707,9
20608550527,7
20608550713,7
20608551116,11
20608551264,14
20608551272,5
20608551698,10
20608551701,20
20608552171,30
20608552236,14
20608552261,22
20608553160,5
20608553267,6
20608553402,8
20608553496,9
20608555294,6
20608555430,12
20608555812,10
20608555855,20
20608555871,7
20608556291,7
20608557211,7
20608557874,9
20608558471,6
20608558633,9
20608558650,10
20608559044,6
20608559133,6
20608559575,6
20608559893,15
20608560051,9
20608560212,11
20608560492,8
20608561316,5
20608562169,6
20608562240,9
20608562398,11
20608563131,7
20608563726,9
20608564277,21
20608564391,5
20608564943,5
20608565109,6
20608566466,8
20608566784,7
20608566946,6
20608568663,7
20608568761,5
20608569236,7
20608570153,6
20608571150,10
20608573918,6
20608574850,8
20608575091,8
20608575325,19
20608576445,5
20608576755,9
20608576879,13
20608577760,7
20608577930,7
20608578138,5
20608578987,11
20608579380,5
20608579975,7
20608580159,12
20608581902,6
20608582089,11
20608582585,5
20608582739,13
20608584332,5
20608585088,6
20608585100,10
20608585126,8
20608585649,12
20608586505,7
20608586882,6
20608589679,9
20608590405,22
20608590413,12
20608591037,7
20608591762,11
20608591801,6
20608592173,5
20608592238,10
20608593111,11
20608593846,22
20608593927,8
20608594168,5
20608595130,6
20608595211,10
20608595296,6
20608595351,13
20608596136,7
20608596501,5
20608598953,6
20608599143,11
20608599682,19
20608601989,6
20608601997,12
20608602187,5
20608602195,15
20608602217,6
20608604261,14
20608604317,7
20608604376,7
20608604384,6
20608607251,7
20608610651,19
20608611127,14
20608611879,8
20608611887,14
20608612191,12
20608612468,10
20608613090,19
20608614428,16
20608614444,7
20608614886,5
20608615017,6
20608615181,9
20608615521,9
20608616081,6
20608617583,5
20608617613,5
20608617915,8
20608617923,5
20608618075,11
20608619951,10
20608621149,7
20608621939,5
20608622129,20
20608623184,6
20608623231,5
20608624016,10
20608624458,5
20608624776,11
20608624792,8
20608626337,7
20608626477,10
20608627732,9
20608628135,6
20608628151,20
20608629336,23
20608629409,21
20608629905,7
20608630491,5
20608631098,7
20608631829,7
20608632167,9
20608632868,5
20608633571,5
20608634488,7
20608636154,6
20608636588,8
20608640071,19
20608640194,8
20608640232,5
20608640445,8
20608640798,5
20608642103,16
20608642804,22
20608643070,19
20608643177,9
20608643215,6
20608643410,6
20608643835,5
20608644416,5
20608644467,18
20608645170,8
20608645765,16
20608646028,5
20608647440,9
20608647709,11
20608648250,13
20608648489,10
20608649701,7
20608649728,14
20608650424,6
20608651609,5
20608652630,6
20608653580,5
20608653784,8
20608653890,17
20608654233,17
20608655698,5
20608656775,7
20608656970,7
20608657488,7
20608658395,8
20608659693,11
20608659855,6
20608659928,6
20608660284,8
20608661159,6
20608661337,8
20608661744,5
20608662538,8
20608662562,5
20608663119,14
20608664263,7
20608664361,7
20608664590,5
20608665197,10
20608665448,5
20608665596,9
20608666525,7
20608666584,5
20608666606,5
20608666746,8
20608669826,12
20608671031,10
20608673165,5
20608673246,5
20608674714,5
20608675028,7
20608675176,9
20608675354,8
20608675842,12
20608676075,23
20608676725,21
20608677390,5
20608677462,6
20608677551,6
20608678884,8
20608678931,5
20608678949,11
20608680170,5
20608680668,5
20608683870,5
20608684183,5
20608685058,8
20608685406,6
20608686488,8
20608687271,5
20608687999,5
20608688197,7
20608688561,8
20608689436,11
20608689843,9
20608691929,5
20608692623,14
20608693310,6
20608693671,5
20608694154,10
20608695258,6
20608695681,6
20608695738,5
20608697293,5
20608697595,8
20608697862,7
20608698516,5
20608699351,5
20608699423,6
20608699661,5
20608700171,5
20608700464,10
20608700855,6
20608700880,7
20608701142,9
20608701266,5
20608701312,6
20608702033,6
20608702378,18
20608703129,7
20608703692,5
20608704958,21
20608705164,21
20608706357,10
20608706772,5
20608707060,6
20608707515,7
20608707850,26
20608707931,10
20608709518,10
20608710079,7
20608710125,9
20608711202,7
20608711792,8
20608711890,6
20608712080,6
20608712471,11
20608713078,5
20608713353,11
20608714406,5
20608714945,12
20608716611,5
20608717103,5
20608717456,8
20608717499,7
20608717511,6
20608717537,5
20608717685,11
20608718169,5
20608718657,21
20608719785,15
20608720180,14
20608720759,5
20608720911,7
20608721500,5
20608721755,7
20608721852,6
20608722042,9
20608722271,20
20608722999,14
20608724134,11
20608725262,6
20608725378,5
20608725866,5
20608728237,13
20608728342,5
20608729357,5
20608729519,18
20608730274,5
20608730801,9
20608732340,6
20608732366,5
20608735136,6
20608735403,6
20608735683,5
20608736507,7
20608736809,5
20608737023,8
20608737252,21
20608737431,7
20608737619,5
20608737741,18
20608738089,5
20608738810,6
20608739344,12
20608739859,7
20608740041,12
20608740091,7
20608740741,13
20608742639,11
20608744313,10
20608745611,8
20608745913,9
20608745948,10
20608746341,8
20608747487,8
20608747649,11
20608747894,13
20608748203,9
20608748556,11
20608750135,6
20608751255,5
20608751271,6
20608752006,5
20608752359,6
20608752472,8
20608752847,9
20608753533,7
20608753941,17
20608754980,17
20608756389,16
20608756427,9
20608756729,19
20608757687,8
20608759256,9
20608759264,5
20608761129,7
20608762818,13
20608762974,11
20608763954,6
20608764039,11
20608764055,5
20608764543,11
20608764853,5
20608765281,15
20608765990,5
20608767097,5
20608767747,8
20608768786,13
20608768956,14
20608769693,7
20608770144,6
20608770489,9
20608770985,12
20608771884,8
20608772902,15
20608773879,6
20608773950,5
20608775901,7
20608776215,10
20608776223,8
20608776266,6
20608777661,7
20608777793,6
20608778862,12
20608779176,6
20608779532,20
20608779559,7
20608779591,9
20608780263,8
20608781341,6
20608781961,5
20608782037,11
20608782410,5
20608782843,6
20608782975,8
20608783262,18
20608783416,7
20608783696,11
20608784161,6
20608784986,6
20608786491,7
20608787080,7
20608787586,12
20608788281,7
20608789201,9
20608789911,14
20608790641,6
20608791583,6
20608791591,8
20608791893,5
20608792113,6
20608792741,9
20608793551,9
20608794035,13
20608794353,8
20608794833,8
20608794876,5
20608795368,5
20608796381,9
20608796925,5
20608796941,5
20608797441,7
20608798189,12
20608799703,8
20608799941,16
20608803841,8
20608804421,14
20608804693,5
20608805819,6
20608806033,5
20608806408,9
20608806459,6
20608806718,5
20608807463,12
20608808311,5
20608809237,21
20608809555,17
20608809571,6
20608810090,5
20608810634,8
20608810898,9
20608812629,8
20608813072,5
20608813676,6
20608813943,8
20608814818,5
20608815008,20
20608816632,5
20608816799,5
20608817051,5
20608817141,10
20608817361,6
20608817485,6
20608817566,11
20608818724,5
20608818821,9
20608818996,5
20608819241,5
20608819330,9
20608821156,10
20608822969,14
20608823795,6
20608824368,5
20608824848,5
20608825101,5
20608825232,6
20608827782,5
20608827880,6
20608828428,10
20608828975,5
20608828983,6
20608829181,8
20608829211,9
20608829769,8
20608830384,13
20608830392,22
20608832361,6
20608834631,6
20608836935,9
20608837834,6
20608838512,7
20608838547,18
20608838865,6
20608839497,5
20608839977,6
20608840215,7
20608841882,5
20608842340,7
20608842374,12
20608843958,9
20608844261,6
20608845284,6
20608845837,5
20608846388,12
20608846485,6
20608847023,8
20608847384,5
20608847708,10
20608848895,14
20608849069,10
20608850083,10
20608850288,6
20608852990,7
20608853244,9
20608854801,18
20608856090,5
20608856332,6
20608856367,19
20608857096,20
20608860411,7
20608861026,8
20608861239,6
20608861328,6
20608861549,26
20608861867,6
20608862316,5
20608862570,7
20608862642,6
20608862863,28
20608863444,5
20608863762,7
20608864335,16
20608864866,8
20608864947,11
20608865129,8
20608865684,6
20608866079,7
20608867121,6
20608868225,14
20608868632,7
20608869353,8
20608869931,15
20608869965,5
20608870190,9
20608870343,8
20608870602,13
20608870815,5
20608870823,13
20608871528,6
20608872109,9
20608872320,7
20608872451,7
20608872753,5
20608873351,6
20608873393,11
20608873784,9
20608873938,5
20608874292,5
20608874420,10
20608875001,10
20608875761,18
20608876091,6
20608876783,5
20608878387,7
20608878832,25
20608879171,6
20608880012,7
20608880110,8
20608880616,22
20608880870,5
20608881221,6
20608881345,7
20608883135,6
20608883771,5
20608884255,7
20608885855,7
20608886363,6
20608886622,14
20608886860,12
20608887483,15
20608887513,11
20608887629,7
20608887866,14
20608888048,10
20608888498,6
20608889257,7
20608890042,13
20608890280,5
20608891341,5
20608891375,7
20608891430,6
20608892045,5
20608892185,12
20608892240,5
20608893262,5
20608893408,9
20608895176,11
20608895192,9
20608895630,7
20608895656,13
20608896130,16
20608896881,18
20608896997,11
20608897357,7
20608899350,17
20608899392,12
20608899759,7
20608899929,5
20608900331,8
20608900811,9
20608901460,10
20608901567,7
20608903250,5
20608904639,20
20608904825,19
20608905775,7
20608906569,6
20608907646,5
20608908006,5
20608908014,7
20608908049,21
20608908171,5
20608908219,6
20608909011,7
20608909916,6
20608909975,20
20608910141,11
20608910515,8
20608910744,8
20608910795,10
20608912135,18
20608912739,5
20608913484,5
20608914073,7
20608914120,5
20608914502,8
20608914634,5
20608916211,6
20608916793,9
20608916904,8
20608917111,5
20608917285,6
20608917412,18
20608917609,8
20608917978,12
20608918575,7
20608918958,6
20608919326,13
20608919342,14
20608919482,6
20608920201,6
20608921207,7
20608921339,5
20608921860,6
20608922157,5
20608922238,10
20608922661,5
20608923234,20
20608923242,19
20608923561,5
20608924982,11
20608926039,8
20608926888,5
20608927493,5
20608927582,7
20608927922,8
20608928431,6
20608928538,9
20608930303,7
20608930478,8
20608931156,24
20608931695,8
20608932411,6
20608933001,6
20608933434,18
20608934929,20
20608935381,6
20608935640,12
20608936115,5
20608936450,6
20608936719,22
20608936743,5
20608937294,6
20608938266,16
20608938380,5
20608938762,5
20608939840,5
20608940023,5
20608941411,7
20608941704,5
20608941895,9
20608942964,7
20608945076,6
20608945297,27
20608946901,14
20608947231,5
20608947559,6
20608948008,8
20608950738,6
20608950983,5
20608951394,6
20608951483,9
20608951955,5
20608952757,10
20608953061,7
20608955926,5
20608956868,9
20608958461,5
20608959034,6
20608959913,8
20608960881,7
20608961250,9
20608961594,8
20608962566,6
20608963376,7
20608963864,9
20608963872,7
20608964411,8
20608965395,8
20608966031,8
20608966405,8
20608966685,11
20608967207,9
20608967363,5
20608967550,8
20608968203,8
20608970038,5
20608970607,5
20608970631,7
20608970739,5
20608970909,9
20608971395,6
20608971859,5
20608971956,9
20608972316,8
20608972600,5
20608972740,10
20608973665,6
20608973754,11
20608974092,5
20608974378,17
20608976338,19
20608976991,6
20608978381,14
20608978390,8
20608979019,8
20608979914,7
20608979965,18
20608980572,5
20608980882,6
20608980963,8
20608981307,12
20608981528,5
20608981714,8
20608982885,17
20608982915,5
20608983521,9
20608984403,7
20608984543,7
20608984764,7
20608985167,6
20608985302,7
20608986210,7
20608986830,5
20608987216,5
20608987267,16
20608989197,25
20608989324,5
20608989448,10
20608990781,9
20608991701,10
20608991787,20
20608992287,5
20608992732,5
20608992864,13
20608993879,9
20608994662,9
20608995103,13
20608997025,7
20608997114,10
20608997416,5
20608997785,5
20608998765,9
20608999125,13
20608999371,5
20608999508,6
20609000008,5
20609000768,6
20609000857,6
20609001250,11
20609001276,10
20609001438,25
20609002175,6
20609002507,6
20609004054,12
20609004411,14
20609005671,15
20609006383,9
20609006405,6
20609006928,8
20609007401,5
20609007533,5
20609008017,5
20609010879,12
20609010984,20
20609011069,6
20609013525,14
20609014106,9
20609014521,13
20609014602,5
20609015269,5
20609015773,5
20609015919,9
20609016133,5
20609016443,10
20609016958,5
20609017806,6
20609017903,11
20609018659,5
20609018896,10
20609018918,8
20609019019,6
20609019337,5
20609019485,7
20609020220,6
20609022184,6
20609023474,5
20609023661,10
20609025957,13
20609027194,5
20609027577,12
20609028735,7
20609029049,5
20609029537,6
20609030411,7
20609030446,7
20609030691,8
20609030772,7
20609031001,7
20609031248,5
20609032333,6
20609032651,6
20609032783,8
20609033551,13
20609033798,5
20609034905,6
20609035197,5
20609035979,13
20609037262,9
20609037394,5
20609037921,8
20609038587,9
20609040310,5
20609041219,21
20609041669,5
20609041715,10
20609042622,8
20609042932,6
20609043009,8
20609043408,14
20609043742,12
20609045109,7
20609046016,14
20609046059,8
20609046369,8
20609046474,11
20609046725,18
20609046881,20
20609047551,11
20609048329,6
20609050200,18
20609050609,6
20609051397,8
20609051451,7
20609052067,5
20609053683,21
20609053926,16
20609053977,7
20609054396,17
20609054515,7
20609054787,6
20609055538,9
20609055546,8
20609055571,5
20609056755,10
20609057441,5
20609057549,5
20609058057,9
20609058839,7
20609059291,6
20609059631,8
20609060191,7
20609060655,6
20609061708,12
20609062232,5
20609065720,18
20609066394,17
20609066645,9
20609067285,6
20609067382,8
20609068214,5
20609069253,6
20609069296,5
20609070464,20
20609071410,5
20609072033,7
20609072335,7
20609072343,5
20609072416,5
20609074273,5
20609074397,7
20609075393,22
20609076683,8
20609078660,21
20609079097,19
20609079437,5
20609082187,5
20609082357,9
20609082683,5
20609083914,7
20609086034,5
20609088622,12
20609088878,7
20609089769,6
20609090571,6
20609090643,12
20609090732,7
20609090937,10
20609091135,11
20609091950,5
20609092964,7
20609094894,6
20609095548,7
20609097664,5
20609098890,5
20609099888,8
20609099900,7
20609101262,5
20609101351,6
20609101416,20
20609102081,10
20609102935,5
20609103371,32
20609103508,6
20609103931,19
20609104491,14
20609104580,7
20609104768,9
20609105250,6
20609105870,14
20609106396,11
20609106531,5
20609106779,9
20609108437,9
20609108941,5
20609109166,7
20609109531,10
20609109662,5
20609110075,5
20609110831,6
20609111306,13
20609112108,6
20609113121,6
20609113228,8
20609113716,5
20609113741,5
20609114518,9
20609115379,11
20609117657,24
20609118955,7
20609120119,7
20609121701,5
20609121956,6
20609122367,11
20609122740,7
20609124092,5
20609125919,6
20609126176,6
20609127644,12
20609129159,8
20609129442,6
20609129922,8
20609131757,8
20609132079,14
20609132265,5
20609132869,5
20609133211,5
20609135426,6
20609136121,13
20609136473,16
20609136597,9
20609137437,10
20609137526,11
20609137810,8
20609137861,11
20609138336,6
20609139235,5
20609139588,8
20609139707,5
20609141205,6
20609141540,11
20609142163,10
20609143208,11
20609143534,5
20609144042,8
20609144069,6
20609144115,6
20609144131,5
20609144468,6
20609145235,5
20609145405,5
20609145693,8
20609147408,6
20609147602,12
20609149753,6
20609149842,6
20609150263,18
20609151006,21
20609151570,5
20609152100,5
20609152584,8
20609155788,5
20609155818,5
20609156601,8
20609156903,13
20609157403,10
20609158019,6
20609158787,6
20609160463,5
20609160811,11
20609161036,9
20609162423,5
20609163110,11
20609163284,5
20609163527,8
20609164124,20
20609164566,7
20609164582,10
20609165074,5
20609166585,7
20609166658,5
20609167298,11
20609167514,6
20609170159,12
20609172046,15
20609173093,6
20609173891,8
20609174111,5
20609175045,6
20609175118,5
20609175789,116
20609176467,9
20609177072,8
20609177706,6
20609178508,7
20609179261,7
20609179326,9
20609180260,7
20609180537,6
20609181339,6
20609181746,8
20609182301,5
20609182653,11
20609182670,7
20609183714,10
20609184109,5
20609184834,6
20609186551,5
20609186624,7
20609186667,6
20609187060,10
20609187965,7
20609188368,10
20609188732,20
20609188783,8
20609189216,9
20609189704,11
20609190150,8
20609191016,5
20609191458,8
20609191580,13
20609192748,6
20609193621,14
20609195089,8
20609195615,5
20609195658,5
20609195909,5
20609196816,5
20609197227,14
20609197324,6
20609199335,21
20609199823,5
20609199858,6
20609201160,6
20609202719,9
20609203031,20
20609204550,21
20609204819,7
20609205548,7
20609205688,10
20609206919,14
20609206994,5
20609208725,8
20609209578,5
20609209969,5
20609210177,6
20609211521,7
20609212951,6
20609213958,6
20609214067,5
20609214156,5
20609214709,5
20609214873,13
20609215055,5
20609216337,5
20609216469,6
20609217104,7
20609217155,7
20609218062,12
20609218721,5
20609218933,5
20609219875,22
20609222043,5
20609222361,5
20609223503,7
20609224291,6
20609225115,9
20609226821,5
20609227037,7
20609228157,7
20609228602,17
20609229129,6
20609230607,5
20609231573,6
20609233002,5
20609234360,5
20609234831,6
20609235064,8
20609237288,16
20609238578,5
20609243911,9
20609244331,5
20609244578,6
20609245418,5
20609246856,5
20609246872,6
20609246902,5
20609247305,6
20609247381,20
20609248212,5
20609248271,5
20609249464,20
20609250012,5
20609250179,7
20609250934,16
20609252503,16
20609253372,8
20609254620,18
20609255740,7
20609256169,14
20609257131,9
20609257742,5
20609257815,5
20609258404,9
20609258412,5
20609258862,15
20609259541,10
20609260522,12
20609260727,6
20609261014,8
20609261359,5
20609261626,5
20609262011,5
20609264021,6
20609264218,5
20609264463,5
20609264994,7
20609265885,10
20609268779,11
20609268787,11
20609269139,6
20609271290,9
20609271508,6
20609273756,8
20609274523,7
20609274531,9
20609275597,5
20609275759,11
20609277964,14
20609278103,10
20609278511,5
20609279541,5
20609279797,10
20609280141,5
20609281210,8
20609282518,17
20609282992,7
20609285860,5
20609287412,5
20609287803,5
20609288737,9
20609288788,6
20609291053,5
20609292131,6
20609292785,7
20609292815,7
20609292866,15
20609296187,5
20609297426,6
20609298376,14
20609299496,6
20609300117,6
20609300443,5
20609300583,5
20609301253,6
20609301288,13
20609302284,8
20609304082,6
20609304201,12
20609304813,5
20609304899,5
20609305135,9
20609305160,5
20609306905,8
20609307235,8
20609307308,10
20609308347,7
20609309343,7
20609309483,12
20609310252,23
20609310783,5
20609312255,6
20609312417,5
20609312735,17
20609313596,5
20609314126,17
20609314347,11
20609316064,8
20609316170,13
20609317346,10
20609317541,6
20609317605,7
20609317826,10
20609318466,22
20609318741,8
20609318989,7
20609319071,13
20609319489,7
20609319659,6
20609320801,8
20609322234,5
20609322323,6
20609322455,7
20609322587,8
20609323303,7
20609325420,12
20609325438,5
20609325543,8
20609326795,5
20609327210,7
20609327350,6
20609327783,6
20609328674,12
20609330334,5
20609331870,9
20609332159,6
20609332311,14
20609333171,14
20609333279,9
20609333333,7
20609334542,11
20609335131,9
20609336740,7
20609338262,5
20609338271,6
20609338751,5
20609338769,23
20609338858,5
20609339013,5
20609339439,9
20609340224,7
20609341280,7
20609341310,12
20609341484,5
20609343452,10
20609345277,5
20609345587,8
20609345781,6
20609345935,15
20609346079,6
20609346664,5
20609347148,7
20609347440,6
20609347571,8
20609348110,5
20609349124,7
20609349761,8
20609349825,9
20609349957,5
20609350530,5
20609350700,5
20609352214,17
20609352249,7
20609353113,8
20609353709,8
20609353938,5
20609353971,8
20609354535,6
20609354799,7
20609355230,16
20609355485,6
20609356724,9
20609357739,7
20609357801,5
20609359031,11
20609359197,5
20609359634,19
20609360535,12
20609361086,6
20609361311,5
20609361761,5
20609361833,8
20609362635,5
20609362716,9
20609363241,7
20609363445,5
20609364310,22
20609365286,6
20609367629,6
20609368307,15
20609369109,5
20609370166,5
20609370328,8
20609370549,10
20609371308,5
20609372037,5
20609372088,18
20609372096,5
20609372380,10
20609373190,5
20609374196,8
20609374285,13
20609374498,5
20609374803,9
20609374811,6
20609376245,6
20609376717,6
20609377608,19
20609377713,5
20609377977,5
20609378108,5
20609378124,5
20609378370,12
20609378418,11
20609378591,9
20609379139,6
20609379937,5
20609380218,8
20609380421,7
20609381184,10
20609382661,5
20609382709,8
20609382849,12
20609382857,7
20609384264,6
20609385023,11
20609385317,12
20609386348,18
20609386411,5
20609386771,7
20609387263,6
20609387476,9
20609387590,5
20609387620,5
20609388341,6
20609390108,7
20609390213,5
20609390566,9
20609390701,5
20609391503,8
20609392968,6
20609394791,8
20609395045,10
20609395355,5
20609396751,7
20609396866,6
20609397013,12
20609397331,5
20609397803,5
20609397871,7
20609398583,13
20609398915,7
20609398982,5
20609399245,5
20609399288,5
20609399318,21
20609400588,6
20609400723,13
20609401169,10
20609401355,15
20609402017,5
20609403081,9
20609403773,6
20609405008,10
20609405512,17
20609405571,7
20609406829,12
20609407621,5
20609408261,22
20609409887,6
20609410150,8
20609410320,7
20609413043,5
20609413230,5
20609413876,24
20609414643,5
20609414759,5
20609415577,6
20609415593,5
20609416051,9
20609417065,5
20609417316,14
20609417359,5
20609418088,22
20609419084,6
20609419840,10
20609421500,5
20609422191,19
20609424606,5
20609424738,14
20609427745,12
20609428407,7
20609429497,5
20609429594,6
20609430177,5
20609432072,5
20609432242,9
20609433303,5
20609435322,9
20609435403,5
20609435535,9
20609435721,23
20609436108,7
20609436302,5
20609436809,6
20609437775,5
20609438682,8
20609439000,11
20609439026,17
20609439603,5
20609439620,5
20609440946,5
20609440989,6
20609443082,5
20609444976,7
20609446910,6
20609450071,10
20609450691,16
20609451514,6
20609451522,15
20609451557,8
20609452715,6
20609453495,10
20609454335,5
20609454858,7
20609454971,10
20609455102,6
20609456885,6
20609458071,5
20609458403,8
20609460629,8
20609461528,9
20609461862,5
20609462630,5
20609463806,9
20609464080,18
20609464632,6
20609465591,11
20609466970,6
20609468611,15
20609469626,11
20609470845,9
20609471043,10
20609471191,8
20609471442,8
20609471701,6
20609472015,5
20609472449,5
20609472503,6
20609474069,6
20609474204,7
20609474417,6
20609474743,6
20609474751,12
20609475405,8
20609475901,15
20609476665,5
20609476851,6
20609477157,6
20609477467,7
20609477874,11
20609477882,5
20609478056,7
20609478781,7
20609479290,8
20609479443,6
20609479982,5
20609481014,8
20609481146,6
20609481791,17
20609481995,5
20609482193,7
20609482614,8
20609483424,20
20609483700,6
20609483866,5
20609484587,5
20609486512,7
20609486997,8
20609487322,15
20609487900,6
20609488141,5
20609489112,8
20609491559,8
20609491991,10
20609492211,9
20609492733,21
20609493063,9
20609493071,16
20609493128,6
20609493276,6
20609493438,7
20609494582,8
20609494787,5
20609494868,6
20609495589,8
20609495694,7
20609496488,7
20609496950,5
20609498073,19
20609498642,13
20609500523,6
20609501171,9
20609501503,15
20609501872,6
20609502054,6
20609502399,6
20609504278,5
20609504588,7
20609504626,6
20609505118,5
20609505894,5
20609506122,5
20609506599,5
20609507765,5
20609508184,10
20609508869,14
20609509377,6
20609509563,9
20609509661,6
20609512467,6
20609512491,6
20609512858,8
20609513234,5
20609513960,6
20609514079,11
20609514192,7
20609514893,7
20609514974,7
20609515164,15
20609515245,6
20609516039,7
20609516322,7
20609518562,6
20609519291,5
20609519801,5
20609519909,9
20609520974,5
20609521652,5
20609522322,8
20609522934,6
20609525861,9
20609526972,13
20609528631,5
20609529114,8
20609529653,8
20609530490,7
20609531020,8
20609531143,22
20609531925,8
20609532999,15
20609533090,9
20609533316,6
20609533430,6
20609534584,16
20609535254,6
20609535572,8
20609536757,12
20609537729,13
20609537737,15
20609538385,11
20609538881,5
20609540665,9
20609541092,5
20609541815,19
20609542722,11
20609543001,9
20609543036,9
20609544202,6
20609544610,8
20609545331,10
20609545535,10
20609545578,7
20609545837,16
20609546175,11
20609548381,6
20609549751,10
20609552795,8
20609552825,6
20609553376,18
20609553651,11
20609554119,8
20609554216,6
20609554411,11
20609554691,5
20609554917,8
20609555042,5
20609555051,10
20609555395,5
20609555697,7
20609557631,15
20609558165,5
20609558190,5
20609558378,6
20609558815,8
20609559005,16
20609560101,5
20609560658,5
20609560755,5
20609561387,7
20609561476,5
20609561549,9
20609561883,6
20609562898,19
20609563525,5
20609563789,6
20609563941,11
20609564092,9
20609564874,6
20609565048,6
20609565102,7
20609566133,8
20609567521,8
20609568691,12
20609569426,7
20609570327,19
20609570408,5
20609570548,7
20609571358,6
20609572354,5
20609572460,9
20609573211,6
20609573873,5
20609574454,9
20609574489,9
20609575507,8
20609576261,5
20609578051,8
20609578611,6
20609578913,5
20609578981,18
20609579073,5
20609580152,8
20609580764,10
20609580870,7
20609581914,6
20609583666,5
20609583755,13
20609584735,9
20609584841,5
20609585740,10
20609587718,10
20609588897,6
20609589443,10
20609589664,6
20609590743,8
20609590875,6
20609591278,17
20609591545,7
20609591570,6
20609591952,5
20609592029,11
20609592398,7
20609592631,10
20609592771,9
20609593165,5
20609594056,13
20609594994,7
20609595150,10
20609596938,5
20609597276,13
20609597730,5
20609598281,5
20609599503,13
20609599538,11
20609600684,6
20609600749,12
20609601133,6
20609601753,6
20609603349,10
20609603861,7
20609603942,6
20609604485,12
20609604647,5
20609604779,17
20609607166,5
20609607301,6
20609607395,6
20609607719,6
20609607905,5
20609608146,12
20609608235,13
20609609380,18
20609610761,5
20609611376,6
20609611431,7
20609612020,6
20609612216,5
20609612364,11
20609612496,7
20609612631,25
20609613620,7
20609613751,7
20609614723,6
20609614791,7
20609615614,5
20609615657,18
20609615851,19
20609616220,6
20609616262,6
20609616858,5
20609617102,19
20609617421,9
20609617838,5
20609617978,6
20609619342,5
20609619440,8
20609619644,8
20609620791,8
20609621282,10
20609621908,5
20609621983,5
20609622556,10
20609623021,6
20609623501,8
20609623722,5
20609623790,6
20609624401,7
20609625482,20
20609627027,5
20609628619,11
20609628708,6
20609630311,9
20609630818,14
20609631377,6
20609631920,18
20609632063,7
20609634473,9
20609634899,20
20609636425,7
20609637189,14
20609637511,12
20609637898,5
20609638142,5
20609638151,9
20609638410,12
20609639262,11
20609640155,5
20609641429,6
20609642387,7
20609643375,8
20609644606,6
20609644665,11
20609645289,6
20609645351,7
20609645688,5
20609645866,8
20609645939,6
20609646200,5
20609646331,6
20609646340,6
20609646978,9
20609647834,8
20609648482,5
20609649675,5
20609650428,8
20609650444,7
20609650614,5
20609651955,7
20609652501,7
20609653257,22
20609654351,6
20609654849,5
20609654857,17
20609654989,9
20609655519,5
20609657473,8
20609657881,19
20609658542,9
20609658771,5
20609658879,10
20609659042,6
20609659123,17
20609659255,12
20609659891,5
20609660369,5
20609661390,10
20609661527,6
20609662078,7
20609662531,7
20609662647,6
20609663180,11
20609664283,5
20609664526,14
20609664798,6
20609664828,6
20609665981,13
20609667967,9
20609668505,6
20609668785,6
20609670160,12
20609671115,8
20609671638,7
20609671671,5
20609674637,9
20609674823,5
20609675404,11
20609678047,9
20609678055,7
20609678209,6
20609678217,10
20609678322,9
20609679426,9
20609679558,5
20609681609,10
20609681749,11
20609683652,10
20609683946,12
20609684187,5
20609685345,14
20609685396,11
20609686112,9
20609686139,11
20609687038,10
20609687186,9
20609687780,10
20609687976,12
20609688000,7
20609689260,6
20609689588,5
20609691159,7
20609693534,18
20609693810,6
20609695316,7
20609695936,6
20609696258,13
20609696843,6
20609697165,7
20609698111,9
20609699290,7
20609699982,28
20609700123,9
20609700280,12
20609701081,6
20609701774,5
20609701855,11
20609702797,6
20609703017,5
20609703203,5
20609703548,8
20609704501,19
20609704951,6
20609705401,5
20609707586,20
20609709104,16
20609709341,5
20609712407,5
20609712733,5
20609712849,8
20609713209,6
20609713969,7
20609714302,6
20609715244,5
20609715384,6
20609716551,7
20609717131,12
20609717697,22
20609718561,10
20609719002,8
20609720442,7
20609720485,10
20609720710,8
20609722321,8
20609724782,8
20609724952,18
20609725207,7
20609725380,5
20609726173,5
20609726742,11
20609727099,22
20609728494,7
20609728621,10
20609730031,5
20609730898,6
20609731908,11
20609732114,5
20609732165,7
20609733536,21
20609734575,6
20609734796,6
20609735237,12
20609735962,12
20609736446,5
20609736489,6
20609736594,5
20609738295,11
20609740320,5
20609740346,6
20609740516,17
20609740796,7
20609741377,7
20609741636,10
20609741725,9
20609741733,10
20609742608,20
20609744163,6
20609744449,9
20609745003,5
20609745178,8
20609745429,5
20609745542,5
20609746697,7
20609748401,6
20609748827,9
20609752506,6
20609754312,8
20609754762,8
20609754894,7
20609756005,7
20609756447,9
20609756889,5
20609757109,5
20609757206,6
20609759381,8
20609761742,6
20609761858,19
20609762331,20
20609762463,5
20609762579,16
20609764261,8
20609765501,6
20609765951,6
20609766108,5
20609766515,6
20609768020,6
20609771403,8
20609772825,8
20609772868,7
20609772892,9
20609773104,9
20609773414,10
20609774267,10
20609776031,8
20609776286,10
20609776383,10
20609777533,8
20609777606,8
20609778017,8
20609778688,5
20609779030,7
20609779340,6
20609779978,6
20609780356,13
20609780631,18
20609781492,5
20609782189,24
20609782375,9
20609782685,21
20609782715,10
20609784254,16
20609784441,6
20609785269,8
20609785757,9
20609785994,10
20609786290,7
20609787768,20
20609787962,5
20609788144,6
20609789698,7
20609790343,12
20609790599,7
20609790700,6
20609790718,13
20609790785,20
20609793806,6
20609795361,8
20609795566,5
20609796171,10
20609796341,6
20609796716,6
20609797038,9
20609797348,11
20609797399,7
20609797488,7
20609798581,6
20609799596,5
20609802660,6
20609803861,5
20609803941,8
20609805120,7
20609805448,12
20609806312,5
20609807017,6
20609807092,5
20609807211,7
20609807815,5
20609809435,7
20609809737,5
20609812517,5
20609813157,6
20609813769,6
20609813980,9
20609814935,8
20609817233,5
20609817802,6
20609818027,7
20609818680,6
20609818906,5
20609819651,6
20609820790,5
20609821109,7
20609821583,19
20609821885,13
20609823527,12
20609824019,19
20609824191,8
20609825139,5
20609826364,6
20609826593,6
20609826810,6
20609827034,6
20609827280,6
20609827999,6
20609830086,5
20609830281,5
20609831376,6
20609831520,8
20609832399,6
20609833077,10
20609833565,5
20609835703,6
20609836297,13
20609837340,5
20609837609,5
20609837986,7
20609838907,9
20609839121,7
20609839261,5
20609839601,5
20609839717,5
20609840880,5
20609842289,6
20609842807,5
20609843501,12
20609844702,9
20609846527,20
20609847205,10
20609847361,11
20609847370,11
20609848864,9
20609850427,5
20609851431,9
20609851938,5
20609852543,8
20609852861,5
20609853001,5
20609853167,6
20609853795,5
20609853981,5
20609854074,14
20609855020,5
20609855046,19
20609856140,12
20609859319,8
20609859963,5
20609860007,9
20609860503,9
20609861216,6
20609861674,5
20609865467,8
20609866161,5
20609866366,9
20609866854,8
20609867915,18
20609869080,14
20609869683,16
20609870096,8
20609871599,6
20609875730,8
20609876370,11
20609877015,9
20609877660,9
20609878551,22
20609878836,20
20609879247,12
20609880750,7
20609881101,9
20609881233,9
20609881608,5
20609882817,5
20609883074,13
20609885026,9
20609885662,15
20609886341,19
20609886481,5
20609886791,6
20609888076,7
20609888475,16
20609889862,21
20609892162,5
20609892723,6
20609893371,12
20609893576,9
20609894475,5
20609894840,15
20609894866,10
20609895749,20
20609895757,7
20609896117,7
20609897695,5
20609898284,9
20609898411,6
20609898721,7
20609899710,8
20609900726,5
20609901480,9
20609901951,6
20609902371,5
20609903750,19
20609905507,5
20609906643,5
20609907542,9
20609907569,9
20609908964,6
20609909031,5
20609909294,7
20609910934,5
20609910969,5
20609911108,6
20609911124,5
20609912058,7
20609914794,7
20609915481,7
20609915693,6
20609916525,10
20609916924,5
20609918340,6
20609919125,7
20609920280,9
20609921081,8
20609921090,8
20609923106,16
20609923246,9
20609923602,6
20609924331,7
20609925664,5
20609927055,6
20609928281,5
20609928833,5
20609928841,9
20609930013,8
20609931095,5
20609931702,5
20609931877,8
20609932776,6
20609932971,9
20609933217,24
20609934728,9
20609936089,6
20609937042,19
20609938049,11
20609938367,11
20609939134,13
20609939495,7
20609940906,7
20609941261,7
20609943409,6
20609945568,5
20609949130,5
20609950081,7
20609951568,6
20609951584,20
20609953099,5
20609953358,5
20609953391,12
20609955334,6
20609955911,5
20609956276,7
20609957132,5
20609958660,21
20609958694,7
20609959950,6
20609961083,6
20609962101,10
20609962268,5
20609962331,18
20609962942,7
20609963621,18
20609963868,10
20609965003,6
20609968894,10
20609969823,5
20609970953,8
20609971089,12
20609971372,11
20609971461,8
20609971798,6
20609971992,5
20609972352,7
20609973901,9
20609974436,6
20609975106,7
20609975769,5
20609976650,7
20609976951,7
20609977362,12
20609979764,6
20609980258,12
20609980975,7
20609981068,14
20609981262,17
20609983281,12
20609983362,6
20609983907,5
20609984334,5
20609985217,10
20609988976,17
20609989603,12
20609989638,7
20609990032,11
20609990920,6
20609991411,5
20609991535,18
20609992736,11
20609993147,19
20609993333,5
20609993848,16
20609994437,7
20609995743,5
20609995921,16
20609996448,7
20609997223,5
20609997657,6
20609997983,10
20609998009,6
20609998335,9
20609998882,6
20609999838,5
20610000071,7
20610000356,5
20610002065,5
20610002111,5
20610002162,10
20610002375,6
20610002430,11
20610002782,5
20610003690,5
20610004581,8
20610005056,7
20610005498,18
20610005544,5
20610006737,5
20610009183,7
20610009493,5
20610009906,8
20610010173,6
20610010289,8
20610010751,6
20610011021,6
20610011609,8
20610011684,5
20610011790,5
20610013521,11
20610014225,7
20610014373,21
20610014748,9
20610015370,7
20610016066,16
20610016821,9
20610018379,9
20610018620,5
20610019979,14
20610020390,5
20610020705,7
20610021485,5
20610022295,5
20610022651,13
20610023372,10
20610024981,8
20610026495,10
20610026592,11
20610026851,6
20610026878,8
20610028048,8
20610028161,5
20610029133,6
20610029257,9
20610031359,7
20610032479,17
20610033033,21
20610034072,11
20610035541,5
20610037110,5
20610039376,9
20610040226,5
20610040668,8
20610041486,6
20610041583,6
20610041761,6
20610042644,20
20610043225,5
20610043250,21
20610043594,6
20610044418,20
20610044485,5
20610044698,10
20610045198,6
20610045881,5
20610046097,5
20610046445,5
20610046470,5
20610046992,13
20610047379,8
20610047573,8
20610048405,5
20610048685,8
20610049380,9
20610049886,16
20610049894,5
20610049941,8
20610050671,5
20610051171,10
20610051767,12
20610053697,12
20610054570,7
20610054723,8
20610055380,6
20610055631,7
20610056742,9
20610057145,6
20610058133,7
20610058648,5
20610058991,13
20610059148,8
20610059407,11
20610059784,7
20610060375,9
20610060464,13
20610061703,5
20610061754,6
20610062271,5
20610063188,5
20610063374,9
20610063781,5
20610064729,5
20610065288,9
20610065571,9
20610066292,8
20610066462,9
20610068767,27
20610073191,5
20610073914,5
20610075020,5
20610076751,9
20610076964,5
20610079777,6
20610080171,18
20610081666,5
20610081887,5
20610081992,18
20610082077,20
20610082093,5
20610082280,5
20610082468,9
20610083162,8
20610083383,5
20610084398,7
20610084509,5
20610085645,6
20610085874,10
20610085955,14
20610086251,9
20610086625,6
20610087281,7
20610087362,5
20610087851,10
20610087958,6
20610089063,6
20610089250,6
20610089764,9
20610089799,5
20610089802,19
20610091181,11
20610091611,6
20610091785,12
20610092901,8
20610092943,5
20610093001,7
20610094016,7
20610094300,6
20610095241,7
20610095292,6
20610096353,6
20610096396,5
20610096647,5
20610096817,6
20610097121,9
20610098500,7
20610098704,7
20610098798,5
20610098810,12
20610101110,10
20610101292,6
20610101764,18
20610102698,6
20610103023,16
20610104241,6
20610105000,5
20610105620,17
20610106871,15
20610107363,6
20610108122,7
20610109439,15
20610110186,16
20610110917,5
20610111760,11
20610111905,12
20610112154,9
20610112715,7
20610112766,10
20610113738,8
20610114041,20
20610114785,7
20610115234,6
20610117105,10
20610117733,20
20610117768,14
20610120076,7
20610121765,5
20610122109,6
20610122338,7
20610122354,5
20610125035,5
20610125124,8
20610125221,6
20610127950,11
20610128441,5
20610129626,7
20610130420,22
20610130853,5
20610130977,12
20610131221,7
20610133593,5
20610134549,9
20610134883,6
20610137459,11
20610138463,19
20610138986,6
20610139834,5
20610142223,14
20610142932,10
20610144226,10
20610144854,11
20610146482,5
20610147373,18
20610149074,10
20610150251,9
20610150552,7
20610150692,13
20610151575,5
20610152199,9
20610152679,5
20610153021,5
20610153047,9
20610153063,8
20610153551,18
20610155201,9
20610156089,5
20610156305,9
20610156437,10
20610156526,15
20610157689,8
20610157701,5
20610159916,8
20610159959,5
20610160159,17
20610162160,6
20610162771,7
20610162879,7
20610164391,13
20610165312,22
20610165649,11
20610165843,5
20610167927,8
20610169130,24
20610169385,19
20610169814,14
20610171550,11
20610171738,5
20610171924,6
20610172769,8
20610172858,5
20610173838,6
20610174133,7
20610175890,5
20610177361,10
20610178368,6
20610178473,6
20610180915,8
20610181288,8
20610182730,7
20610183701,17
20610184023,12
20610184325,6
20610184449,5
20610184732,8
20610185445,9
20610185925,6
20610186085,9
20610186263,8
20610187286,6
20610187731,19
20610187821,19
20610188690,5
20610189114,19
20610190104,8
20610190554,10
20610191097,5
20610191348,6
20610191364,6
20610192034,5
20610192301,7
20610193103,18
20610194606,16
20610195173,12
20610195581,9
20610196072,9
20610197401,10
20610198105,5
20610198474,12
20610199489,8
20610200916,5
20610202374,19
20610202692,12
20610203541,18
20610203761,10
20610204032,5
20610205071,5
20610205390,19
20610208551,7
20610208704,13
20610208721,5
20610209832,5
20610210539,5
20610210776,6
20610211071,9
20610211578,12
20610213619,7
20610213830,9
20610215557,5
20610216812,11
20610217932,6
20610218319,9
20610218483,5
20610219641,6
20610219986,5
20610220313,6
20610220780,5
20610220976,18
20610221620,5
20610222171,16
20610223533,8
20610223568,5
20610224335,10
20610224831,10
20610225587,21
20610225676,13
20610226311,14
20610227423,19
20610227482,10
20610228764,5
20610228845,5
20610230335,6
20610230441,11
20610230548,5
20610230734,19
20610230874,8
20610231803,8
20610231935,6
20610232087,9
20610232991,20
20610234241,19
20610234454,6
20610235051,5
20610235736,21
20610236139,6
20610237216,5
20610237780,19
20610241591,7
20610242848,6
20610244841,5
20610245120,5
20610246207,12
20610247033,5
20610247416,8
20610247807,5
20610247904,10
20610248021,7
20610248218,7
20610248927,11
20610249273,6
20610249290,10
20610251871,7
20610252240,8
20610252321,5
20610253009,5
20610253483,8
20610253521,5
20610254331,8
20610254404,9
20610255087,6
20610255958,5
20610257381,5
20610257705,8
20610258434,18
20610258957,6
20610259881,6
20610260731,18
20610262555,5
20610264001,5
20610265376,5
20610265848,6
20610269339,17
20610269754,5
20610270221,6
20610270272,9
20610270566,21
20610271546,5
20610273930,8
20610274928,6
20610274944,7
20610277617,5
20610278737,6
20610279369,20
20610279733,5
20610280227,5
20610280260,5
20610281461,6
20610281720,10
20610281771,7
20610282483,18
20610282661,17
20610282866,13
20610282980,7
20610283641,21
20610284508,7
20610284826,7
20610285083,18
20610285385,6
20610287868,5
20610288279,10
20610288350,24
20610288511,9
20610289321,19
20610289941,5
20610291806,6
20610292934,25
20610294953,16
20610296522,6
20610296557,8
20610297553,14
20610300023,6
20610301330,9
20610303189,5
20610305238,6
20610305351,10
20610306447,8
20610307818,8
20610308377,8
20610308709,6
20610310622,5
20610310894,9
20610314458,6
20610314466,15
20610314806,5
20610315462,9
20610315730,14
20610316922,17
20610316931,16
20610318186,9
20610320504,7
20610320971,8
20610322183,6
20610324640,6
20610324771,6
20610324917,6
20610325051,19
20610325123,5
20610325476,6
20610327231,6
20610327657,11
20610329021,5
20610329111,5
20610332138,6
20610332511,5
20610335595,17
20610336265,6
20610336460,5
20610337245,6
20610337326,11
20610337911,5
20610338403,18
20610338641,10
20610339078,9
20610340157,14
20610340271,5
20610340360,5
20610340432,8
20610340556,19
20610341650,7
20610342681,6
20610342966,18
20610343059,5
20610343423,12
20610344314,19
20610345370,6
20610345442,5
20610346503,9
20610346945,9
20610347798,9
20610348468,17
20610348697,5
20610349006,8
20610350594,5
20610352007,7
20610353844,5
20610354981,8
20610355391,6
20610358226,5
20610358463,6
20610358803,6
20610360905,7
20610361618,7
20610363033,5
20610364471,5
20610364749,5
20610365613,9
20610366504,8
20610367772,7
20610368931,15
20610371273,5
20610371940,7
20610372482,5
20610372849,8
20610373926,12
20610375708,11
20610376283,10
20610378219,8
20610378715,7
20610381716,7
20610383077,7
20610383891,10
20610384049,19
20610384189,5
20610384332,8
20610384499,5
20610384600,5
20610384880,7
20610384936,13
20610385118,8
20610385487,7
20610386092,5
20610386271,5
20610388664,9
20610388974,7
20610390341,17
20610390847,6
20610390855,7
20610390936,6
20610392017,20
20610392106,5
20610392238,11
20610393226,6
20610393315,5
20610393358,5
20610393757,5
20610393889,10
20610394001,19
20610394150,10
20610396471,8
20610397191,10
20610397809,7
20610398368,13
20610398708,6
20610399917,6
20610400028,11
20610400851,6
20610400958,5
20610401032,6
20610401725,10
20610401776,5
20610402349,8
20610402403,19
20610402438,19
20610404899,11
20610405348,5
20610406409,17
20610407545,6
20610407651,10
20610408461,6
20610411151,5
20610411283,5
20610411437,5
20610411771,5
20610411895,5
20610412336,8
20610412735,6
20610412964,5
20610413685,5
20610414100,8
20610414231,5
20610414452,6
20610414592,5
20610414983,15
20610415769,17
20610416650,5
20610416919,7
20610418539,7
20610418911,5
20610419501,5
20610420011,5
20610420070,7
20610421009,7
20610422536,6
20610422927,5
20610422960,11
20610423125,13
20610423834,5
20610426680,5
20610427341,20
20610428313,7
20610429191,11
20610430300,9
20610431861,10
20610432213,7
20610433759,6
20610434747,5
20610436561,11
20610436634,5
20610436855,5
20610437622,6
20610438467,5
20610438840,19
20610439536,11
20610439579,9
20610440411,11
20610442707,6
20610443134,7
20610443410,8
20610443487,8
20610444726,10
20610444882,5
20610445315,5
20610446044,5
20610446338,7
20610446699,7
20610446800,21
20610448586,21
20610449418,8
20610450939,6
20610451536,5
20610452770,7
20610453261,5
20610454144,17
20610454616,5
20610455361,6
20610455922,5
20610456082,6
20610456970,10
20610457224,8
20610457968,8
20610458123,10
20610458573,13
20610458964,7
20610459103,6
20610459464,12
20610459987,11
20610460268,8
20610463071,6
20610463135,7
20610463780,14
20610464620,8
20610465791,13
20610466983,8
20610468030,5
20610468251,6
20610469192,5
20610470875,5
20610472070,6
20610473165,10
20610474234,8
20610475427,5
20610475478,5
20610475524,7
20610476822,8
20610478507,5
20610478647,5
20610480854,6
20610481460,7
20610481672,6
20610482024,20
20610482300,9
20610482768,6
20610483918,5
20610486046,7
20610486411,7
20610486917,7
20610487042,7
20610488227,14
20610488341,7
20610489142,15
20610489622,19
20610490981,7
20610491031,9
20610491104,5
20610491406,9
20610493646,5
20610493743,5
20610494618,6
20610495657,7
20610495746,18
20610496386,6
20610499229,6
20610500936,7
20610501401,5
20610501983,5
20610503111,6
20610503137,5
20610503293,5
20610503579,9
20610505041,12
20610508856,7
20610510915,9
20610511474,6
20610511539,8
20610512098,15
20610513531,5
20610514201,23
20610515178,7
20610515593,6
20610517201,5
20610518461,6
20610520899,11
20610522034,5
20610523171,7
20610523421,6
20610523910,16
20610524533,14
20610525432,5
20610525467,5
20610525939,10
20610526234,5
20610526323,5
20610526447,7
20610527681,21
20610527711,14
20610527753,8
20610530177,8
20610531076,5
20610531491,17
20610532595,7
20610532919,17
20610534067,8
20610536698,7
20610537392,5
20610539077,6
20610539093,6
20610539140,7
20610539603,7
20610540555,5
20610541888,8
20610543694,6
20610544771,6
20610545336,6
20610546375,5
20610546910,5
20610547096,5
20610547452,11
20610548076,17
20610550992,5
20610551221,5
20610552308,6
20610552405,22
20610553045,5
20610553118,6
20610553819,6
20610555897,5
20610556770,7
20610558446,6
20610558705,5
20610559337,14
20610559345,7
20610559477,19
20610560891,5
20610563598,6
20610564551,6
20610564632,5
20610565418,8
20610565451,5
20610565612,6
20610566023,9
20610567909,9
20610567992,7
20610570454,5
20610570535,6
20610570900,5
20610571612,6
20610573313,10
20610573411,7
20610573585,7
20610573836,5
20610574841,8
20610575880,21
20610576711,5
20610577921,5
20610577963,7
20610579443,13
20610579907,8
20610580093,17
20610580182,14
20610583726,6
20610585338,5
20610586091,7
20610586385,10
20610587713,5
20610588698,7
20610589503,7
20610590684,6
20610592008,6
20610595201,9
20610596046,8
20610598243,5
20610599444,5
20610602232,13
20610602577,8
20610603344,6
20610603662,6
20610604120,5
20610604421,5
20610605525,7
20610606769,15
20610609687,5
20610610014,5
20610610260,9
20610611037,5
20610612734,11
20610613609,8
20610615130,5
20610615539,9
20610616519,8
20610618988,5
20610619291,6
20610619844,11
20610619984,6
20610620516,5
20610621351,7
20610622411,5
20610623370,11
20610623787,7
20610624601,6
20610625828,11
20610627961,6
20610628495,11
20610628703,14
20610630741,6
20610631828,7
20610633049,8
20610633235,6
20610633677,16
20610634789,14
20610639209,7
20610639764,5
20610641882,15
20610641955,5
20610642684,13
20610644148,6
20610644491,6
20610645551,5
20610647210,5
20610651012,7
20610651217,5
20610651900,5
20610651942,6
20610652191,9
20610652442,17
20610653368,10
20610654046,6
20610658718,11
20610659021,11
20610663100,9
20610663541,7
20610664220,8
20610665471,6
20610666320,7
20610667041,5
20610669116,8
20610669671,10
20610671722,18
20610671943,7
20610672087,6
20610672931,6
20610673326,19
20610674691,10
20610675141,18
20610675213,10
20610676813,8
20610676864,22
20610677208,9
20610678450,11
20610679189,7
20610679804,7
20610680845,6
20610683003,13
20610683933,5
20610684018,5
20610684867,5
20610685642,17
20610687114,5
20610687718,11
20610687769,10
20610688251,6
20610688471,7
20610689672,9
20610690018,9
20610691936,9
20610693742,6
20610694421,9
20610694579,5
20610695338,15
20610696334,8
20610696989,8
20610697811,8
20610698264,6
20610699023,7
20610699660,5
20610699856,5
20610700901,11
20610701362,5
20610702393,9
20610702423,7
20610702547,11
20610702920,6
20610704566,20
20610706437,5
20610706607,19
20610706615,5
20610708243,8
20610708561,5
20610710248,8
20610717374,5
20610717463,16
20610718311,5
20610720529,19
20610720910,6
20610723722,8
20610724010,8
20610724681,6
20610724958,7
20610726161,8
20610726322,5
20610726811,6
20610727795,7
20610730320,6
20610732004,6
20610732322,6
20610732829,5
20610732985,10
20610734082,6
20610738037,13
20610741747,6
20610743464,9
20610743723,23
20610744177,19
20610744541,9
20610745319,11
20610748687,7
20610750193,9
20610751017,11
20610751726,18
20610754296,5
20610755641,5
20610756345,10
20610756566,22
20610756680,5
20610758321,11
20610758691,19
20610758933,5
20610758950,5
20610759581,14
20610760334,8
20610760873,5
20610760989,8
20610762191,11
20610763147,5
20610763261,5
20610763872,6
20610764755,5
20610765395,5
20610766928,7
20610767738,6
20610768441,10
20610769404,8
20610769552,8
20610769978,8
20610771182,5
20610773274,14
20610773711,6
20610776010,5
20610777067,5
20610779205,7
20610779248,9
20610781111,17
20610781153,14
20610782168,16
20610782605,5
20610783261,19
20610784128,17
20610784314,7
20610785116,21
20610786546,7
20610788409,9
20610788514,5
20610789324,6
20610789367,7
20610791353,6
20610791426,23
20610792180,5
20610792881,9
20610793089,5
20610795111,5
20610795235,8
20610796681,8
20610797611,11
20610797980,7
20610798412,7
20610798803,5
20610798854,12
20610799869,7
20610801359,6
20610803629,8
20610806181,5
20610806814,9
20610813292,7
20610813578,7
20610814078,5
20610817336,6
20610817981,6
20610821554,6
20610822356,6
20610822909,21
20610825312,6
20610825339,8
20610826122,7
20610826858,10
20610828991,19
20610829369,5
20610829555,6
20610832343,5
20610832653,8
20610832742,21
20610833668,8
20610835571,10
20610835580,7
20610836187,9
20610836641,6
20610836691,14
20610836802,16
20610836811,5
20610838163,5
20610839186,6
20610840966,7
20610844538,6
20610844627,5
20610845623,7
20610846417,5
20610848347,6
20610848568,5
20610850007,6
20610850830,7
20610850929,6
20610851453,10
20610852743,18
20610854673,6
20610855912,11
20610857338,17
20610857443,10
20610861009,5
20610862838,7
20610867651,10
20610869077,5
20610871284,5
20610871322,7
20610871632,6
20610871993,7
20610874712,11
20610876600,5
20610878530,8
20610879820,6
20610879943,10
20610881212,6
20610881603,5
20610882499,6
20610882677,9
20610883495,6
20610883835,19
20610883886,5
20610885480,10
20610886681,5
20610888098,12
20610892940,5
20610894781,5
20610897992,5
20610898158,6
20610898565,6
20610900136,5
20610900756,8
20610901540,8
20610901647,7
20610903429,9
20610903879,9
20610904611,5
20610904778,8
20610906371,8
20610908676,17
20610908684,9
20610911090,16
20610912550,5
20610913297,10
20610913441,8
20610914641,6
20610917527,6
20610919015,5
20610919171,5
20610919554,5
20610920005,5
20610920099,8
20610922661,7
20610924981,5
20610925589,7
20610926160,5
20610927328,6
20610927379,7
20610927557,6
20610930981,6
20610932160,6
20610932992,6
20610936467,8
20610941029,6
20610941657,7
20610945318,7
20610945369,14
20610945423,5
20610947566,7
20610950915,8
20610951113,5
20610952098,6
20610952306,11
20610955429,6
20610955810,7
20610956646,18
20610958231,6
20610958924,9
20610959475,6
20610959564,6
20610959912,15
20610962344,6
20610962883,6
20610965840,7
20610966986,6
20610969942,7
20610970789,20
20610972307,5
20610973150,5
20610973281,9
20610974202,5
20610976230,10
20610977261,5
20610979689,8
20610980351,14
20610980881,5
20610982892,5
20610985239,5
20610987622,7
20610991581,5
20610991964,19
20610992782,5
20610994629,14
20610996389,15
20610996494,10
20610997156,5
20610997351,10
20610998462,6
20610998608,23
20611001097,8
20611002417,7
20611002981,5
20611003103,16
20611003111,5
20611004894,6
20611005106,12
20611007362,5
20611008261,7
20611009306,6
20611009721,6
20611014334,7
20611015012,18
20611016990,7
20611018615,6
20611019921,15
20611021420,5
20611022094,5
20611022795,5
20611023155,14
20611023287,16
20611023813,7
20611023864,6
20611024666,5
20611030151,6
20611030861,7
20611031263,5
20611032057,5
20611032073,5
20611032537,14
20611032715,5
20611033037,9
20611036702,7
20611038306,5
20611038713,8
20611040092,14
20611040840,7
20611041170,6
20611041790,7
20611046198,10
20611046708,5
20611047615,18
20611048735,7
20611049693,5
20611050187,7
20611051621,6
20611053194,7
20611053526,16
20611055944,10
20611056380,6
20611057301,6
20611058064,5
20611060051,6
20611061430,5
20611061618,7
20611061642,10
20611065010,16
20611065419,6
20611065923,5
20611066369,5
20611066768,7
20611068183,7
20611068442,10
20611070196,6
20611070463,8
20611070714,17
20611071788,7
20611072067,9
20611072491,6
20611074515,8
20611075791,6
20611077255,5
20611078197,14
20611078693,5
20611081376,6
20611082801,6
20611083000,5
20611083492,6
20611083557,5
20611083719,7
20611091533,15
20611093528,8
20611093587,11
20611094061,22
20611095580,8
20611096411,7
20611097558,5
20611097612,5
20611102021,8
20611103213,12
20611103507,13
20611105461,7
20611108088,5
20611109041,11
20611111402,6
20611111976,5
20611112514,5
20611112646,8
20611112921,8
20611113031,9
20611113081,12
20611114037,6
20611114428,9
20611117389,7
20611117401,5
20611118881,5
20611119471,7
20611123729,12
20611124237,6
20611125250,7
20611125853,20
20611126264,11
20611126515,17
20611127023,15
20611128135,5
20611129026,7
20611129921,7
20611130504,6
20611130661,6
20611131675,11
20611132701,14
20611133449,6
20611133724,7
20611135522,10
20611135921,6
20611136987,7
20611137088,6
20611137355,8
20611138688,5
20611139561,5
20611141085,6
20611141751,8
20611142898,6
20611143894,8
20611145196,9
20611148781,14
20611150084,5
20611150190,5
20611150921,7
20611152940,5
20611153865,13
20611154128,6
20611158328,6
20611158964,11
20611160926,5
20611161353,6
20611163330,5
20611164115,22
20611164212,15
20611165073,9
20611166738,6
20611169265,6
20611170514,7
20611172266,6
20611172525,5
20611172703,6
20611172827,7
20611172975,5
20611173327,6
20611175231,9
20611176237,5
20611176644,6
20611177993,14
20611178710,9
20611180366,8
20611181389,5
20611182075,10
20611182555,7
20611183985,15
20611184183,5
20611184736,8
20611185325,7
20611187701,6
20611188995,9
20611189380,6
20611189827,5
20611190949,9
20611191058,6
20611192569,6
20611197111,15
20611197293,8
20611197579,5
20611203803,8
20611204818,5
20611206195,18
20611207345,6
20611207728,5
20611211024,6
20611215127,11
20611215852,5
20611221593,6
20611225645,7
20611229209,5
20611230193,6
20611230932,6
20611231319,8
20611231653,6
20611235233,15
20611238313,5
20611240512,9
20611241047,16
20611242469,6
20611244763,9
20611245301,13
20611246812,5
20611247142,8
20611247452,7
20611247584,6
20611247827,6
20611247835,6
20611247908,5
20611248840,6
20611252227,6
20611253444,19
20611253738,8
20611256036,17
20611257415,6
20611257857,6
20611258292,10
20611258667,7
20611260831,6
20611264845,17
20611265485,5
20611265574,6
20611267593,7
20611267674,5
20611268964,8
20611269723,7
20611269740,8
20611270462,10
20611272961,8
20611276878,11
20611278862,13
20611279338,6
20611279818,5
20611279966,6
20611282231,16
20611283734,5
20611283840,5
20611284854,13
20611286105,6
20611286393,5
20611288931,5
20611289368,15
20611291150,6
20611292181,5
20611292717,12
20611292865,5
20611293039,5
20611294515,8
20611295236,6
20611298537,6
20611298545,5
20611302712,5
20611305878,12
20611306939,6
20611307382,7
20611308567,5
20611309610,6
20611310162,5
20611314877,5
20611316284,7
20611321351,8
20611322641,6
20611323515,5
20611323540,5
20611328941,8
20611333898,6
20611335441,8
20611335637,5
20611336561,19
20611337745,6
20611338342,7
20611340789,6
20611342455,15
20611343028,7
20611344032,5
20611346728,5
20611346965,10
20611347716,5
20611352256,5
20611352281,5
20611360259,16
20611361026,5
20611361433,7
20611361662,5
20611363002,7
20611363622,5
20611364602,6
20611366095,7
20611366346,7
20611366435,20
20611367083,5
20611367423,5
20611367539,18
20611367580,5
20611368888,12
20611370190,9
20611373164,8
20611373661,5
20611374349,5
20611374357,18
20611374772,10
20611377976,5
20611378484,5
20611379014,5
20611382724,7
20611383992,10
20611385588,5
20611390000,19
20611391715,5
20611391961,8
20611393238,9
20611394315,9
20611394790,20
20611397772,13
20611399856,10
20611403900,5
20611406208,19
20611406607,5
20611409061,9
20611409665,9
20611410256,20
20611411686,5
20611412241,5
20611412496,18
20611416254,10
20611417749,11
20611418605,7
20611419326,12
20611419989,12
20611420022,11
20611421665,15
20611421843,5
20611423471,5
20611423897,5
20611424541,19
20611427213,12
20611427931,5
20611428627,5
20611429241,6
20611430028,17
20611434627,5
20611436697,5
20611438568,6
20611439441,5
20611440716,6
20611444312,6
20611444941,9
20611445611,10
20611446234,5
20611450282,5
20611450339,8
20611451700,12
20611452676,6
20611454369,8
20611456027,14
20611456337,8
20611457503,5
20611458682,6
20611460083,8
20611460873,7
20611467789,7
20611468700,13
20611470470,6
20611471956,9
20611477831,5
20611484853,22
20611486473,5
20611486929,8
20611487356,8
20611487721,5
20611487976,5
20611489774,10
20611491302,9
20611495812,5
20611502061,21
20611503548,8
20611503785,5
20611506431,6
20611511095,8
20611511133,6
20611513551,12
20611514892,6
20611515791,14
20611518235,10
20611519061,8
20611522267,7
20611523352,10
20611526505,11
20611526807,6
20611527528,5
20611527889,12
20611535458,5
20611536268,8
20611538481,7
20611539879,6
20611541377,19
20611541539,15
20611541555,13
20611542691,5
20611547430,10
20611550643,6
20611550724,7
20611551950,5
20611559314,5
20611564105,11
20611566582,5
20611566965,15
20611569000,13
20611570377,6
20611571098,18
20611571373,6
20611571799,5
20611571853,7
20611575891,5
20611578581,14
20611581816,17
20611584068,6
20611585889,7
20611586559,6
20611594349,8
20611596155,12
20611599308,5
20611600861,9
20611602171,7
20611603071,6
20611605499,8
20611606355,6
20611606614,9
20611608561,6
20611609435,10
20611611189,11
20611612037,6
20611612941,7
20611613041,19
20611614439,10
20611615656,14
20611616385,5
20611617951,18
20611618833,7
20611619465,9
20611619481,6
20611621133,7
20611621621,5
20611623951,5
20611624761,16
20611625333,12
20611625660,5
20611626411,5
20611626518,5
20611626593,5
20611627638,6
20611629428,6
20611630370,6
20611631899,20
20611632828,5
20611639326,16
20611642301,5
20611643714,9
20611644524,5
20611645679,11
20611648210,15
20611648325,6
20611652560,11
20611653361,17
20611653388,7
20611655101,5
20611657006,5
20611657081,10
20611660732,17
20611663154,5
20611663278,5
20611663677,5
20611667907,6
20611669888,9
20611671122,16
20611672021,9
20611672277,5
20611673168,9
20611673435,14
20611674857,8
20611676051,6
20611677066,14
20611681144,9
20611681501,17
20611683422,6
20611684364,5
20611687894,5
20611688734,17
20611689463,7
20611691646,10
20611694327,6
20611694564,8
20611695013,9
20611697521,17
20611697598,8
20611698756,9
20611699159,7
20611702001,6
20611705311,8
20611705418,6
20611706996,5
20611709138,15
20611710985,12
20611713003,5
20611718641,5
20611720425,8
20611721651,5
20611721812,7
20611726377,5
20611727721,15
20611728159,6
20611730226,5
20611730595,18
20611731176,8
20611735252,13
20611736054,9
20611737964,8
20611740442,7
20611741431,7
20611746513,8
20611747960,25
20611748800,11
20611749792,12
20611754737,11
20611757523,5
20611763434,5
20611763787,7
20611767804,17
20611767863,6
20611768037,15
20611771925,5
20611771941,5
20611772271,7
20611774819,10
20611776030,8
20611776951,6
20611778091,9
20611778695,15
20611780797,7
20611783494,7
20611786922,6
20611787040,7
20611793937,5
20611799633,5
20611800933,7
20611801107,6
20611802219,8
20611802561,10
20611803495,5
20611807083,6
20611809680,5
20611815337,10
20611816198,10
20611821680,5
20611825324,6
20611825634,5
20611831669,6
20611833181,6
20611834269,9
20611834315,6
20611834480,14
20611834951,7
20611835711,6
20611836717,6
20611839791,8
20611843225,6
20611844469,6
20611844671,6
20611846445,25
20611846836,5
20611847026,5
20611850175,8
20611851503,6
20611852933,5
20611854821,5
20611855410,13
20611860049,5
20611860243,5
20611862343,6
20611864265,5
20611868465,10
20611869399,11
20611870907,6
20611871806,7
20611871989,7
20611874597,6
20611875631,6
20611876972,5
20611877308,6
20611878711,12
20611881887,11
20611882174,20
20611883081,7
20611884151,8
20611885891,7
20611888407,7
20611892579,8
20611893699,10
20611894547,6
20611895187,6
20611895209,8
20611896035,17
20611896191,5
20611896442,7
20611896639,5
20611896752,12
20611898577,5
20611901730,6
20611903147,8
20611904739,5
20611910127,6
20611910852,6
20611912006,6
20611913983,14
20611915722,10
20611917202,5
20611917342,6
20611919523,19
20611920882,7
20611923296,6
20611924837,5
20611927437,5
20611927534,5
20611935201,6
20611935227,15
20611946458,9
20611949520,8
20611952121,6
20611954981,8
20611955546,6
20611957476,11
20611958308,15
20611961180,7
20611966165,8
20611966238,5
20611968486,5
20611970561,5
20611971436,5
20611977027,6
20611977353,5
20611977876,6
20611978058,7
20611979674,6
20611979909,6
20611982454,5
20611983302,7
20611984368,5
20611984511,8
20611985151,5
20611986042,10
20611987839,5
20611989106,7
20611990635,5
20611991852,6
20611994894,5
20611995149,10
20611996285,11
20611999268,5
20612000957,8
20612003093,18
20612003344,16
20612004103,16
20612006343,7
20612006441,7
20612011151,6
20612011321,7
20612014184,5
20612018848,5
20612019291,6
20612022268,13
20612022497,8
20612022705,5
20612024929,8
20612029670,17
20612029769,5
20612030651,6
20612031518,5
20612031542,5
20612032956,6
20612034886,5
20612035254,17
20612037133,7
20612039551,16
20612041408,5
20612042226,17
20612042854,15
20612045900,5
20612046680,5
20612047929,5
20612051331,6
20612053261,9
20612054054,14
20612058661,17
20612061760,7
20612065536,10
20612065668,14
20612067644,17
20612068675,5
20612069248,6
20612070432,12
20612071251,6
20612072869,8
20612075264,5
20612075701,5
20612076180,18
20612088889,14
20612090581,13
20612091928,6
20612095931,16
20612100455,11
20612100510,9
20612101320,15
20612102822,5
20612103578,6
20612105716,11
20612111732,5
20612119661,7
20612120961,5
20612126047,5
20612126519,6
20612128210,17
20612129470,10
20612129801,5
20612133493,6
20612140902,7
20612146668,7
20612152471,14
20612153311,7
20612153761,7
20612157074,5
20612161365,10
20612162485,6
20612172367,7
20612176389,9
20612182095,18
20612183709,17
20612188441,15
20612189987,9
20612192228,5
20612195197,16
20612200735,9
20612204030,16
20612206172,11
20612208621,16
20612209643,9
20612211371,15
20612215341,14
20612215899,7
20612216674,15
20612232033,17
20612232203,10
20612233897,9
20612234605,9
20612235997,6
20612240141,15
20612241032,16
20612241253,9
20612242101,11
20612243426,9
20612247391,5
20612251836,6
20612256412,9
20612259021,11
20612261289,6
20612265829,13
20612266264,11
20612272159,7
20612277517,13
20612279455,11
20612281590,5
20612284289,7
20612285145,5
20612285919,8
20612290769,8
20612300489,7
20612301205,5
20612303755,5
20612306398,5
20612306959,9
20612309231,11
20612309788,5
20612316474,6
20612317152,11
20612317578,8
20612319627,6
20612326879,5
20612331856,7
20612338311,12
20612338478,7
20612339148,9
20612346349,9
20612353621,6
20612354228,5
20612355968,9
20612364061,9
20612372315,12
20612379026,7
20612380369,6
20612388181,5
20612388513,5
20612390844,8
20612393380,7
20612395340,5
20612408085,7
20612409545,15
20612413976,5
20612419451,6
20612419541,16
20612424412,16
20612428795,14
20612429546,6
20612432504,13
20612433535,12
20612437981,15
20612441198,10
20612444111,8
20612449202,18
20612449750,5
20612457035,15
20612459241,8
20612459810,12
20612467812,5
20612478091,5
20612478849,11
20612491021,5
20612491039,5
20612505021,6
20612516465,7
20612518051,6
20612518093,15
20612518417,5
20612521370,5
20612535729,8
20612536474,14
20612536628,7
20612541630,7
20612544370,10
20612544728,6
20612544914,7
20612546909,11
20612546968,10
20612547336,11
20612547948,14
20612550647,15
20612552640,5
20612558095,10
20612561070,17
20612574970,5
20612578134,6
20612579670,15
20612579751,9
20612587320,5
20612606481,17
20612612235,12
20612615641,9
20612618497,5
20612630551,18
20612641251,5
20612641286,13
20612644536,9
20612647144,5
20612649911,9
20612653691,6
20612655856,6
20612675849,6
20612675857,5
20612678589,10
20612680125,9
20612683981,16
20612692972,5
20612694479,5
20612696048,15
20612699462,17
20612709824,5
20612719145,9
20612720950,8
20612731404,12
20612731773,9
20612735183,7
20612748676,5
20612758205,9
20612762032,6
20612772062,10
20612775991,13
20612776394,5
20612780812,17
20612786331,10
20612786713,15
20612787655,8
20612791741,7
20612798851,5
20612801828,8
20612810177,5
20612820105,17
20612820288,7
20612823244,15
20612829731,7
20612834220,5
20612838454,13
20612842257,8
20612845370,5
20612855219,8
20612864382,14
20612864501,8
20612868256,6
20612871214,5
20612872342,10
20612875627,11
20612879959,7
20612885959,15
20612887234,5
20612898341,12
20612903701,16
20612903884,5
20612904040,5
20612913766,8
20612915157,7
20612919217,12
20612926230,7
20612945919,15
20612946133,9
20612963097,14
20612967980,9
20612976571,5
20612988774,5
20612990680,9
20613007874,10
20613010310,7
20613013394,9
20613031163,7
20613038346,7
20613049721,5
20613068237,7
20613085778,5
20613086456,6
20613095081,5
20613095315,10
20613097890,12
20613098209,9
20613105019,5
20613112651,9
20613117190,14
20613121375,6
20613141139,15
20613149610,9
20613172221,6
20613176617,6
20613202502,6
20613212036,5
20613221981,5
20613222198,5
20613230638,5
20613233807,5
20613237101,8
20613268481,9
20613271865,10
20613278215,8
20613349813,5
20613357336,8
20613381776,8
20613390996,11
20613395483,5
20613400860,8
20613409336,5
20613413201,6
20613431277,6
20613434314,8
20613441531,10
20613445910,9
20613465287,9
20613470451,8
20613488619,9
20613494619,5
20613509438,12
20613510924,8
20613516124,6
20613516981,6
20613536923,5
20613568124,9
20613575783,11
20613601598,6
20613615165,5
20613622277,9
20613626663,7
20613631764,9
20613638637,5
20613663143,6
20613682440,10
20613772066,5
20613782592,8
20613809539,5
20613809865,8
20613859013,9
20613873962,6
20613874675,7
20613890816,7
20613894919,8
20613906020,7
20613907913,5
20613947206,5
20613947982,6
20613969617,5
20613974661,5
20614043661,5
20614052181,5
20614058642,6
20614099543,5
20614163667,5
20614194503,5
20614195038,10
20614227070,6
20614232278,5
20614280451,5
20614317818,5
20614324288,5
20614337932,5
20614370573,5
20614377985,5
20614388693,5
20614433109,5
20614444615,5
20614497808,6
20614510839,5
20614521211,5
20614557673,5
20614591961,6
20614663627,6
20614697769,5
20614860147,5
20614861071,5
20614896397,6
20615027970,5
20615126579,5
20615300307,5
